[0.236s] DEBUG:colcon:Command line arguments: ['/usr/bin/colcon', 'build', '--cmake-args', '-DROS_EDITION=ROS2']
[0.236s] DEBUG:colcon:Parsed command line arguments: Namespace(allow_overriding=[], ament_cmake_args=None, base_paths=['.'], build_base='build', catkin_cmake_args=None, catkin_skip_building_tests=False, cmake_args=['-DROS_EDITION=ROS2'], cmake_clean_cache=False, cmake_clean_first=False, cmake_force_configure=False, cmake_target=None, cmake_target_skip_unavailable=False, continue_on_error=False, event_handlers=None, executor='parallel', ignore_user_meta=False, install_base='install', log_base=None, log_level=None, main=<bound method BuildVerb.main of <colcon_core.verb.build.BuildVerb object at 0x7fb81bdf5520>>, merge_install=False, metas=['./colcon.meta'], packages_above=None, packages_above_and_dependencies=None, packages_above_depth=None, packages_end=None, packages_ignore=None, packages_ignore_regex=None, packages_select=None, packages_select_build_failed=False, packages_select_by_dep=None, packages_select_regex=None, packages_select_test_failures=False, packages_skip=None, packages_skip_build_finished=False, packages_skip_by_dep=None, packages_skip_regex=None, packages_skip_test_passed=False, packages_skip_up_to=None, packages_start=None, packages_up_to=None, packages_up_to_regex=None, parallel_workers=8, paths=None, symlink_install=False, test_result_base=None, verb_extension=<colcon_core.verb.build.BuildVerb object at 0x7fb81bdf5520>, verb_name='build', verb_parser=<colcon_defaults.argument_parser.defaults.DefaultArgumentsDecorator object at 0x7fb81bdf5a30>)
[0.426s] Level 1:colcon.colcon_core.package_discovery:discover_packages(colcon_meta) check parameters
[0.426s] Level 1:colcon.colcon_core.package_discovery:discover_packages(recursive) check parameters
[0.426s] Level 1:colcon.colcon_core.package_discovery:discover_packages(ignore) check parameters
[0.426s] Level 1:colcon.colcon_core.package_discovery:discover_packages(path) check parameters
[0.426s] Level 1:colcon.colcon_core.package_discovery:discover_packages(colcon_meta) discover
[0.426s] Level 1:colcon.colcon_core.package_discovery:discover_packages(recursive) discover
[0.426s] INFO:colcon.colcon_core.package_discovery:Crawling recursively for packages in '/home/alireza/thesis1/navigation_go2/go2_ws'
[0.426s] Level 1:colcon.colcon_core.package_identification:_identify(.) by extensions ['ignore', 'ignore_ament_install']
[0.426s] Level 1:colcon.colcon_core.package_identification:_identify(.) by extension 'ignore'
[0.427s] Level 1:colcon.colcon_core.package_identification:_identify(.) by extension 'ignore_ament_install'
[0.427s] Level 1:colcon.colcon_core.package_identification:_identify(.) by extensions ['colcon_pkg']
[0.427s] Level 1:colcon.colcon_core.package_identification:_identify(.) by extension 'colcon_pkg'
[0.427s] Level 1:colcon.colcon_core.package_identification:_identify(.) by extensions ['colcon_meta']
[0.427s] Level 1:colcon.colcon_core.package_identification:_identify(.) by extension 'colcon_meta'
[0.427s] Level 1:colcon.colcon_core.package_identification:_identify(.) by extensions ['ros']
[0.427s] Level 1:colcon.colcon_core.package_identification:_identify(.) by extension 'ros'
[0.441s] Level 1:colcon.colcon_core.package_identification:_identify(.) by extensions ['cmake', 'python']
[0.441s] Level 1:colcon.colcon_core.package_identification:_identify(.) by extension 'cmake'
[0.441s] Level 1:colcon.colcon_core.package_identification:_identify(.) by extension 'python'
[0.441s] Level 1:colcon.colcon_core.package_identification:_identify(.) by extensions ['python_setup_py']
[0.441s] Level 1:colcon.colcon_core.package_identification:_identify(.) by extension 'python_setup_py'
[0.441s] Level 1:colcon.colcon_core.package_identification:_identify(build) by extensions ['ignore', 'ignore_ament_install']
[0.441s] Level 1:colcon.colcon_core.package_identification:_identify(build) by extension 'ignore'
[0.442s] Level 1:colcon.colcon_core.package_identification:_identify(build) ignored
[0.442s] Level 1:colcon.colcon_core.package_identification:_identify(install) by extensions ['ignore', 'ignore_ament_install']
[0.442s] Level 1:colcon.colcon_core.package_identification:_identify(install) by extension 'ignore'
[0.442s] Level 1:colcon.colcon_core.package_identification:_identify(install) ignored
[0.442s] Level 1:colcon.colcon_core.package_identification:_identify(log) by extensions ['ignore', 'ignore_ament_install']
[0.442s] Level 1:colcon.colcon_core.package_identification:_identify(log) by extension 'ignore'
[0.442s] Level 1:colcon.colcon_core.package_identification:_identify(log) ignored
[0.442s] Level 1:colcon.colcon_core.package_identification:_identify(src) by extensions ['ignore', 'ignore_ament_install']
[0.442s] Level 1:colcon.colcon_core.package_identification:_identify(src) by extension 'ignore'
[0.442s] Level 1:colcon.colcon_core.package_identification:_identify(src) by extension 'ignore_ament_install'
[0.442s] Level 1:colcon.colcon_core.package_identification:_identify(src) by extensions ['colcon_pkg']
[0.442s] Level 1:colcon.colcon_core.package_identification:_identify(src) by extension 'colcon_pkg'
[0.443s] Level 1:colcon.colcon_core.package_identification:_identify(src) by extensions ['colcon_meta']
[0.443s] Level 1:colcon.colcon_core.package_identification:_identify(src) by extension 'colcon_meta'
[0.443s] Level 1:colcon.colcon_core.package_identification:_identify(src) by extensions ['ros']
[0.443s] Level 1:colcon.colcon_core.package_identification:_identify(src) by extension 'ros'
[0.443s] Level 1:colcon.colcon_core.package_identification:_identify(src) by extensions ['cmake', 'python']
[0.443s] Level 1:colcon.colcon_core.package_identification:_identify(src) by extension 'cmake'
[0.443s] Level 1:colcon.colcon_core.package_identification:_identify(src) by extension 'python'
[0.443s] Level 1:colcon.colcon_core.package_identification:_identify(src) by extensions ['python_setup_py']
[0.443s] Level 1:colcon.colcon_core.package_identification:_identify(src) by extension 'python_setup_py'
[0.443s] Level 1:colcon.colcon_core.package_identification:_identify(src/go2_description) by extensions ['ignore', 'ignore_ament_install']
[0.443s] Level 1:colcon.colcon_core.package_identification:_identify(src/go2_description) by extension 'ignore'
[0.443s] Level 1:colcon.colcon_core.package_identification:_identify(src/go2_description) by extension 'ignore_ament_install'
[0.443s] Level 1:colcon.colcon_core.package_identification:_identify(src/go2_description) by extensions ['colcon_pkg']
[0.443s] Level 1:colcon.colcon_core.package_identification:_identify(src/go2_description) by extension 'colcon_pkg'
[0.443s] Level 1:colcon.colcon_core.package_identification:_identify(src/go2_description) by extensions ['colcon_meta']
[0.443s] Level 1:colcon.colcon_core.package_identification:_identify(src/go2_description) by extension 'colcon_meta'
[0.443s] Level 1:colcon.colcon_core.package_identification:_identify(src/go2_description) by extensions ['ros']
[0.444s] Level 1:colcon.colcon_core.package_identification:_identify(src/go2_description) by extension 'ros'
[0.447s] DEBUG:colcon.colcon_core.package_identification:Package 'src/go2_description' with type 'ros.ament_cmake' and name 'go2_description'
[0.447s] Level 1:colcon.colcon_core.package_identification:_identify(src/go2_gazebo) by extensions ['ignore', 'ignore_ament_install']
[0.447s] Level 1:colcon.colcon_core.package_identification:_identify(src/go2_gazebo) by extension 'ignore'
[0.447s] Level 1:colcon.colcon_core.package_identification:_identify(src/go2_gazebo) by extension 'ignore_ament_install'
[0.447s] Level 1:colcon.colcon_core.package_identification:_identify(src/go2_gazebo) by extensions ['colcon_pkg']
[0.447s] Level 1:colcon.colcon_core.package_identification:_identify(src/go2_gazebo) by extension 'colcon_pkg'
[0.447s] Level 1:colcon.colcon_core.package_identification:_identify(src/go2_gazebo) by extensions ['colcon_meta']
[0.447s] Level 1:colcon.colcon_core.package_identification:_identify(src/go2_gazebo) by extension 'colcon_meta'
[0.447s] Level 1:colcon.colcon_core.package_identification:_identify(src/go2_gazebo) by extensions ['ros']
[0.447s] Level 1:colcon.colcon_core.package_identification:_identify(src/go2_gazebo) by extension 'ros'
[0.448s] DEBUG:colcon.colcon_core.package_identification:Package 'src/go2_gazebo' with type 'ros.ament_cmake' and name 'go2_gazebo'
[0.448s] Level 1:colcon.colcon_core.package_identification:_identify(src/go2_real) by extensions ['ignore', 'ignore_ament_install']
[0.448s] Level 1:colcon.colcon_core.package_identification:_identify(src/go2_real) by extension 'ignore'
[0.448s] Level 1:colcon.colcon_core.package_identification:_identify(src/go2_real) by extension 'ignore_ament_install'
[0.448s] Level 1:colcon.colcon_core.package_identification:_identify(src/go2_real) by extensions ['colcon_pkg']
[0.448s] Level 1:colcon.colcon_core.package_identification:_identify(src/go2_real) by extension 'colcon_pkg'
[0.448s] Level 1:colcon.colcon_core.package_identification:_identify(src/go2_real) by extensions ['colcon_meta']
[0.448s] Level 1:colcon.colcon_core.package_identification:_identify(src/go2_real) by extension 'colcon_meta'
[0.448s] Level 1:colcon.colcon_core.package_identification:_identify(src/go2_real) by extensions ['ros']
[0.448s] Level 1:colcon.colcon_core.package_identification:_identify(src/go2_real) by extension 'ros'
[0.449s] DEBUG:colcon.colcon_core.package_identification:Package 'src/go2_real' with type 'ros.ament_cmake' and name 'go2_real'
[0.449s] Level 1:colcon.colcon_core.package_identification:_identify(src/livox_ros_driver2) by extensions ['ignore', 'ignore_ament_install']
[0.449s] Level 1:colcon.colcon_core.package_identification:_identify(src/livox_ros_driver2) by extension 'ignore'
[0.449s] Level 1:colcon.colcon_core.package_identification:_identify(src/livox_ros_driver2) by extension 'ignore_ament_install'
[0.450s] Level 1:colcon.colcon_core.package_identification:_identify(src/livox_ros_driver2) by extensions ['colcon_pkg']
[0.450s] Level 1:colcon.colcon_core.package_identification:_identify(src/livox_ros_driver2) by extension 'colcon_pkg'
[0.450s] Level 1:colcon.colcon_core.package_identification:_identify(src/livox_ros_driver2) by extensions ['colcon_meta']
[0.450s] Level 1:colcon.colcon_core.package_identification:_identify(src/livox_ros_driver2) by extension 'colcon_meta'
[0.450s] Level 1:colcon.colcon_core.package_identification:_identify(src/livox_ros_driver2) by extensions ['ros']
[0.450s] Level 1:colcon.colcon_core.package_identification:_identify(src/livox_ros_driver2) by extension 'ros'
[0.451s] DEBUG:colcon.colcon_core.package_identification:Package 'src/livox_ros_driver2' with type 'ros.ament_cmake' and name 'livox_ros_driver2'
[0.451s] Level 1:colcon.colcon_core.package_identification:_identify(src/pointcloud_to_laserscan) by extensions ['ignore', 'ignore_ament_install']
[0.452s] Level 1:colcon.colcon_core.package_identification:_identify(src/pointcloud_to_laserscan) by extension 'ignore'
[0.452s] Level 1:colcon.colcon_core.package_identification:_identify(src/pointcloud_to_laserscan) by extension 'ignore_ament_install'
[0.452s] Level 1:colcon.colcon_core.package_identification:_identify(src/pointcloud_to_laserscan) by extensions ['colcon_pkg']
[0.452s] Level 1:colcon.colcon_core.package_identification:_identify(src/pointcloud_to_laserscan) by extension 'colcon_pkg'
[0.452s] Level 1:colcon.colcon_core.package_identification:_identify(src/pointcloud_to_laserscan) by extensions ['colcon_meta']
[0.452s] Level 1:colcon.colcon_core.package_identification:_identify(src/pointcloud_to_laserscan) by extension 'colcon_meta'
[0.452s] Level 1:colcon.colcon_core.package_identification:_identify(src/pointcloud_to_laserscan) by extensions ['ros']
[0.452s] Level 1:colcon.colcon_core.package_identification:_identify(src/pointcloud_to_laserscan) by extension 'ros'
[0.453s] DEBUG:colcon.colcon_core.package_identification:Package 'src/pointcloud_to_laserscan' with type 'ros.ament_cmake' and name 'pointcloud_to_laserscan'
[0.454s] Level 1:colcon.colcon_core.package_identification:_identify(src/unitree_api) by extensions ['ignore', 'ignore_ament_install']
[0.454s] Level 1:colcon.colcon_core.package_identification:_identify(src/unitree_api) by extension 'ignore'
[0.454s] Level 1:colcon.colcon_core.package_identification:_identify(src/unitree_api) by extension 'ignore_ament_install'
[0.454s] Level 1:colcon.colcon_core.package_identification:_identify(src/unitree_api) by extensions ['colcon_pkg']
[0.454s] Level 1:colcon.colcon_core.package_identification:_identify(src/unitree_api) by extension 'colcon_pkg'
[0.454s] Level 1:colcon.colcon_core.package_identification:_identify(src/unitree_api) by extensions ['colcon_meta']
[0.454s] Level 1:colcon.colcon_core.package_identification:_identify(src/unitree_api) by extension 'colcon_meta'
[0.454s] Level 1:colcon.colcon_core.package_identification:_identify(src/unitree_api) by extensions ['ros']
[0.454s] Level 1:colcon.colcon_core.package_identification:_identify(src/unitree_api) by extension 'ros'
[0.455s] DEBUG:colcon.colcon_core.package_identification:Package 'src/unitree_api' with type 'ros.ament_cmake' and name 'unitree_api'
[0.455s] Level 1:colcon.colcon_core.package_identification:_identify(src/unitree_go) by extensions ['ignore', 'ignore_ament_install']
[0.455s] Level 1:colcon.colcon_core.package_identification:_identify(src/unitree_go) by extension 'ignore'
[0.455s] Level 1:colcon.colcon_core.package_identification:_identify(src/unitree_go) by extension 'ignore_ament_install'
[0.455s] Level 1:colcon.colcon_core.package_identification:_identify(src/unitree_go) by extensions ['colcon_pkg']
[0.455s] Level 1:colcon.colcon_core.package_identification:_identify(src/unitree_go) by extension 'colcon_pkg'
[0.455s] Level 1:colcon.colcon_core.package_identification:_identify(src/unitree_go) by extensions ['colcon_meta']
[0.455s] Level 1:colcon.colcon_core.package_identification:_identify(src/unitree_go) by extension 'colcon_meta'
[0.455s] Level 1:colcon.colcon_core.package_identification:_identify(src/unitree_go) by extensions ['ros']
[0.455s] Level 1:colcon.colcon_core.package_identification:_identify(src/unitree_go) by extension 'ros'
[0.456s] DEBUG:colcon.colcon_core.package_identification:Package 'src/unitree_go' with type 'ros.ament_cmake' and name 'unitree_go'
[0.456s] Level 1:colcon.colcon_core.package_identification:_identify(src/unitree_hg) by extensions ['ignore', 'ignore_ament_install']
[0.456s] Level 1:colcon.colcon_core.package_identification:_identify(src/unitree_hg) by extension 'ignore'
[0.456s] Level 1:colcon.colcon_core.package_identification:_identify(src/unitree_hg) by extension 'ignore_ament_install'
[0.456s] Level 1:colcon.colcon_core.package_identification:_identify(src/unitree_hg) by extensions ['colcon_pkg']
[0.456s] Level 1:colcon.colcon_core.package_identification:_identify(src/unitree_hg) by extension 'colcon_pkg'
[0.456s] Level 1:colcon.colcon_core.package_identification:_identify(src/unitree_hg) by extensions ['colcon_meta']
[0.456s] Level 1:colcon.colcon_core.package_identification:_identify(src/unitree_hg) by extension 'colcon_meta'
[0.456s] Level 1:colcon.colcon_core.package_identification:_identify(src/unitree_hg) by extensions ['ros']
[0.457s] Level 1:colcon.colcon_core.package_identification:_identify(src/unitree_hg) by extension 'ros'
[0.457s] DEBUG:colcon.colcon_core.package_identification:Package 'src/unitree_hg' with type 'ros.ament_cmake' and name 'unitree_hg'
[0.457s] Level 1:colcon.colcon_core.package_identification:_identify(src/unitree_ros2) by extensions ['ignore', 'ignore_ament_install']
[0.458s] Level 1:colcon.colcon_core.package_identification:_identify(src/unitree_ros2) by extension 'ignore'
[0.458s] Level 1:colcon.colcon_core.package_identification:_identify(src/unitree_ros2) by extension 'ignore_ament_install'
[0.458s] Level 1:colcon.colcon_core.package_identification:_identify(src/unitree_ros2) by extensions ['colcon_pkg']
[0.458s] Level 1:colcon.colcon_core.package_identification:_identify(src/unitree_ros2) by extension 'colcon_pkg'
[0.458s] Level 1:colcon.colcon_core.package_identification:_identify(src/unitree_ros2) by extensions ['colcon_meta']
[0.458s] Level 1:colcon.colcon_core.package_identification:_identify(src/unitree_ros2) by extension 'colcon_meta'
[0.458s] Level 1:colcon.colcon_core.package_identification:_identify(src/unitree_ros2) by extensions ['ros']
[0.458s] Level 1:colcon.colcon_core.package_identification:_identify(src/unitree_ros2) by extension 'ros'
[0.458s] Level 1:colcon.colcon_core.package_identification:_identify(src/unitree_ros2) by extensions ['cmake', 'python']
[0.458s] Level 1:colcon.colcon_core.package_identification:_identify(src/unitree_ros2) by extension 'cmake'
[0.458s] Level 1:colcon.colcon_core.package_identification:_identify(src/unitree_ros2) by extension 'python'
[0.458s] Level 1:colcon.colcon_core.package_identification:_identify(src/unitree_ros2) by extensions ['python_setup_py']
[0.458s] Level 1:colcon.colcon_core.package_identification:_identify(src/unitree_ros2) by extension 'python_setup_py'
[0.458s] Level 1:colcon.colcon_core.package_identification:_identify(src/unitree_ros2/cyclonedds_ws) by extensions ['ignore', 'ignore_ament_install']
[0.458s] Level 1:colcon.colcon_core.package_identification:_identify(src/unitree_ros2/cyclonedds_ws) by extension 'ignore'
[0.459s] Level 1:colcon.colcon_core.package_identification:_identify(src/unitree_ros2/cyclonedds_ws) by extension 'ignore_ament_install'
[0.459s] Level 1:colcon.colcon_core.package_identification:_identify(src/unitree_ros2/cyclonedds_ws) by extensions ['colcon_pkg']
[0.459s] Level 1:colcon.colcon_core.package_identification:_identify(src/unitree_ros2/cyclonedds_ws) by extension 'colcon_pkg'
[0.459s] Level 1:colcon.colcon_core.package_identification:_identify(src/unitree_ros2/cyclonedds_ws) by extensions ['colcon_meta']
[0.459s] Level 1:colcon.colcon_core.package_identification:_identify(src/unitree_ros2/cyclonedds_ws) by extension 'colcon_meta'
[0.459s] Level 1:colcon.colcon_core.package_identification:_identify(src/unitree_ros2/cyclonedds_ws) by extensions ['ros']
[0.459s] Level 1:colcon.colcon_core.package_identification:_identify(src/unitree_ros2/cyclonedds_ws) by extension 'ros'
[0.459s] Level 1:colcon.colcon_core.package_identification:_identify(src/unitree_ros2/cyclonedds_ws) by extensions ['cmake', 'python']
[0.459s] Level 1:colcon.colcon_core.package_identification:_identify(src/unitree_ros2/cyclonedds_ws) by extension 'cmake'
[0.459s] Level 1:colcon.colcon_core.package_identification:_identify(src/unitree_ros2/cyclonedds_ws) by extension 'python'
[0.459s] Level 1:colcon.colcon_core.package_identification:_identify(src/unitree_ros2/cyclonedds_ws) by extensions ['python_setup_py']
[0.459s] Level 1:colcon.colcon_core.package_identification:_identify(src/unitree_ros2/cyclonedds_ws) by extension 'python_setup_py'
[0.459s] Level 1:colcon.colcon_core.package_identification:_identify(src/unitree_ros2/cyclonedds_ws/build) by extensions ['ignore', 'ignore_ament_install']
[0.459s] Level 1:colcon.colcon_core.package_identification:_identify(src/unitree_ros2/cyclonedds_ws/build) by extension 'ignore'
[0.459s] Level 1:colcon.colcon_core.package_identification:_identify(src/unitree_ros2/cyclonedds_ws/build) ignored
[0.459s] Level 1:colcon.colcon_core.package_identification:_identify(src/unitree_ros2/cyclonedds_ws/install) by extensions ['ignore', 'ignore_ament_install']
[0.460s] Level 1:colcon.colcon_core.package_identification:_identify(src/unitree_ros2/cyclonedds_ws/install) by extension 'ignore'
[0.460s] Level 1:colcon.colcon_core.package_identification:_identify(src/unitree_ros2/cyclonedds_ws/install) ignored
[0.460s] Level 1:colcon.colcon_core.package_identification:_identify(src/unitree_ros2/cyclonedds_ws/log) by extensions ['ignore', 'ignore_ament_install']
[0.460s] Level 1:colcon.colcon_core.package_identification:_identify(src/unitree_ros2/cyclonedds_ws/log) by extension 'ignore'
[0.460s] Level 1:colcon.colcon_core.package_identification:_identify(src/unitree_ros2/cyclonedds_ws/log) ignored
[0.460s] Level 1:colcon.colcon_core.package_identification:_identify(src/unitree_ros2/cyclonedds_ws/src) by extensions ['ignore', 'ignore_ament_install']
[0.460s] Level 1:colcon.colcon_core.package_identification:_identify(src/unitree_ros2/cyclonedds_ws/src) by extension 'ignore'
[0.460s] Level 1:colcon.colcon_core.package_identification:_identify(src/unitree_ros2/cyclonedds_ws/src) by extension 'ignore_ament_install'
[0.460s] Level 1:colcon.colcon_core.package_identification:_identify(src/unitree_ros2/cyclonedds_ws/src) by extensions ['colcon_pkg']
[0.460s] Level 1:colcon.colcon_core.package_identification:_identify(src/unitree_ros2/cyclonedds_ws/src) by extension 'colcon_pkg'
[0.460s] Level 1:colcon.colcon_core.package_identification:_identify(src/unitree_ros2/cyclonedds_ws/src) by extensions ['colcon_meta']
[0.460s] Level 1:colcon.colcon_core.package_identification:_identify(src/unitree_ros2/cyclonedds_ws/src) by extension 'colcon_meta'
[0.460s] Level 1:colcon.colcon_core.package_identification:_identify(src/unitree_ros2/cyclonedds_ws/src) by extensions ['ros']
[0.460s] Level 1:colcon.colcon_core.package_identification:_identify(src/unitree_ros2/cyclonedds_ws/src) by extension 'ros'
[0.461s] Level 1:colcon.colcon_core.package_identification:_identify(src/unitree_ros2/cyclonedds_ws/src) by extensions ['cmake', 'python']
[0.461s] Level 1:colcon.colcon_core.package_identification:_identify(src/unitree_ros2/cyclonedds_ws/src) by extension 'cmake'
[0.461s] Level 1:colcon.colcon_core.package_identification:_identify(src/unitree_ros2/cyclonedds_ws/src) by extension 'python'
[0.461s] Level 1:colcon.colcon_core.package_identification:_identify(src/unitree_ros2/cyclonedds_ws/src) by extensions ['python_setup_py']
[0.461s] Level 1:colcon.colcon_core.package_identification:_identify(src/unitree_ros2/cyclonedds_ws/src) by extension 'python_setup_py'
[0.461s] Level 1:colcon.colcon_core.package_identification:_identify(src/unitree_ros2/cyclonedds_ws/src/cyclonedds) by extensions ['ignore', 'ignore_ament_install']
[0.461s] Level 1:colcon.colcon_core.package_identification:_identify(src/unitree_ros2/cyclonedds_ws/src/cyclonedds) by extension 'ignore'
[0.461s] Level 1:colcon.colcon_core.package_identification:_identify(src/unitree_ros2/cyclonedds_ws/src/cyclonedds) by extension 'ignore_ament_install'
[0.461s] Level 1:colcon.colcon_core.package_identification:_identify(src/unitree_ros2/cyclonedds_ws/src/cyclonedds) by extensions ['colcon_pkg']
[0.461s] Level 1:colcon.colcon_core.package_identification:_identify(src/unitree_ros2/cyclonedds_ws/src/cyclonedds) by extension 'colcon_pkg'
[0.462s] Level 1:colcon.colcon_core.package_identification:_identify(src/unitree_ros2/cyclonedds_ws/src/cyclonedds) by extensions ['colcon_meta']
[0.462s] Level 1:colcon.colcon_core.package_identification:_identify(src/unitree_ros2/cyclonedds_ws/src/cyclonedds) by extension 'colcon_meta'
[0.462s] Level 1:colcon.colcon_core.package_identification:_identify(src/unitree_ros2/cyclonedds_ws/src/cyclonedds) by extensions ['ros']
[0.462s] Level 1:colcon.colcon_core.package_identification:_identify(src/unitree_ros2/cyclonedds_ws/src/cyclonedds) by extension 'ros'
[0.463s] DEBUG:colcon.colcon_core.package_identification:Package 'src/unitree_ros2/cyclonedds_ws/src/cyclonedds' with type 'ros.cmake' and name 'cyclonedds'
[0.463s] Level 1:colcon.colcon_core.package_identification:_identify(src/unitree_ros2/cyclonedds_ws/src/rmw_cyclonedds) by extensions ['ignore', 'ignore_ament_install']
[0.463s] Level 1:colcon.colcon_core.package_identification:_identify(src/unitree_ros2/cyclonedds_ws/src/rmw_cyclonedds) by extension 'ignore'
[0.463s] Level 1:colcon.colcon_core.package_identification:_identify(src/unitree_ros2/cyclonedds_ws/src/rmw_cyclonedds) by extension 'ignore_ament_install'
[0.463s] Level 1:colcon.colcon_core.package_identification:_identify(src/unitree_ros2/cyclonedds_ws/src/rmw_cyclonedds) by extensions ['colcon_pkg']
[0.463s] Level 1:colcon.colcon_core.package_identification:_identify(src/unitree_ros2/cyclonedds_ws/src/rmw_cyclonedds) by extension 'colcon_pkg'
[0.463s] Level 1:colcon.colcon_core.package_identification:_identify(src/unitree_ros2/cyclonedds_ws/src/rmw_cyclonedds) by extensions ['colcon_meta']
[0.464s] Level 1:colcon.colcon_core.package_identification:_identify(src/unitree_ros2/cyclonedds_ws/src/rmw_cyclonedds) by extension 'colcon_meta'
[0.464s] Level 1:colcon.colcon_core.package_identification:_identify(src/unitree_ros2/cyclonedds_ws/src/rmw_cyclonedds) by extensions ['ros']
[0.464s] Level 1:colcon.colcon_core.package_identification:_identify(src/unitree_ros2/cyclonedds_ws/src/rmw_cyclonedds) by extension 'ros'
[0.464s] Level 1:colcon.colcon_core.package_identification:_identify(src/unitree_ros2/cyclonedds_ws/src/rmw_cyclonedds) by extensions ['cmake', 'python']
[0.464s] Level 1:colcon.colcon_core.package_identification:_identify(src/unitree_ros2/cyclonedds_ws/src/rmw_cyclonedds) by extension 'cmake'
[0.464s] Level 1:colcon.colcon_core.package_identification:_identify(src/unitree_ros2/cyclonedds_ws/src/rmw_cyclonedds) by extension 'python'
[0.464s] Level 1:colcon.colcon_core.package_identification:_identify(src/unitree_ros2/cyclonedds_ws/src/rmw_cyclonedds) by extensions ['python_setup_py']
[0.464s] Level 1:colcon.colcon_core.package_identification:_identify(src/unitree_ros2/cyclonedds_ws/src/rmw_cyclonedds) by extension 'python_setup_py'
[0.464s] Level 1:colcon.colcon_core.package_identification:_identify(src/unitree_ros2/cyclonedds_ws/src/rmw_cyclonedds/rmw_cyclonedds_cpp) by extensions ['ignore', 'ignore_ament_install']
[0.464s] Level 1:colcon.colcon_core.package_identification:_identify(src/unitree_ros2/cyclonedds_ws/src/rmw_cyclonedds/rmw_cyclonedds_cpp) by extension 'ignore'
[0.464s] Level 1:colcon.colcon_core.package_identification:_identify(src/unitree_ros2/cyclonedds_ws/src/rmw_cyclonedds/rmw_cyclonedds_cpp) by extension 'ignore_ament_install'
[0.464s] Level 1:colcon.colcon_core.package_identification:_identify(src/unitree_ros2/cyclonedds_ws/src/rmw_cyclonedds/rmw_cyclonedds_cpp) by extensions ['colcon_pkg']
[0.464s] Level 1:colcon.colcon_core.package_identification:_identify(src/unitree_ros2/cyclonedds_ws/src/rmw_cyclonedds/rmw_cyclonedds_cpp) by extension 'colcon_pkg'
[0.464s] Level 1:colcon.colcon_core.package_identification:_identify(src/unitree_ros2/cyclonedds_ws/src/rmw_cyclonedds/rmw_cyclonedds_cpp) by extensions ['colcon_meta']
[0.464s] Level 1:colcon.colcon_core.package_identification:_identify(src/unitree_ros2/cyclonedds_ws/src/rmw_cyclonedds/rmw_cyclonedds_cpp) by extension 'colcon_meta'
[0.464s] Level 1:colcon.colcon_core.package_identification:_identify(src/unitree_ros2/cyclonedds_ws/src/rmw_cyclonedds/rmw_cyclonedds_cpp) by extensions ['ros']
[0.465s] Level 1:colcon.colcon_core.package_identification:_identify(src/unitree_ros2/cyclonedds_ws/src/rmw_cyclonedds/rmw_cyclonedds_cpp) by extension 'ros'
[0.466s] DEBUG:colcon.colcon_core.package_identification:Package 'src/unitree_ros2/cyclonedds_ws/src/rmw_cyclonedds/rmw_cyclonedds_cpp' with type 'ros.ament_cmake' and name 'rmw_cyclonedds_cpp'
[0.466s] Level 1:colcon.colcon_core.package_identification:_identify(src/unitree_ros2/cyclonedds_ws/src/unitree) by extensions ['ignore', 'ignore_ament_install']
[0.466s] Level 1:colcon.colcon_core.package_identification:_identify(src/unitree_ros2/cyclonedds_ws/src/unitree) by extension 'ignore'
[0.466s] Level 1:colcon.colcon_core.package_identification:_identify(src/unitree_ros2/cyclonedds_ws/src/unitree) ignored
[0.466s] Level 1:colcon.colcon_core.package_identification:_identify(src/unitree_ros2/docs) by extensions ['ignore', 'ignore_ament_install']
[0.466s] Level 1:colcon.colcon_core.package_identification:_identify(src/unitree_ros2/docs) by extension 'ignore'
[0.466s] Level 1:colcon.colcon_core.package_identification:_identify(src/unitree_ros2/docs) by extension 'ignore_ament_install'
[0.466s] Level 1:colcon.colcon_core.package_identification:_identify(src/unitree_ros2/docs) by extensions ['colcon_pkg']
[0.466s] Level 1:colcon.colcon_core.package_identification:_identify(src/unitree_ros2/docs) by extension 'colcon_pkg'
[0.466s] Level 1:colcon.colcon_core.package_identification:_identify(src/unitree_ros2/docs) by extensions ['colcon_meta']
[0.466s] Level 1:colcon.colcon_core.package_identification:_identify(src/unitree_ros2/docs) by extension 'colcon_meta'
[0.466s] Level 1:colcon.colcon_core.package_identification:_identify(src/unitree_ros2/docs) by extensions ['ros']
[0.467s] Level 1:colcon.colcon_core.package_identification:_identify(src/unitree_ros2/docs) by extension 'ros'
[0.467s] Level 1:colcon.colcon_core.package_identification:_identify(src/unitree_ros2/docs) by extensions ['cmake', 'python']
[0.467s] Level 1:colcon.colcon_core.package_identification:_identify(src/unitree_ros2/docs) by extension 'cmake'
[0.467s] Level 1:colcon.colcon_core.package_identification:_identify(src/unitree_ros2/docs) by extension 'python'
[0.467s] Level 1:colcon.colcon_core.package_identification:_identify(src/unitree_ros2/docs) by extensions ['python_setup_py']
[0.467s] Level 1:colcon.colcon_core.package_identification:_identify(src/unitree_ros2/docs) by extension 'python_setup_py'
[0.467s] Level 1:colcon.colcon_core.package_identification:_identify(src/unitree_ros2/docs/image) by extensions ['ignore', 'ignore_ament_install']
[0.467s] Level 1:colcon.colcon_core.package_identification:_identify(src/unitree_ros2/docs/image) by extension 'ignore'
[0.467s] Level 1:colcon.colcon_core.package_identification:_identify(src/unitree_ros2/docs/image) by extension 'ignore_ament_install'
[0.467s] Level 1:colcon.colcon_core.package_identification:_identify(src/unitree_ros2/docs/image) by extensions ['colcon_pkg']
[0.467s] Level 1:colcon.colcon_core.package_identification:_identify(src/unitree_ros2/docs/image) by extension 'colcon_pkg'
[0.467s] Level 1:colcon.colcon_core.package_identification:_identify(src/unitree_ros2/docs/image) by extensions ['colcon_meta']
[0.467s] Level 1:colcon.colcon_core.package_identification:_identify(src/unitree_ros2/docs/image) by extension 'colcon_meta'
[0.467s] Level 1:colcon.colcon_core.package_identification:_identify(src/unitree_ros2/docs/image) by extensions ['ros']
[0.467s] Level 1:colcon.colcon_core.package_identification:_identify(src/unitree_ros2/docs/image) by extension 'ros'
[0.467s] Level 1:colcon.colcon_core.package_identification:_identify(src/unitree_ros2/docs/image) by extensions ['cmake', 'python']
[0.467s] Level 1:colcon.colcon_core.package_identification:_identify(src/unitree_ros2/docs/image) by extension 'cmake'
[0.468s] Level 1:colcon.colcon_core.package_identification:_identify(src/unitree_ros2/docs/image) by extension 'python'
[0.468s] Level 1:colcon.colcon_core.package_identification:_identify(src/unitree_ros2/docs/image) by extensions ['python_setup_py']
[0.468s] Level 1:colcon.colcon_core.package_identification:_identify(src/unitree_ros2/docs/image) by extension 'python_setup_py'
[0.468s] Level 1:colcon.colcon_core.package_identification:_identify(src/unitree_ros2/example) by extensions ['ignore', 'ignore_ament_install']
[0.468s] Level 1:colcon.colcon_core.package_identification:_identify(src/unitree_ros2/example) by extension 'ignore'
[0.468s] Level 1:colcon.colcon_core.package_identification:_identify(src/unitree_ros2/example) by extension 'ignore_ament_install'
[0.468s] Level 1:colcon.colcon_core.package_identification:_identify(src/unitree_ros2/example) by extensions ['colcon_pkg']
[0.468s] Level 1:colcon.colcon_core.package_identification:_identify(src/unitree_ros2/example) by extension 'colcon_pkg'
[0.468s] Level 1:colcon.colcon_core.package_identification:_identify(src/unitree_ros2/example) by extensions ['colcon_meta']
[0.468s] Level 1:colcon.colcon_core.package_identification:_identify(src/unitree_ros2/example) by extension 'colcon_meta'
[0.468s] Level 1:colcon.colcon_core.package_identification:_identify(src/unitree_ros2/example) by extensions ['ros']
[0.468s] Level 1:colcon.colcon_core.package_identification:_identify(src/unitree_ros2/example) by extension 'ros'
[0.468s] Level 1:colcon.colcon_core.package_identification:_identify(src/unitree_ros2/example) by extensions ['cmake', 'python']
[0.468s] Level 1:colcon.colcon_core.package_identification:_identify(src/unitree_ros2/example) by extension 'cmake'
[0.468s] Level 1:colcon.colcon_core.package_identification:_identify(src/unitree_ros2/example) by extension 'python'
[0.468s] Level 1:colcon.colcon_core.package_identification:_identify(src/unitree_ros2/example) by extensions ['python_setup_py']
[0.468s] Level 1:colcon.colcon_core.package_identification:_identify(src/unitree_ros2/example) by extension 'python_setup_py'
[0.469s] Level 1:colcon.colcon_core.package_identification:_identify(src/unitree_ros2/example/src) by extensions ['ignore', 'ignore_ament_install']
[0.469s] Level 1:colcon.colcon_core.package_identification:_identify(src/unitree_ros2/example/src) by extension 'ignore'
[0.469s] Level 1:colcon.colcon_core.package_identification:_identify(src/unitree_ros2/example/src) by extension 'ignore_ament_install'
[0.469s] Level 1:colcon.colcon_core.package_identification:_identify(src/unitree_ros2/example/src) by extensions ['colcon_pkg']
[0.469s] Level 1:colcon.colcon_core.package_identification:_identify(src/unitree_ros2/example/src) by extension 'colcon_pkg'
[0.469s] Level 1:colcon.colcon_core.package_identification:_identify(src/unitree_ros2/example/src) by extensions ['colcon_meta']
[0.469s] Level 1:colcon.colcon_core.package_identification:_identify(src/unitree_ros2/example/src) by extension 'colcon_meta'
[0.469s] Level 1:colcon.colcon_core.package_identification:_identify(src/unitree_ros2/example/src) by extensions ['ros']
[0.469s] Level 1:colcon.colcon_core.package_identification:_identify(src/unitree_ros2/example/src) by extension 'ros'
[0.470s] DEBUG:colcon.colcon_core.package_identification:Package 'src/unitree_ros2/example/src' with type 'ros.ament_cmake' and name 'unitree_ros2_example'
[0.470s] Level 1:colcon.colcon_core.package_discovery:discover_packages(recursive) using defaults
[0.470s] Level 1:colcon.colcon_core.package_discovery:discover_packages(ignore) discover
[0.470s] Level 1:colcon.colcon_core.package_discovery:discover_packages(ignore) using defaults
[0.470s] Level 1:colcon.colcon_core.package_discovery:discover_packages(path) discover
[0.470s] Level 1:colcon.colcon_core.package_discovery:discover_packages(path) using defaults
[0.487s] INFO:colcon.colcon_metadata.metadata.colcon_pkg:Updating descriptor of package 'src/unitree_ros2/cyclonedds_ws/src/cyclonedds' from colcon.pkg: {'cmake-args': ['-DBUILD_IDLC=AUTO']}
[0.491s] Level 1:colcon.colcon_core.package_discovery:discover_packages(prefix_path) check parameters
[0.491s] Level 1:colcon.colcon_core.package_discovery:discover_packages(prefix_path) discover
[0.494s] DEBUG:colcon.colcon_installed_package_information.package_discovery:Found 372 installed packages in /opt/ros/foxy
[0.509s] Level 1:colcon.colcon_core.package_discovery:discover_packages(prefix_path) using defaults
[0.596s] Level 5:colcon.colcon_core.verb:set package 'cyclonedds' build argument 'cmake_args' from command line to '['-DROS_EDITION=ROS2']'
[0.597s] Level 5:colcon.colcon_core.verb:extend package 'cyclonedds' build argument 'cmake_args' from package metadata with '['-DBUILD_IDLC=AUTO']'
[0.597s] Level 5:colcon.colcon_core.verb:set package 'cyclonedds' build argument 'cmake_target' from command line to 'None'
[0.597s] Level 5:colcon.colcon_core.verb:set package 'cyclonedds' build argument 'cmake_target_skip_unavailable' from command line to 'False'
[0.597s] Level 5:colcon.colcon_core.verb:set package 'cyclonedds' build argument 'cmake_clean_cache' from command line to 'False'
[0.597s] Level 5:colcon.colcon_core.verb:set package 'cyclonedds' build argument 'cmake_clean_first' from command line to 'False'
[0.597s] Level 5:colcon.colcon_core.verb:set package 'cyclonedds' build argument 'cmake_force_configure' from command line to 'False'
[0.597s] Level 5:colcon.colcon_core.verb:set package 'cyclonedds' build argument 'ament_cmake_args' from command line to 'None'
[0.597s] Level 5:colcon.colcon_core.verb:set package 'cyclonedds' build argument 'catkin_cmake_args' from command line to 'None'
[0.597s] Level 5:colcon.colcon_core.verb:set package 'cyclonedds' build argument 'catkin_skip_building_tests' from command line to 'False'
[0.597s] DEBUG:colcon.colcon_core.verb:Building package 'cyclonedds' with the following arguments: {'ament_cmake_args': None, 'build_base': '/home/alireza/thesis1/navigation_go2/go2_ws/build/cyclonedds', 'catkin_cmake_args': None, 'catkin_skip_building_tests': False, 'cmake_args': ['-DROS_EDITION=ROS2', '-DBUILD_IDLC=AUTO'], 'cmake_clean_cache': False, 'cmake_clean_first': False, 'cmake_force_configure': False, 'cmake_target': None, 'cmake_target_skip_unavailable': False, 'install_base': '/home/alireza/thesis1/navigation_go2/go2_ws/install/cyclonedds', 'merge_install': False, 'path': '/home/alireza/thesis1/navigation_go2/go2_ws/src/unitree_ros2/cyclonedds_ws/src/cyclonedds', 'symlink_install': False, 'test_result_base': None}
[0.598s] Level 5:colcon.colcon_core.verb:set package 'go2_description' build argument 'cmake_args' from command line to '['-DROS_EDITION=ROS2']'
[0.598s] Level 5:colcon.colcon_core.verb:set package 'go2_description' build argument 'cmake_target' from command line to 'None'
[0.598s] Level 5:colcon.colcon_core.verb:set package 'go2_description' build argument 'cmake_target_skip_unavailable' from command line to 'False'
[0.598s] Level 5:colcon.colcon_core.verb:set package 'go2_description' build argument 'cmake_clean_cache' from command line to 'False'
[0.598s] Level 5:colcon.colcon_core.verb:set package 'go2_description' build argument 'cmake_clean_first' from command line to 'False'
[0.598s] Level 5:colcon.colcon_core.verb:set package 'go2_description' build argument 'cmake_force_configure' from command line to 'False'
[0.598s] Level 5:colcon.colcon_core.verb:set package 'go2_description' build argument 'ament_cmake_args' from command line to 'None'
[0.598s] Level 5:colcon.colcon_core.verb:set package 'go2_description' build argument 'catkin_cmake_args' from command line to 'None'
[0.598s] Level 5:colcon.colcon_core.verb:set package 'go2_description' build argument 'catkin_skip_building_tests' from command line to 'False'
[0.598s] DEBUG:colcon.colcon_core.verb:Building package 'go2_description' with the following arguments: {'ament_cmake_args': None, 'build_base': '/home/alireza/thesis1/navigation_go2/go2_ws/build/go2_description', 'catkin_cmake_args': None, 'catkin_skip_building_tests': False, 'cmake_args': ['-DROS_EDITION=ROS2'], 'cmake_clean_cache': False, 'cmake_clean_first': False, 'cmake_force_configure': False, 'cmake_target': None, 'cmake_target_skip_unavailable': False, 'install_base': '/home/alireza/thesis1/navigation_go2/go2_ws/install/go2_description', 'merge_install': False, 'path': '/home/alireza/thesis1/navigation_go2/go2_ws/src/go2_description', 'symlink_install': False, 'test_result_base': None}
[0.599s] Level 5:colcon.colcon_core.verb:set package 'livox_ros_driver2' build argument 'cmake_args' from command line to '['-DROS_EDITION=ROS2']'
[0.599s] Level 5:colcon.colcon_core.verb:set package 'livox_ros_driver2' build argument 'cmake_target' from command line to 'None'
[0.599s] Level 5:colcon.colcon_core.verb:set package 'livox_ros_driver2' build argument 'cmake_target_skip_unavailable' from command line to 'False'
[0.599s] Level 5:colcon.colcon_core.verb:set package 'livox_ros_driver2' build argument 'cmake_clean_cache' from command line to 'False'
[0.599s] Level 5:colcon.colcon_core.verb:set package 'livox_ros_driver2' build argument 'cmake_clean_first' from command line to 'False'
[0.599s] Level 5:colcon.colcon_core.verb:set package 'livox_ros_driver2' build argument 'cmake_force_configure' from command line to 'False'
[0.599s] Level 5:colcon.colcon_core.verb:set package 'livox_ros_driver2' build argument 'ament_cmake_args' from command line to 'None'
[0.599s] Level 5:colcon.colcon_core.verb:set package 'livox_ros_driver2' build argument 'catkin_cmake_args' from command line to 'None'
[0.599s] Level 5:colcon.colcon_core.verb:set package 'livox_ros_driver2' build argument 'catkin_skip_building_tests' from command line to 'False'
[0.599s] DEBUG:colcon.colcon_core.verb:Building package 'livox_ros_driver2' with the following arguments: {'ament_cmake_args': None, 'build_base': '/home/alireza/thesis1/navigation_go2/go2_ws/build/livox_ros_driver2', 'catkin_cmake_args': None, 'catkin_skip_building_tests': False, 'cmake_args': ['-DROS_EDITION=ROS2'], 'cmake_clean_cache': False, 'cmake_clean_first': False, 'cmake_force_configure': False, 'cmake_target': None, 'cmake_target_skip_unavailable': False, 'install_base': '/home/alireza/thesis1/navigation_go2/go2_ws/install/livox_ros_driver2', 'merge_install': False, 'path': '/home/alireza/thesis1/navigation_go2/go2_ws/src/livox_ros_driver2', 'symlink_install': False, 'test_result_base': None}
[0.600s] Level 5:colcon.colcon_core.verb:set package 'pointcloud_to_laserscan' build argument 'cmake_args' from command line to '['-DROS_EDITION=ROS2']'
[0.600s] Level 5:colcon.colcon_core.verb:set package 'pointcloud_to_laserscan' build argument 'cmake_target' from command line to 'None'
[0.600s] Level 5:colcon.colcon_core.verb:set package 'pointcloud_to_laserscan' build argument 'cmake_target_skip_unavailable' from command line to 'False'
[0.600s] Level 5:colcon.colcon_core.verb:set package 'pointcloud_to_laserscan' build argument 'cmake_clean_cache' from command line to 'False'
[0.600s] Level 5:colcon.colcon_core.verb:set package 'pointcloud_to_laserscan' build argument 'cmake_clean_first' from command line to 'False'
[0.600s] Level 5:colcon.colcon_core.verb:set package 'pointcloud_to_laserscan' build argument 'cmake_force_configure' from command line to 'False'
[0.600s] Level 5:colcon.colcon_core.verb:set package 'pointcloud_to_laserscan' build argument 'ament_cmake_args' from command line to 'None'
[0.600s] Level 5:colcon.colcon_core.verb:set package 'pointcloud_to_laserscan' build argument 'catkin_cmake_args' from command line to 'None'
[0.600s] Level 5:colcon.colcon_core.verb:set package 'pointcloud_to_laserscan' build argument 'catkin_skip_building_tests' from command line to 'False'
[0.600s] DEBUG:colcon.colcon_core.verb:Building package 'pointcloud_to_laserscan' with the following arguments: {'ament_cmake_args': None, 'build_base': '/home/alireza/thesis1/navigation_go2/go2_ws/build/pointcloud_to_laserscan', 'catkin_cmake_args': None, 'catkin_skip_building_tests': False, 'cmake_args': ['-DROS_EDITION=ROS2'], 'cmake_clean_cache': False, 'cmake_clean_first': False, 'cmake_force_configure': False, 'cmake_target': None, 'cmake_target_skip_unavailable': False, 'install_base': '/home/alireza/thesis1/navigation_go2/go2_ws/install/pointcloud_to_laserscan', 'merge_install': False, 'path': '/home/alireza/thesis1/navigation_go2/go2_ws/src/pointcloud_to_laserscan', 'symlink_install': False, 'test_result_base': None}
[0.601s] Level 5:colcon.colcon_core.verb:set package 'unitree_api' build argument 'cmake_args' from command line to '['-DROS_EDITION=ROS2']'
[0.601s] Level 5:colcon.colcon_core.verb:set package 'unitree_api' build argument 'cmake_target' from command line to 'None'
[0.601s] Level 5:colcon.colcon_core.verb:set package 'unitree_api' build argument 'cmake_target_skip_unavailable' from command line to 'False'
[0.601s] Level 5:colcon.colcon_core.verb:set package 'unitree_api' build argument 'cmake_clean_cache' from command line to 'False'
[0.601s] Level 5:colcon.colcon_core.verb:set package 'unitree_api' build argument 'cmake_clean_first' from command line to 'False'
[0.601s] Level 5:colcon.colcon_core.verb:set package 'unitree_api' build argument 'cmake_force_configure' from command line to 'False'
[0.601s] Level 5:colcon.colcon_core.verb:set package 'unitree_api' build argument 'ament_cmake_args' from command line to 'None'
[0.601s] Level 5:colcon.colcon_core.verb:set package 'unitree_api' build argument 'catkin_cmake_args' from command line to 'None'
[0.601s] Level 5:colcon.colcon_core.verb:set package 'unitree_api' build argument 'catkin_skip_building_tests' from command line to 'False'
[0.601s] DEBUG:colcon.colcon_core.verb:Building package 'unitree_api' with the following arguments: {'ament_cmake_args': None, 'build_base': '/home/alireza/thesis1/navigation_go2/go2_ws/build/unitree_api', 'catkin_cmake_args': None, 'catkin_skip_building_tests': False, 'cmake_args': ['-DROS_EDITION=ROS2'], 'cmake_clean_cache': False, 'cmake_clean_first': False, 'cmake_force_configure': False, 'cmake_target': None, 'cmake_target_skip_unavailable': False, 'install_base': '/home/alireza/thesis1/navigation_go2/go2_ws/install/unitree_api', 'merge_install': False, 'path': '/home/alireza/thesis1/navigation_go2/go2_ws/src/unitree_api', 'symlink_install': False, 'test_result_base': None}
[0.601s] Level 5:colcon.colcon_core.verb:set package 'unitree_go' build argument 'cmake_args' from command line to '['-DROS_EDITION=ROS2']'
[0.601s] Level 5:colcon.colcon_core.verb:set package 'unitree_go' build argument 'cmake_target' from command line to 'None'
[0.601s] Level 5:colcon.colcon_core.verb:set package 'unitree_go' build argument 'cmake_target_skip_unavailable' from command line to 'False'
[0.601s] Level 5:colcon.colcon_core.verb:set package 'unitree_go' build argument 'cmake_clean_cache' from command line to 'False'
[0.601s] Level 5:colcon.colcon_core.verb:set package 'unitree_go' build argument 'cmake_clean_first' from command line to 'False'
[0.601s] Level 5:colcon.colcon_core.verb:set package 'unitree_go' build argument 'cmake_force_configure' from command line to 'False'
[0.601s] Level 5:colcon.colcon_core.verb:set package 'unitree_go' build argument 'ament_cmake_args' from command line to 'None'
[0.602s] Level 5:colcon.colcon_core.verb:set package 'unitree_go' build argument 'catkin_cmake_args' from command line to 'None'
[0.602s] Level 5:colcon.colcon_core.verb:set package 'unitree_go' build argument 'catkin_skip_building_tests' from command line to 'False'
[0.602s] DEBUG:colcon.colcon_core.verb:Building package 'unitree_go' with the following arguments: {'ament_cmake_args': None, 'build_base': '/home/alireza/thesis1/navigation_go2/go2_ws/build/unitree_go', 'catkin_cmake_args': None, 'catkin_skip_building_tests': False, 'cmake_args': ['-DROS_EDITION=ROS2'], 'cmake_clean_cache': False, 'cmake_clean_first': False, 'cmake_force_configure': False, 'cmake_target': None, 'cmake_target_skip_unavailable': False, 'install_base': '/home/alireza/thesis1/navigation_go2/go2_ws/install/unitree_go', 'merge_install': False, 'path': '/home/alireza/thesis1/navigation_go2/go2_ws/src/unitree_go', 'symlink_install': False, 'test_result_base': None}
[0.602s] Level 5:colcon.colcon_core.verb:set package 'unitree_hg' build argument 'cmake_args' from command line to '['-DROS_EDITION=ROS2']'
[0.602s] Level 5:colcon.colcon_core.verb:set package 'unitree_hg' build argument 'cmake_target' from command line to 'None'
[0.602s] Level 5:colcon.colcon_core.verb:set package 'unitree_hg' build argument 'cmake_target_skip_unavailable' from command line to 'False'
[0.602s] Level 5:colcon.colcon_core.verb:set package 'unitree_hg' build argument 'cmake_clean_cache' from command line to 'False'
[0.602s] Level 5:colcon.colcon_core.verb:set package 'unitree_hg' build argument 'cmake_clean_first' from command line to 'False'
[0.602s] Level 5:colcon.colcon_core.verb:set package 'unitree_hg' build argument 'cmake_force_configure' from command line to 'False'
[0.602s] Level 5:colcon.colcon_core.verb:set package 'unitree_hg' build argument 'ament_cmake_args' from command line to 'None'
[0.602s] Level 5:colcon.colcon_core.verb:set package 'unitree_hg' build argument 'catkin_cmake_args' from command line to 'None'
[0.602s] Level 5:colcon.colcon_core.verb:set package 'unitree_hg' build argument 'catkin_skip_building_tests' from command line to 'False'
[0.602s] DEBUG:colcon.colcon_core.verb:Building package 'unitree_hg' with the following arguments: {'ament_cmake_args': None, 'build_base': '/home/alireza/thesis1/navigation_go2/go2_ws/build/unitree_hg', 'catkin_cmake_args': None, 'catkin_skip_building_tests': False, 'cmake_args': ['-DROS_EDITION=ROS2'], 'cmake_clean_cache': False, 'cmake_clean_first': False, 'cmake_force_configure': False, 'cmake_target': None, 'cmake_target_skip_unavailable': False, 'install_base': '/home/alireza/thesis1/navigation_go2/go2_ws/install/unitree_hg', 'merge_install': False, 'path': '/home/alireza/thesis1/navigation_go2/go2_ws/src/unitree_hg', 'symlink_install': False, 'test_result_base': None}
[0.603s] Level 5:colcon.colcon_core.verb:set package 'go2_gazebo' build argument 'cmake_args' from command line to '['-DROS_EDITION=ROS2']'
[0.603s] Level 5:colcon.colcon_core.verb:set package 'go2_gazebo' build argument 'cmake_target' from command line to 'None'
[0.603s] Level 5:colcon.colcon_core.verb:set package 'go2_gazebo' build argument 'cmake_target_skip_unavailable' from command line to 'False'
[0.603s] Level 5:colcon.colcon_core.verb:set package 'go2_gazebo' build argument 'cmake_clean_cache' from command line to 'False'
[0.603s] Level 5:colcon.colcon_core.verb:set package 'go2_gazebo' build argument 'cmake_clean_first' from command line to 'False'
[0.603s] Level 5:colcon.colcon_core.verb:set package 'go2_gazebo' build argument 'cmake_force_configure' from command line to 'False'
[0.603s] Level 5:colcon.colcon_core.verb:set package 'go2_gazebo' build argument 'ament_cmake_args' from command line to 'None'
[0.603s] Level 5:colcon.colcon_core.verb:set package 'go2_gazebo' build argument 'catkin_cmake_args' from command line to 'None'
[0.603s] Level 5:colcon.colcon_core.verb:set package 'go2_gazebo' build argument 'catkin_skip_building_tests' from command line to 'False'
[0.603s] DEBUG:colcon.colcon_core.verb:Building package 'go2_gazebo' with the following arguments: {'ament_cmake_args': None, 'build_base': '/home/alireza/thesis1/navigation_go2/go2_ws/build/go2_gazebo', 'catkin_cmake_args': None, 'catkin_skip_building_tests': False, 'cmake_args': ['-DROS_EDITION=ROS2'], 'cmake_clean_cache': False, 'cmake_clean_first': False, 'cmake_force_configure': False, 'cmake_target': None, 'cmake_target_skip_unavailable': False, 'install_base': '/home/alireza/thesis1/navigation_go2/go2_ws/install/go2_gazebo', 'merge_install': False, 'path': '/home/alireza/thesis1/navigation_go2/go2_ws/src/go2_gazebo', 'symlink_install': False, 'test_result_base': None}
[0.603s] Level 5:colcon.colcon_core.verb:set package 'rmw_cyclonedds_cpp' build argument 'cmake_args' from command line to '['-DROS_EDITION=ROS2']'
[0.603s] Level 5:colcon.colcon_core.verb:set package 'rmw_cyclonedds_cpp' build argument 'cmake_target' from command line to 'None'
[0.603s] Level 5:colcon.colcon_core.verb:set package 'rmw_cyclonedds_cpp' build argument 'cmake_target_skip_unavailable' from command line to 'False'
[0.603s] Level 5:colcon.colcon_core.verb:set package 'rmw_cyclonedds_cpp' build argument 'cmake_clean_cache' from command line to 'False'
[0.604s] Level 5:colcon.colcon_core.verb:set package 'rmw_cyclonedds_cpp' build argument 'cmake_clean_first' from command line to 'False'
[0.604s] Level 5:colcon.colcon_core.verb:set package 'rmw_cyclonedds_cpp' build argument 'cmake_force_configure' from command line to 'False'
[0.604s] Level 5:colcon.colcon_core.verb:set package 'rmw_cyclonedds_cpp' build argument 'ament_cmake_args' from command line to 'None'
[0.604s] Level 5:colcon.colcon_core.verb:set package 'rmw_cyclonedds_cpp' build argument 'catkin_cmake_args' from command line to 'None'
[0.604s] Level 5:colcon.colcon_core.verb:set package 'rmw_cyclonedds_cpp' build argument 'catkin_skip_building_tests' from command line to 'False'
[0.604s] DEBUG:colcon.colcon_core.verb:Building package 'rmw_cyclonedds_cpp' with the following arguments: {'ament_cmake_args': None, 'build_base': '/home/alireza/thesis1/navigation_go2/go2_ws/build/rmw_cyclonedds_cpp', 'catkin_cmake_args': None, 'catkin_skip_building_tests': False, 'cmake_args': ['-DROS_EDITION=ROS2'], 'cmake_clean_cache': False, 'cmake_clean_first': False, 'cmake_force_configure': False, 'cmake_target': None, 'cmake_target_skip_unavailable': False, 'install_base': '/home/alireza/thesis1/navigation_go2/go2_ws/install/rmw_cyclonedds_cpp', 'merge_install': False, 'path': '/home/alireza/thesis1/navigation_go2/go2_ws/src/unitree_ros2/cyclonedds_ws/src/rmw_cyclonedds/rmw_cyclonedds_cpp', 'symlink_install': False, 'test_result_base': None}
[0.604s] Level 5:colcon.colcon_core.verb:set package 'unitree_ros2_example' build argument 'cmake_args' from command line to '['-DROS_EDITION=ROS2']'
[0.604s] Level 5:colcon.colcon_core.verb:set package 'unitree_ros2_example' build argument 'cmake_target' from command line to 'None'
[0.604s] Level 5:colcon.colcon_core.verb:set package 'unitree_ros2_example' build argument 'cmake_target_skip_unavailable' from command line to 'False'
[0.604s] Level 5:colcon.colcon_core.verb:set package 'unitree_ros2_example' build argument 'cmake_clean_cache' from command line to 'False'
[0.604s] Level 5:colcon.colcon_core.verb:set package 'unitree_ros2_example' build argument 'cmake_clean_first' from command line to 'False'
[0.604s] Level 5:colcon.colcon_core.verb:set package 'unitree_ros2_example' build argument 'cmake_force_configure' from command line to 'False'
[0.604s] Level 5:colcon.colcon_core.verb:set package 'unitree_ros2_example' build argument 'ament_cmake_args' from command line to 'None'
[0.604s] Level 5:colcon.colcon_core.verb:set package 'unitree_ros2_example' build argument 'catkin_cmake_args' from command line to 'None'
[0.604s] Level 5:colcon.colcon_core.verb:set package 'unitree_ros2_example' build argument 'catkin_skip_building_tests' from command line to 'False'
[0.604s] DEBUG:colcon.colcon_core.verb:Building package 'unitree_ros2_example' with the following arguments: {'ament_cmake_args': None, 'build_base': '/home/alireza/thesis1/navigation_go2/go2_ws/build/unitree_ros2_example', 'catkin_cmake_args': None, 'catkin_skip_building_tests': False, 'cmake_args': ['-DROS_EDITION=ROS2'], 'cmake_clean_cache': False, 'cmake_clean_first': False, 'cmake_force_configure': False, 'cmake_target': None, 'cmake_target_skip_unavailable': False, 'install_base': '/home/alireza/thesis1/navigation_go2/go2_ws/install/unitree_ros2_example', 'merge_install': False, 'path': '/home/alireza/thesis1/navigation_go2/go2_ws/src/unitree_ros2/example/src', 'symlink_install': False, 'test_result_base': None}
[0.605s] Level 5:colcon.colcon_core.verb:set package 'go2_real' build argument 'cmake_args' from command line to '['-DROS_EDITION=ROS2']'
[0.605s] Level 5:colcon.colcon_core.verb:set package 'go2_real' build argument 'cmake_target' from command line to 'None'
[0.605s] Level 5:colcon.colcon_core.verb:set package 'go2_real' build argument 'cmake_target_skip_unavailable' from command line to 'False'
[0.605s] Level 5:colcon.colcon_core.verb:set package 'go2_real' build argument 'cmake_clean_cache' from command line to 'False'
[0.605s] Level 5:colcon.colcon_core.verb:set package 'go2_real' build argument 'cmake_clean_first' from command line to 'False'
[0.605s] Level 5:colcon.colcon_core.verb:set package 'go2_real' build argument 'cmake_force_configure' from command line to 'False'
[0.605s] Level 5:colcon.colcon_core.verb:set package 'go2_real' build argument 'ament_cmake_args' from command line to 'None'
[0.605s] Level 5:colcon.colcon_core.verb:set package 'go2_real' build argument 'catkin_cmake_args' from command line to 'None'
[0.605s] Level 5:colcon.colcon_core.verb:set package 'go2_real' build argument 'catkin_skip_building_tests' from command line to 'False'
[0.605s] DEBUG:colcon.colcon_core.verb:Building package 'go2_real' with the following arguments: {'ament_cmake_args': None, 'build_base': '/home/alireza/thesis1/navigation_go2/go2_ws/build/go2_real', 'catkin_cmake_args': None, 'catkin_skip_building_tests': False, 'cmake_args': ['-DROS_EDITION=ROS2'], 'cmake_clean_cache': False, 'cmake_clean_first': False, 'cmake_force_configure': False, 'cmake_target': None, 'cmake_target_skip_unavailable': False, 'install_base': '/home/alireza/thesis1/navigation_go2/go2_ws/install/go2_real', 'merge_install': False, 'path': '/home/alireza/thesis1/navigation_go2/go2_ws/src/go2_real', 'symlink_install': False, 'test_result_base': None}
[0.605s] INFO:colcon.colcon_core.executor:Executing jobs using 'parallel' executor
[0.606s] DEBUG:colcon.colcon_parallel_executor.executor.parallel:run_until_complete
[0.607s] INFO:colcon.colcon_ros.task.ament_cmake.build:Building ROS package in '/home/alireza/thesis1/navigation_go2/go2_ws/src/go2_description' with build type 'ament_cmake'
[0.607s] INFO:colcon.colcon_cmake.task.cmake.build:Building CMake package in '/home/alireza/thesis1/navigation_go2/go2_ws/src/go2_description'
[0.609s] INFO:colcon.colcon_core.plugin_system:Skipping extension 'colcon_core.shell.bat': Not used on non-Windows systems
[0.609s] INFO:colcon.colcon_core.shell:Skip shell extension 'powershell' for command environment: Not usable outside of PowerShell
[0.609s] DEBUG:colcon.colcon_core.shell:Skip shell extension 'dsv' for command environment
[0.614s] INFO:colcon.colcon_ros.task.ament_cmake.build:Building ROS package in '/home/alireza/thesis1/navigation_go2/go2_ws/src/unitree_api' with build type 'ament_cmake'
[0.615s] INFO:colcon.colcon_cmake.task.cmake.build:Building CMake package in '/home/alireza/thesis1/navigation_go2/go2_ws/src/unitree_api'
[0.615s] INFO:colcon.colcon_core.shell:Skip shell extension 'powershell' for command environment: Not usable outside of PowerShell
[0.615s] DEBUG:colcon.colcon_core.shell:Skip shell extension 'dsv' for command environment
[0.620s] INFO:colcon.colcon_ros.task.ament_cmake.build:Building ROS package in '/home/alireza/thesis1/navigation_go2/go2_ws/src/unitree_go' with build type 'ament_cmake'
[0.621s] INFO:colcon.colcon_cmake.task.cmake.build:Building CMake package in '/home/alireza/thesis1/navigation_go2/go2_ws/src/unitree_go'
[0.621s] INFO:colcon.colcon_core.shell:Skip shell extension 'powershell' for command environment: Not usable outside of PowerShell
[0.622s] DEBUG:colcon.colcon_core.shell:Skip shell extension 'dsv' for command environment
[0.626s] INFO:colcon.colcon_ros.task.cmake.build:Building ROS package in '/home/alireza/thesis1/navigation_go2/go2_ws/src/unitree_ros2/cyclonedds_ws/src/cyclonedds' with build type 'cmake'
[0.626s] INFO:colcon.colcon_cmake.task.cmake.build:Building CMake package in '/home/alireza/thesis1/navigation_go2/go2_ws/src/unitree_ros2/cyclonedds_ws/src/cyclonedds'
[0.627s] INFO:colcon.colcon_core.shell:Skip shell extension 'powershell' for command environment: Not usable outside of PowerShell
[0.627s] DEBUG:colcon.colcon_core.shell:Skip shell extension 'dsv' for command environment
[0.632s] INFO:colcon.colcon_ros.task.ament_cmake.build:Building ROS package in '/home/alireza/thesis1/navigation_go2/go2_ws/src/livox_ros_driver2' with build type 'ament_cmake'
[0.632s] INFO:colcon.colcon_cmake.task.cmake.build:Building CMake package in '/home/alireza/thesis1/navigation_go2/go2_ws/src/livox_ros_driver2'
[0.633s] INFO:colcon.colcon_core.shell:Skip shell extension 'powershell' for command environment: Not usable outside of PowerShell
[0.633s] DEBUG:colcon.colcon_core.shell:Skip shell extension 'dsv' for command environment
[0.638s] INFO:colcon.colcon_ros.task.ament_cmake.build:Building ROS package in '/home/alireza/thesis1/navigation_go2/go2_ws/src/pointcloud_to_laserscan' with build type 'ament_cmake'
[0.639s] INFO:colcon.colcon_cmake.task.cmake.build:Building CMake package in '/home/alireza/thesis1/navigation_go2/go2_ws/src/pointcloud_to_laserscan'
[0.639s] INFO:colcon.colcon_core.shell:Skip shell extension 'powershell' for command environment: Not usable outside of PowerShell
[0.639s] DEBUG:colcon.colcon_core.shell:Skip shell extension 'dsv' for command environment
[0.644s] INFO:colcon.colcon_ros.task.ament_cmake.build:Building ROS package in '/home/alireza/thesis1/navigation_go2/go2_ws/src/unitree_hg' with build type 'ament_cmake'
[0.644s] INFO:colcon.colcon_cmake.task.cmake.build:Building CMake package in '/home/alireza/thesis1/navigation_go2/go2_ws/src/unitree_hg'
[0.645s] INFO:colcon.colcon_core.shell:Skip shell extension 'powershell' for command environment: Not usable outside of PowerShell
[0.645s] DEBUG:colcon.colcon_core.shell:Skip shell extension 'dsv' for command environment
[0.659s] DEBUG:colcon.colcon_core.event_handler.log_command:Invoking command in '/home/alireza/thesis1/navigation_go2/go2_ws/build/go2_description': CMAKE_PREFIX_PATH=/opt/ros/foxy /usr/bin/cmake /home/alireza/thesis1/navigation_go2/go2_ws/src/go2_description -DROS_EDITION=ROS2 -DCMAKE_INSTALL_PREFIX=/home/alireza/thesis1/navigation_go2/go2_ws/install/go2_description
[0.663s] DEBUG:colcon.colcon_core.event_handler.log_command:Invoking command in '/home/alireza/thesis1/navigation_go2/go2_ws/build/unitree_api': CMAKE_PREFIX_PATH=/opt/ros/foxy /usr/bin/cmake /home/alireza/thesis1/navigation_go2/go2_ws/src/unitree_api -DROS_EDITION=ROS2 -DCMAKE_INSTALL_PREFIX=/home/alireza/thesis1/navigation_go2/go2_ws/install/unitree_api
[0.670s] DEBUG:colcon.colcon_core.event_handler.log_command:Invoking command in '/home/alireza/thesis1/navigation_go2/go2_ws/build/unitree_go': CMAKE_PREFIX_PATH=/opt/ros/foxy /usr/bin/cmake /home/alireza/thesis1/navigation_go2/go2_ws/src/unitree_go -DROS_EDITION=ROS2 -DCMAKE_INSTALL_PREFIX=/home/alireza/thesis1/navigation_go2/go2_ws/install/unitree_go
[0.675s] DEBUG:colcon.colcon_core.event_handler.log_command:Invoking command in '/home/alireza/thesis1/navigation_go2/go2_ws/build/cyclonedds': CMAKE_PREFIX_PATH=/opt/ros/foxy /usr/bin/cmake /home/alireza/thesis1/navigation_go2/go2_ws/src/unitree_ros2/cyclonedds_ws/src/cyclonedds -DROS_EDITION=ROS2 -DBUILD_IDLC=AUTO -DCMAKE_INSTALL_PREFIX=/home/alireza/thesis1/navigation_go2/go2_ws/install/cyclonedds
[0.683s] DEBUG:colcon.colcon_core.event_handler.log_command:Invoking command in '/home/alireza/thesis1/navigation_go2/go2_ws/build/livox_ros_driver2': CMAKE_PREFIX_PATH=/opt/ros/foxy /usr/bin/cmake /home/alireza/thesis1/navigation_go2/go2_ws/src/livox_ros_driver2 -DROS_EDITION=ROS2 -DCMAKE_INSTALL_PREFIX=/home/alireza/thesis1/navigation_go2/go2_ws/install/livox_ros_driver2
[0.700s] DEBUG:colcon.colcon_core.event_handler.log_command:Invoking command in '/home/alireza/thesis1/navigation_go2/go2_ws/build/pointcloud_to_laserscan': CMAKE_PREFIX_PATH=/opt/ros/foxy /usr/bin/cmake /home/alireza/thesis1/navigation_go2/go2_ws/src/pointcloud_to_laserscan -DROS_EDITION=ROS2 -DCMAKE_INSTALL_PREFIX=/home/alireza/thesis1/navigation_go2/go2_ws/install/pointcloud_to_laserscan
[0.712s] DEBUG:colcon.colcon_core.event_handler.log_command:Invoking command in '/home/alireza/thesis1/navigation_go2/go2_ws/build/unitree_hg': CMAKE_PREFIX_PATH=/opt/ros/foxy /usr/bin/cmake /home/alireza/thesis1/navigation_go2/go2_ws/src/unitree_hg -DROS_EDITION=ROS2 -DCMAKE_INSTALL_PREFIX=/home/alireza/thesis1/navigation_go2/go2_ws/install/unitree_hg
[1.277s] DEBUG:colcon.colcon_core.event_handler.log_command:Invoked command in '/home/alireza/thesis1/navigation_go2/go2_ws/build/go2_description' returned '0': CMAKE_PREFIX_PATH=/opt/ros/foxy /usr/bin/cmake /home/alireza/thesis1/navigation_go2/go2_ws/src/go2_description -DROS_EDITION=ROS2 -DCMAKE_INSTALL_PREFIX=/home/alireza/thesis1/navigation_go2/go2_ws/install/go2_description
[1.278s] DEBUG:colcon.colcon_core.event_handler.log_command:Invoking command in '/home/alireza/thesis1/navigation_go2/go2_ws/build/go2_description': CMAKE_PREFIX_PATH=/opt/ros/foxy /usr/bin/cmake --build /home/alireza/thesis1/navigation_go2/go2_ws/build/go2_description -- -j8 -l8
[1.429s] DEBUG:colcon.colcon_core.event_handler.log_command:Invoked command in '/home/alireza/thesis1/navigation_go2/go2_ws/build/go2_description' returned '0': CMAKE_PREFIX_PATH=/opt/ros/foxy /usr/bin/cmake --build /home/alireza/thesis1/navigation_go2/go2_ws/build/go2_description -- -j8 -l8
[1.453s] DEBUG:colcon.colcon_core.event_handler.log_command:Invoking command in '/home/alireza/thesis1/navigation_go2/go2_ws/build/go2_description': CMAKE_PREFIX_PATH=/opt/ros/foxy /usr/bin/cmake --install /home/alireza/thesis1/navigation_go2/go2_ws/build/go2_description
[1.475s] Level 1:colcon.colcon_core.environment:create_environment_scripts_only(go2_description)
[1.479s] Level 1:colcon.colcon_core.environment:checking '/home/alireza/thesis1/navigation_go2/go2_ws/install/go2_description' for CMake module files
[1.480s] Level 1:colcon.colcon_core.environment:checking '/home/alireza/thesis1/navigation_go2/go2_ws/install/go2_description' for CMake config files
[1.481s] Level 1:colcon.colcon_core.shell:create_environment_hook('go2_description', 'cmake_prefix_path')
[1.481s] INFO:colcon.colcon_core.shell:Creating environment hook '/home/alireza/thesis1/navigation_go2/go2_ws/install/go2_description/share/go2_description/hook/cmake_prefix_path.ps1'
[1.483s] INFO:colcon.colcon_core.shell:Creating environment descriptor '/home/alireza/thesis1/navigation_go2/go2_ws/install/go2_description/share/go2_description/hook/cmake_prefix_path.dsv'
[1.484s] DEBUG:colcon.colcon_core.event_handler.log_command:Invoked command in '/home/alireza/thesis1/navigation_go2/go2_ws/build/go2_description' returned '0': CMAKE_PREFIX_PATH=/opt/ros/foxy /usr/bin/cmake --install /home/alireza/thesis1/navigation_go2/go2_ws/build/go2_description
[1.484s] INFO:colcon.colcon_core.shell:Creating environment hook '/home/alireza/thesis1/navigation_go2/go2_ws/install/go2_description/share/go2_description/hook/cmake_prefix_path.sh'
[1.486s] Level 1:colcon.colcon_core.environment:checking '/home/alireza/thesis1/navigation_go2/go2_ws/install/go2_description/bin'
[1.486s] Level 1:colcon.colcon_core.environment:checking '/home/alireza/thesis1/navigation_go2/go2_ws/install/go2_description/lib/pkgconfig/go2_description.pc'
[1.487s] Level 1:colcon.colcon_core.environment:checking '/home/alireza/thesis1/navigation_go2/go2_ws/install/go2_description/lib/python3.8/site-packages'
[1.487s] Level 1:colcon.colcon_core.environment:checking '/home/alireza/thesis1/navigation_go2/go2_ws/install/go2_description/bin'
[1.488s] INFO:colcon.colcon_core.shell:Creating package script '/home/alireza/thesis1/navigation_go2/go2_ws/install/go2_description/share/go2_description/package.ps1'
[1.490s] INFO:colcon.colcon_core.shell:Creating package descriptor '/home/alireza/thesis1/navigation_go2/go2_ws/install/go2_description/share/go2_description/package.dsv'
[1.491s] INFO:colcon.colcon_core.shell:Creating package script '/home/alireza/thesis1/navigation_go2/go2_ws/install/go2_description/share/go2_description/package.sh'
[1.492s] INFO:colcon.colcon_core.shell:Creating package script '/home/alireza/thesis1/navigation_go2/go2_ws/install/go2_description/share/go2_description/package.bash'
[1.494s] INFO:colcon.colcon_core.shell:Creating package script '/home/alireza/thesis1/navigation_go2/go2_ws/install/go2_description/share/go2_description/package.zsh'
[1.497s] Level 1:colcon.colcon_core.environment:create_file_with_runtime_dependencies(/home/alireza/thesis1/navigation_go2/go2_ws/install/go2_description/share/colcon-core/packages/go2_description)
[1.502s] Level 1:colcon.colcon_core.environment:create_environment_scripts_only(go2_description)
[1.502s] Level 1:colcon.colcon_core.environment:checking '/home/alireza/thesis1/navigation_go2/go2_ws/install/go2_description' for CMake module files
[1.503s] Level 1:colcon.colcon_core.environment:checking '/home/alireza/thesis1/navigation_go2/go2_ws/install/go2_description' for CMake config files
[1.504s] Level 1:colcon.colcon_core.shell:create_environment_hook('go2_description', 'cmake_prefix_path')
[1.504s] INFO:colcon.colcon_core.shell:Creating environment hook '/home/alireza/thesis1/navigation_go2/go2_ws/install/go2_description/share/go2_description/hook/cmake_prefix_path.ps1'
[1.505s] INFO:colcon.colcon_core.shell:Creating environment descriptor '/home/alireza/thesis1/navigation_go2/go2_ws/install/go2_description/share/go2_description/hook/cmake_prefix_path.dsv'
[1.512s] INFO:colcon.colcon_core.shell:Creating environment hook '/home/alireza/thesis1/navigation_go2/go2_ws/install/go2_description/share/go2_description/hook/cmake_prefix_path.sh'
[1.514s] Level 1:colcon.colcon_core.environment:checking '/home/alireza/thesis1/navigation_go2/go2_ws/install/go2_description/bin'
[1.514s] Level 1:colcon.colcon_core.environment:checking '/home/alireza/thesis1/navigation_go2/go2_ws/install/go2_description/lib/pkgconfig/go2_description.pc'
[1.514s] Level 1:colcon.colcon_core.environment:checking '/home/alireza/thesis1/navigation_go2/go2_ws/install/go2_description/lib/python3.8/site-packages'
[1.515s] Level 1:colcon.colcon_core.environment:checking '/home/alireza/thesis1/navigation_go2/go2_ws/install/go2_description/bin'
[1.516s] INFO:colcon.colcon_core.shell:Creating package script '/home/alireza/thesis1/navigation_go2/go2_ws/install/go2_description/share/go2_description/package.ps1'
[1.517s] INFO:colcon.colcon_core.shell:Creating package descriptor '/home/alireza/thesis1/navigation_go2/go2_ws/install/go2_description/share/go2_description/package.dsv'
[1.521s] INFO:colcon.colcon_core.shell:Creating package script '/home/alireza/thesis1/navigation_go2/go2_ws/install/go2_description/share/go2_description/package.sh'
[1.522s] INFO:colcon.colcon_core.shell:Creating package script '/home/alireza/thesis1/navigation_go2/go2_ws/install/go2_description/share/go2_description/package.bash'
[1.523s] INFO:colcon.colcon_core.shell:Creating package script '/home/alireza/thesis1/navigation_go2/go2_ws/install/go2_description/share/go2_description/package.zsh'
[1.529s] Level 1:colcon.colcon_core.environment:create_file_with_runtime_dependencies(/home/alireza/thesis1/navigation_go2/go2_ws/install/go2_description/share/colcon-core/packages/go2_description)
[1.531s] INFO:colcon.colcon_ros.task.ament_cmake.build:Building ROS package in '/home/alireza/thesis1/navigation_go2/go2_ws/src/go2_gazebo' with build type 'ament_cmake'
[1.537s] INFO:colcon.colcon_cmake.task.cmake.build:Building CMake package in '/home/alireza/thesis1/navigation_go2/go2_ws/src/go2_gazebo'
[1.537s] INFO:colcon.colcon_core.shell:Skip shell extension 'powershell' for command environment: Not usable outside of PowerShell
[1.537s] DEBUG:colcon.colcon_core.shell:Skip shell extension 'dsv' for command environment
[1.578s] DEBUG:colcon.colcon_core.event_handler.log_command:Invoking command in '/home/alireza/thesis1/navigation_go2/go2_ws/build/go2_gazebo': AMENT_PREFIX_PATH=/home/alireza/thesis1/navigation_go2/go2_ws/install/go2_description:${AMENT_PREFIX_PATH} CMAKE_PREFIX_PATH=/home/alireza/thesis1/navigation_go2/go2_ws/install/go2_description:/opt/ros/foxy /usr/bin/cmake /home/alireza/thesis1/navigation_go2/go2_ws/src/go2_gazebo -DROS_EDITION=ROS2 -DCMAKE_INSTALL_PREFIX=/home/alireza/thesis1/navigation_go2/go2_ws/install/go2_gazebo
[2.309s] DEBUG:colcon.colcon_core.event_handler.log_command:Invoked command in '/home/alireza/thesis1/navigation_go2/go2_ws/build/go2_gazebo' returned '0': AMENT_PREFIX_PATH=/home/alireza/thesis1/navigation_go2/go2_ws/install/go2_description:${AMENT_PREFIX_PATH} CMAKE_PREFIX_PATH=/home/alireza/thesis1/navigation_go2/go2_ws/install/go2_description:/opt/ros/foxy /usr/bin/cmake /home/alireza/thesis1/navigation_go2/go2_ws/src/go2_gazebo -DROS_EDITION=ROS2 -DCMAKE_INSTALL_PREFIX=/home/alireza/thesis1/navigation_go2/go2_ws/install/go2_gazebo
[2.311s] DEBUG:colcon.colcon_core.event_handler.log_command:Invoking command in '/home/alireza/thesis1/navigation_go2/go2_ws/build/go2_gazebo': AMENT_PREFIX_PATH=/home/alireza/thesis1/navigation_go2/go2_ws/install/go2_description:${AMENT_PREFIX_PATH} CMAKE_PREFIX_PATH=/home/alireza/thesis1/navigation_go2/go2_ws/install/go2_description:/opt/ros/foxy /usr/bin/cmake --build /home/alireza/thesis1/navigation_go2/go2_ws/build/go2_gazebo -- -j8 -l8
[2.467s] DEBUG:colcon.colcon_core.event_handler.log_command:Invoked command in '/home/alireza/thesis1/navigation_go2/go2_ws/build/go2_gazebo' returned '0': AMENT_PREFIX_PATH=/home/alireza/thesis1/navigation_go2/go2_ws/install/go2_description:${AMENT_PREFIX_PATH} CMAKE_PREFIX_PATH=/home/alireza/thesis1/navigation_go2/go2_ws/install/go2_description:/opt/ros/foxy /usr/bin/cmake --build /home/alireza/thesis1/navigation_go2/go2_ws/build/go2_gazebo -- -j8 -l8
[2.468s] DEBUG:colcon.colcon_core.event_handler.log_command:Invoking command in '/home/alireza/thesis1/navigation_go2/go2_ws/build/go2_gazebo': AMENT_PREFIX_PATH=/home/alireza/thesis1/navigation_go2/go2_ws/install/go2_description:${AMENT_PREFIX_PATH} CMAKE_PREFIX_PATH=/home/alireza/thesis1/navigation_go2/go2_ws/install/go2_description:/opt/ros/foxy /usr/bin/cmake --install /home/alireza/thesis1/navigation_go2/go2_ws/build/go2_gazebo
[2.579s] Level 1:colcon.colcon_core.environment:create_environment_scripts_only(go2_gazebo)
[2.582s] Level 1:colcon.colcon_core.environment:checking '/home/alireza/thesis1/navigation_go2/go2_ws/install/go2_gazebo' for CMake module files
[2.586s] DEBUG:colcon.colcon_core.event_handler.log_command:Invoked command in '/home/alireza/thesis1/navigation_go2/go2_ws/build/go2_gazebo' returned '0': AMENT_PREFIX_PATH=/home/alireza/thesis1/navigation_go2/go2_ws/install/go2_description:${AMENT_PREFIX_PATH} CMAKE_PREFIX_PATH=/home/alireza/thesis1/navigation_go2/go2_ws/install/go2_description:/opt/ros/foxy /usr/bin/cmake --install /home/alireza/thesis1/navigation_go2/go2_ws/build/go2_gazebo
[2.588s] Level 1:colcon.colcon_core.environment:checking '/home/alireza/thesis1/navigation_go2/go2_ws/install/go2_gazebo' for CMake config files
[2.590s] Level 1:colcon.colcon_core.shell:create_environment_hook('go2_gazebo', 'cmake_prefix_path')
[2.592s] INFO:colcon.colcon_core.shell:Creating environment hook '/home/alireza/thesis1/navigation_go2/go2_ws/install/go2_gazebo/share/go2_gazebo/hook/cmake_prefix_path.ps1'
[2.600s] INFO:colcon.colcon_core.shell:Creating environment descriptor '/home/alireza/thesis1/navigation_go2/go2_ws/install/go2_gazebo/share/go2_gazebo/hook/cmake_prefix_path.dsv'
[2.603s] INFO:colcon.colcon_core.shell:Creating environment hook '/home/alireza/thesis1/navigation_go2/go2_ws/install/go2_gazebo/share/go2_gazebo/hook/cmake_prefix_path.sh'
[2.607s] Level 1:colcon.colcon_core.environment:checking '/home/alireza/thesis1/navigation_go2/go2_ws/install/go2_gazebo/lib'
[2.608s] Level 1:colcon.colcon_core.environment:checking '/home/alireza/thesis1/navigation_go2/go2_ws/install/go2_gazebo/bin'
[2.609s] Level 1:colcon.colcon_core.environment:checking '/home/alireza/thesis1/navigation_go2/go2_ws/install/go2_gazebo/lib/pkgconfig/go2_gazebo.pc'
[2.611s] Level 1:colcon.colcon_core.environment:checking '/home/alireza/thesis1/navigation_go2/go2_ws/install/go2_gazebo/lib/python3.8/site-packages'
[2.613s] Level 1:colcon.colcon_core.environment:checking '/home/alireza/thesis1/navigation_go2/go2_ws/install/go2_gazebo/bin'
[2.615s] INFO:colcon.colcon_core.shell:Creating package script '/home/alireza/thesis1/navigation_go2/go2_ws/install/go2_gazebo/share/go2_gazebo/package.ps1'
[2.620s] INFO:colcon.colcon_core.shell:Creating package descriptor '/home/alireza/thesis1/navigation_go2/go2_ws/install/go2_gazebo/share/go2_gazebo/package.dsv'
[2.622s] INFO:colcon.colcon_core.shell:Creating package script '/home/alireza/thesis1/navigation_go2/go2_ws/install/go2_gazebo/share/go2_gazebo/package.sh'
[2.625s] INFO:colcon.colcon_core.shell:Creating package script '/home/alireza/thesis1/navigation_go2/go2_ws/install/go2_gazebo/share/go2_gazebo/package.bash'
[2.627s] INFO:colcon.colcon_core.shell:Creating package script '/home/alireza/thesis1/navigation_go2/go2_ws/install/go2_gazebo/share/go2_gazebo/package.zsh'
[2.630s] Level 1:colcon.colcon_core.environment:create_file_with_runtime_dependencies(/home/alireza/thesis1/navigation_go2/go2_ws/install/go2_gazebo/share/colcon-core/packages/go2_gazebo)
[2.634s] Level 1:colcon.colcon_core.environment:create_environment_scripts_only(go2_gazebo)
[2.635s] Level 1:colcon.colcon_core.environment:checking '/home/alireza/thesis1/navigation_go2/go2_ws/install/go2_gazebo' for CMake module files
[2.639s] Level 1:colcon.colcon_core.environment:checking '/home/alireza/thesis1/navigation_go2/go2_ws/install/go2_gazebo' for CMake config files
[2.640s] Level 1:colcon.colcon_core.shell:create_environment_hook('go2_gazebo', 'cmake_prefix_path')
[2.642s] INFO:colcon.colcon_core.shell:Creating environment hook '/home/alireza/thesis1/navigation_go2/go2_ws/install/go2_gazebo/share/go2_gazebo/hook/cmake_prefix_path.ps1'
[2.644s] INFO:colcon.colcon_core.shell:Creating environment descriptor '/home/alireza/thesis1/navigation_go2/go2_ws/install/go2_gazebo/share/go2_gazebo/hook/cmake_prefix_path.dsv'
[2.646s] INFO:colcon.colcon_core.shell:Creating environment hook '/home/alireza/thesis1/navigation_go2/go2_ws/install/go2_gazebo/share/go2_gazebo/hook/cmake_prefix_path.sh'
[2.650s] Level 1:colcon.colcon_core.environment:checking '/home/alireza/thesis1/navigation_go2/go2_ws/install/go2_gazebo/lib'
[2.650s] Level 1:colcon.colcon_core.environment:checking '/home/alireza/thesis1/navigation_go2/go2_ws/install/go2_gazebo/bin'
[2.651s] Level 1:colcon.colcon_core.environment:checking '/home/alireza/thesis1/navigation_go2/go2_ws/install/go2_gazebo/lib/pkgconfig/go2_gazebo.pc'
[2.652s] Level 1:colcon.colcon_core.environment:checking '/home/alireza/thesis1/navigation_go2/go2_ws/install/go2_gazebo/lib/python3.8/site-packages'
[2.655s] Level 1:colcon.colcon_core.environment:checking '/home/alireza/thesis1/navigation_go2/go2_ws/install/go2_gazebo/bin'
[2.657s] INFO:colcon.colcon_core.shell:Creating package script '/home/alireza/thesis1/navigation_go2/go2_ws/install/go2_gazebo/share/go2_gazebo/package.ps1'
[2.661s] INFO:colcon.colcon_core.shell:Creating package descriptor '/home/alireza/thesis1/navigation_go2/go2_ws/install/go2_gazebo/share/go2_gazebo/package.dsv'
[2.664s] INFO:colcon.colcon_core.shell:Creating package script '/home/alireza/thesis1/navigation_go2/go2_ws/install/go2_gazebo/share/go2_gazebo/package.sh'
[2.667s] INFO:colcon.colcon_core.shell:Creating package script '/home/alireza/thesis1/navigation_go2/go2_ws/install/go2_gazebo/share/go2_gazebo/package.bash'
[2.670s] INFO:colcon.colcon_core.shell:Creating package script '/home/alireza/thesis1/navigation_go2/go2_ws/install/go2_gazebo/share/go2_gazebo/package.zsh'
[2.672s] Level 1:colcon.colcon_core.environment:create_file_with_runtime_dependencies(/home/alireza/thesis1/navigation_go2/go2_ws/install/go2_gazebo/share/colcon-core/packages/go2_gazebo)
[4.763s] DEBUG:colcon.colcon_core.event_handler.log_command:Invoked command in '/home/alireza/thesis1/navigation_go2/go2_ws/build/pointcloud_to_laserscan' returned '0': CMAKE_PREFIX_PATH=/opt/ros/foxy /usr/bin/cmake /home/alireza/thesis1/navigation_go2/go2_ws/src/pointcloud_to_laserscan -DROS_EDITION=ROS2 -DCMAKE_INSTALL_PREFIX=/home/alireza/thesis1/navigation_go2/go2_ws/install/pointcloud_to_laserscan
[4.765s] DEBUG:colcon.colcon_core.event_handler.log_command:Invoking command in '/home/alireza/thesis1/navigation_go2/go2_ws/build/pointcloud_to_laserscan': CMAKE_PREFIX_PATH=/opt/ros/foxy /usr/bin/cmake --build /home/alireza/thesis1/navigation_go2/go2_ws/build/pointcloud_to_laserscan -- -j8 -l8
[4.950s] DEBUG:colcon.colcon_core.event_handler.log_command:Invoked command in '/home/alireza/thesis1/navigation_go2/go2_ws/build/unitree_api' returned '0': CMAKE_PREFIX_PATH=/opt/ros/foxy /usr/bin/cmake /home/alireza/thesis1/navigation_go2/go2_ws/src/unitree_api -DROS_EDITION=ROS2 -DCMAKE_INSTALL_PREFIX=/home/alireza/thesis1/navigation_go2/go2_ws/install/unitree_api
[4.955s] DEBUG:colcon.colcon_core.event_handler.log_command:Invoking command in '/home/alireza/thesis1/navigation_go2/go2_ws/build/unitree_api': CMAKE_PREFIX_PATH=/opt/ros/foxy /usr/bin/cmake --build /home/alireza/thesis1/navigation_go2/go2_ws/build/unitree_api -- -j8 -l8
[4.997s] DEBUG:colcon.colcon_core.event_handler.log_command:Invoked command in '/home/alireza/thesis1/navigation_go2/go2_ws/build/unitree_hg' returned '0': CMAKE_PREFIX_PATH=/opt/ros/foxy /usr/bin/cmake /home/alireza/thesis1/navigation_go2/go2_ws/src/unitree_hg -DROS_EDITION=ROS2 -DCMAKE_INSTALL_PREFIX=/home/alireza/thesis1/navigation_go2/go2_ws/install/unitree_hg
[4.998s] DEBUG:colcon.colcon_core.event_handler.log_command:Invoking command in '/home/alireza/thesis1/navigation_go2/go2_ws/build/unitree_hg': CMAKE_PREFIX_PATH=/opt/ros/foxy /usr/bin/cmake --build /home/alireza/thesis1/navigation_go2/go2_ws/build/unitree_hg -- -j8 -l8
[5.039s] DEBUG:colcon.colcon_core.event_handler.log_command:Invoked command in '/home/alireza/thesis1/navigation_go2/go2_ws/build/pointcloud_to_laserscan' returned '0': CMAKE_PREFIX_PATH=/opt/ros/foxy /usr/bin/cmake --build /home/alireza/thesis1/navigation_go2/go2_ws/build/pointcloud_to_laserscan -- -j8 -l8
[5.042s] DEBUG:colcon.colcon_core.event_handler.log_command:Invoking command in '/home/alireza/thesis1/navigation_go2/go2_ws/build/pointcloud_to_laserscan': CMAKE_PREFIX_PATH=/opt/ros/foxy /usr/bin/cmake --install /home/alireza/thesis1/navigation_go2/go2_ws/build/pointcloud_to_laserscan
[5.075s] Level 1:colcon.colcon_core.environment:create_environment_scripts_only(pointcloud_to_laserscan)
[5.076s] Level 1:colcon.colcon_core.environment:checking '/home/alireza/thesis1/navigation_go2/go2_ws/install/pointcloud_to_laserscan' for CMake module files
[5.079s] DEBUG:colcon.colcon_core.event_handler.log_command:Invoked command in '/home/alireza/thesis1/navigation_go2/go2_ws/build/pointcloud_to_laserscan' returned '0': CMAKE_PREFIX_PATH=/opt/ros/foxy /usr/bin/cmake --install /home/alireza/thesis1/navigation_go2/go2_ws/build/pointcloud_to_laserscan
[5.080s] Level 1:colcon.colcon_core.environment:checking '/home/alireza/thesis1/navigation_go2/go2_ws/install/pointcloud_to_laserscan' for CMake config files
[5.080s] Level 1:colcon.colcon_core.shell:create_environment_hook('pointcloud_to_laserscan', 'cmake_prefix_path')
[5.081s] INFO:colcon.colcon_core.shell:Creating environment hook '/home/alireza/thesis1/navigation_go2/go2_ws/install/pointcloud_to_laserscan/share/pointcloud_to_laserscan/hook/cmake_prefix_path.ps1'
[5.082s] INFO:colcon.colcon_core.shell:Creating environment descriptor '/home/alireza/thesis1/navigation_go2/go2_ws/install/pointcloud_to_laserscan/share/pointcloud_to_laserscan/hook/cmake_prefix_path.dsv'
[5.083s] INFO:colcon.colcon_core.shell:Creating environment hook '/home/alireza/thesis1/navigation_go2/go2_ws/install/pointcloud_to_laserscan/share/pointcloud_to_laserscan/hook/cmake_prefix_path.sh'
[5.086s] Level 1:colcon.colcon_core.environment:checking '/home/alireza/thesis1/navigation_go2/go2_ws/install/pointcloud_to_laserscan/lib'
[5.086s] Level 1:colcon.colcon_core.shell:create_environment_hook('pointcloud_to_laserscan', 'ld_library_path_lib')
[5.088s] INFO:colcon.colcon_core.shell:Creating environment hook '/home/alireza/thesis1/navigation_go2/go2_ws/install/pointcloud_to_laserscan/share/pointcloud_to_laserscan/hook/ld_library_path_lib.ps1'
[5.090s] INFO:colcon.colcon_core.shell:Creating environment descriptor '/home/alireza/thesis1/navigation_go2/go2_ws/install/pointcloud_to_laserscan/share/pointcloud_to_laserscan/hook/ld_library_path_lib.dsv'
[5.091s] INFO:colcon.colcon_core.shell:Creating environment hook '/home/alireza/thesis1/navigation_go2/go2_ws/install/pointcloud_to_laserscan/share/pointcloud_to_laserscan/hook/ld_library_path_lib.sh'
[5.092s] Level 1:colcon.colcon_core.environment:checking '/home/alireza/thesis1/navigation_go2/go2_ws/install/pointcloud_to_laserscan/bin'
[5.092s] Level 1:colcon.colcon_core.environment:checking '/home/alireza/thesis1/navigation_go2/go2_ws/install/pointcloud_to_laserscan/lib/pkgconfig/pointcloud_to_laserscan.pc'
[5.092s] Level 1:colcon.colcon_core.environment:checking '/home/alireza/thesis1/navigation_go2/go2_ws/install/pointcloud_to_laserscan/lib/python3.8/site-packages'
[5.093s] Level 1:colcon.colcon_core.environment:checking '/home/alireza/thesis1/navigation_go2/go2_ws/install/pointcloud_to_laserscan/bin'
[5.094s] INFO:colcon.colcon_core.shell:Creating package script '/home/alireza/thesis1/navigation_go2/go2_ws/install/pointcloud_to_laserscan/share/pointcloud_to_laserscan/package.ps1'
[5.095s] INFO:colcon.colcon_core.shell:Creating package descriptor '/home/alireza/thesis1/navigation_go2/go2_ws/install/pointcloud_to_laserscan/share/pointcloud_to_laserscan/package.dsv'
[5.096s] INFO:colcon.colcon_core.shell:Creating package script '/home/alireza/thesis1/navigation_go2/go2_ws/install/pointcloud_to_laserscan/share/pointcloud_to_laserscan/package.sh'
[5.097s] INFO:colcon.colcon_core.shell:Creating package script '/home/alireza/thesis1/navigation_go2/go2_ws/install/pointcloud_to_laserscan/share/pointcloud_to_laserscan/package.bash'
[5.098s] INFO:colcon.colcon_core.shell:Creating package script '/home/alireza/thesis1/navigation_go2/go2_ws/install/pointcloud_to_laserscan/share/pointcloud_to_laserscan/package.zsh'
[5.099s] Level 1:colcon.colcon_core.environment:create_file_with_runtime_dependencies(/home/alireza/thesis1/navigation_go2/go2_ws/install/pointcloud_to_laserscan/share/colcon-core/packages/pointcloud_to_laserscan)
[5.100s] Level 1:colcon.colcon_core.environment:create_environment_scripts_only(pointcloud_to_laserscan)
[5.100s] Level 1:colcon.colcon_core.environment:checking '/home/alireza/thesis1/navigation_go2/go2_ws/install/pointcloud_to_laserscan' for CMake module files
[5.101s] Level 1:colcon.colcon_core.environment:checking '/home/alireza/thesis1/navigation_go2/go2_ws/install/pointcloud_to_laserscan' for CMake config files
[5.102s] Level 1:colcon.colcon_core.shell:create_environment_hook('pointcloud_to_laserscan', 'cmake_prefix_path')
[5.102s] INFO:colcon.colcon_core.shell:Creating environment hook '/home/alireza/thesis1/navigation_go2/go2_ws/install/pointcloud_to_laserscan/share/pointcloud_to_laserscan/hook/cmake_prefix_path.ps1'
[5.103s] INFO:colcon.colcon_core.shell:Creating environment descriptor '/home/alireza/thesis1/navigation_go2/go2_ws/install/pointcloud_to_laserscan/share/pointcloud_to_laserscan/hook/cmake_prefix_path.dsv'
[5.104s] INFO:colcon.colcon_core.shell:Creating environment hook '/home/alireza/thesis1/navigation_go2/go2_ws/install/pointcloud_to_laserscan/share/pointcloud_to_laserscan/hook/cmake_prefix_path.sh'
[5.105s] Level 1:colcon.colcon_core.environment:checking '/home/alireza/thesis1/navigation_go2/go2_ws/install/pointcloud_to_laserscan/lib'
[5.105s] Level 1:colcon.colcon_core.shell:create_environment_hook('pointcloud_to_laserscan', 'ld_library_path_lib')
[5.106s] INFO:colcon.colcon_core.shell:Creating environment hook '/home/alireza/thesis1/navigation_go2/go2_ws/install/pointcloud_to_laserscan/share/pointcloud_to_laserscan/hook/ld_library_path_lib.ps1'
[5.107s] INFO:colcon.colcon_core.shell:Creating environment descriptor '/home/alireza/thesis1/navigation_go2/go2_ws/install/pointcloud_to_laserscan/share/pointcloud_to_laserscan/hook/ld_library_path_lib.dsv'
[5.108s] INFO:colcon.colcon_core.shell:Creating environment hook '/home/alireza/thesis1/navigation_go2/go2_ws/install/pointcloud_to_laserscan/share/pointcloud_to_laserscan/hook/ld_library_path_lib.sh'
[5.109s] Level 1:colcon.colcon_core.environment:checking '/home/alireza/thesis1/navigation_go2/go2_ws/install/pointcloud_to_laserscan/bin'
[5.109s] Level 1:colcon.colcon_core.environment:checking '/home/alireza/thesis1/navigation_go2/go2_ws/install/pointcloud_to_laserscan/lib/pkgconfig/pointcloud_to_laserscan.pc'
[5.109s] Level 1:colcon.colcon_core.environment:checking '/home/alireza/thesis1/navigation_go2/go2_ws/install/pointcloud_to_laserscan/lib/python3.8/site-packages'
[5.110s] Level 1:colcon.colcon_core.environment:checking '/home/alireza/thesis1/navigation_go2/go2_ws/install/pointcloud_to_laserscan/bin'
[5.111s] INFO:colcon.colcon_core.shell:Creating package script '/home/alireza/thesis1/navigation_go2/go2_ws/install/pointcloud_to_laserscan/share/pointcloud_to_laserscan/package.ps1'
[5.113s] INFO:colcon.colcon_core.shell:Creating package descriptor '/home/alireza/thesis1/navigation_go2/go2_ws/install/pointcloud_to_laserscan/share/pointcloud_to_laserscan/package.dsv'
[5.114s] INFO:colcon.colcon_core.shell:Creating package script '/home/alireza/thesis1/navigation_go2/go2_ws/install/pointcloud_to_laserscan/share/pointcloud_to_laserscan/package.sh'
[5.115s] INFO:colcon.colcon_core.shell:Creating package script '/home/alireza/thesis1/navigation_go2/go2_ws/install/pointcloud_to_laserscan/share/pointcloud_to_laserscan/package.bash'
[5.116s] INFO:colcon.colcon_core.shell:Creating package script '/home/alireza/thesis1/navigation_go2/go2_ws/install/pointcloud_to_laserscan/share/pointcloud_to_laserscan/package.zsh'
[5.118s] Level 1:colcon.colcon_core.environment:create_file_with_runtime_dependencies(/home/alireza/thesis1/navigation_go2/go2_ws/install/pointcloud_to_laserscan/share/colcon-core/packages/pointcloud_to_laserscan)
[5.375s] DEBUG:colcon.colcon_core.event_handler.log_command:Invoked command in '/home/alireza/thesis1/navigation_go2/go2_ws/build/unitree_go' returned '0': CMAKE_PREFIX_PATH=/opt/ros/foxy /usr/bin/cmake /home/alireza/thesis1/navigation_go2/go2_ws/src/unitree_go -DROS_EDITION=ROS2 -DCMAKE_INSTALL_PREFIX=/home/alireza/thesis1/navigation_go2/go2_ws/install/unitree_go
[5.376s] DEBUG:colcon.colcon_core.event_handler.log_command:Invoking command in '/home/alireza/thesis1/navigation_go2/go2_ws/build/unitree_go': CMAKE_PREFIX_PATH=/opt/ros/foxy /usr/bin/cmake --build /home/alireza/thesis1/navigation_go2/go2_ws/build/unitree_go -- -j8 -l8
[5.614s] DEBUG:colcon.colcon_core.event_handler.log_command:Invoked command in '/home/alireza/thesis1/navigation_go2/go2_ws/build/unitree_api' returned '0': CMAKE_PREFIX_PATH=/opt/ros/foxy /usr/bin/cmake --build /home/alireza/thesis1/navigation_go2/go2_ws/build/unitree_api -- -j8 -l8
[5.618s] DEBUG:colcon.colcon_core.event_handler.log_command:Invoking command in '/home/alireza/thesis1/navigation_go2/go2_ws/build/unitree_api': CMAKE_PREFIX_PATH=/opt/ros/foxy /usr/bin/cmake --install /home/alireza/thesis1/navigation_go2/go2_ws/build/unitree_api
[5.744s] DEBUG:colcon.colcon_core.event_handler.log_command:Invoked command in '/home/alireza/thesis1/navigation_go2/go2_ws/build/unitree_hg' returned '0': CMAKE_PREFIX_PATH=/opt/ros/foxy /usr/bin/cmake --build /home/alireza/thesis1/navigation_go2/go2_ws/build/unitree_hg -- -j8 -l8
[5.750s] DEBUG:colcon.colcon_core.event_handler.log_command:Invoking command in '/home/alireza/thesis1/navigation_go2/go2_ws/build/unitree_hg': CMAKE_PREFIX_PATH=/opt/ros/foxy /usr/bin/cmake --install /home/alireza/thesis1/navigation_go2/go2_ws/build/unitree_hg
[6.224s] Level 1:colcon.colcon_core.environment:create_environment_scripts_only(unitree_api)
[6.226s] Level 1:colcon.colcon_core.environment:checking '/home/alireza/thesis1/navigation_go2/go2_ws/install/unitree_api' for CMake module files
[6.230s] Level 1:colcon.colcon_core.environment:checking '/home/alireza/thesis1/navigation_go2/go2_ws/install/unitree_api' for CMake config files
[6.233s] Level 1:colcon.colcon_core.shell:create_environment_hook('unitree_api', 'cmake_prefix_path')
[6.235s] INFO:colcon.colcon_core.shell:Creating environment hook '/home/alireza/thesis1/navigation_go2/go2_ws/install/unitree_api/share/unitree_api/hook/cmake_prefix_path.ps1'
[6.238s] INFO:colcon.colcon_core.shell:Creating environment descriptor '/home/alireza/thesis1/navigation_go2/go2_ws/install/unitree_api/share/unitree_api/hook/cmake_prefix_path.dsv'
[6.241s] INFO:colcon.colcon_core.shell:Creating environment hook '/home/alireza/thesis1/navigation_go2/go2_ws/install/unitree_api/share/unitree_api/hook/cmake_prefix_path.sh'
[6.257s] Level 1:colcon.colcon_core.environment:checking '/home/alireza/thesis1/navigation_go2/go2_ws/install/unitree_api/lib'
[6.257s] Level 1:colcon.colcon_core.shell:create_environment_hook('unitree_api', 'ld_library_path_lib')
[6.259s] INFO:colcon.colcon_core.shell:Creating environment hook '/home/alireza/thesis1/navigation_go2/go2_ws/install/unitree_api/share/unitree_api/hook/ld_library_path_lib.ps1'
[6.262s] INFO:colcon.colcon_core.shell:Creating environment descriptor '/home/alireza/thesis1/navigation_go2/go2_ws/install/unitree_api/share/unitree_api/hook/ld_library_path_lib.dsv'
[6.264s] INFO:colcon.colcon_core.shell:Creating environment hook '/home/alireza/thesis1/navigation_go2/go2_ws/install/unitree_api/share/unitree_api/hook/ld_library_path_lib.sh'
[6.265s] DEBUG:colcon.colcon_core.event_handler.log_command:Invoked command in '/home/alireza/thesis1/navigation_go2/go2_ws/build/unitree_api' returned '0': CMAKE_PREFIX_PATH=/opt/ros/foxy /usr/bin/cmake --install /home/alireza/thesis1/navigation_go2/go2_ws/build/unitree_api
[6.268s] Level 1:colcon.colcon_core.environment:checking '/home/alireza/thesis1/navigation_go2/go2_ws/install/unitree_api/bin'
[6.269s] Level 1:colcon.colcon_core.environment:checking '/home/alireza/thesis1/navigation_go2/go2_ws/install/unitree_api/lib/pkgconfig/unitree_api.pc'
[6.271s] Level 1:colcon.colcon_core.environment:checking '/home/alireza/thesis1/navigation_go2/go2_ws/install/unitree_api/lib/python3.8/site-packages'
[6.271s] Level 1:colcon.colcon_core.shell:create_environment_hook('unitree_api', 'pythonpath')
[6.273s] INFO:colcon.colcon_core.shell:Creating environment hook '/home/alireza/thesis1/navigation_go2/go2_ws/install/unitree_api/share/unitree_api/hook/pythonpath.ps1'
[6.275s] INFO:colcon.colcon_core.shell:Creating environment descriptor '/home/alireza/thesis1/navigation_go2/go2_ws/install/unitree_api/share/unitree_api/hook/pythonpath.dsv'
[6.278s] INFO:colcon.colcon_core.shell:Creating environment hook '/home/alireza/thesis1/navigation_go2/go2_ws/install/unitree_api/share/unitree_api/hook/pythonpath.sh'
[6.282s] Level 1:colcon.colcon_core.environment:checking '/home/alireza/thesis1/navigation_go2/go2_ws/install/unitree_api/bin'
[6.285s] INFO:colcon.colcon_core.shell:Creating package script '/home/alireza/thesis1/navigation_go2/go2_ws/install/unitree_api/share/unitree_api/package.ps1'
[6.290s] INFO:colcon.colcon_core.shell:Creating package descriptor '/home/alireza/thesis1/navigation_go2/go2_ws/install/unitree_api/share/unitree_api/package.dsv'
[6.294s] INFO:colcon.colcon_core.shell:Creating package script '/home/alireza/thesis1/navigation_go2/go2_ws/install/unitree_api/share/unitree_api/package.sh'
[6.297s] INFO:colcon.colcon_core.shell:Creating package script '/home/alireza/thesis1/navigation_go2/go2_ws/install/unitree_api/share/unitree_api/package.bash'
[6.300s] INFO:colcon.colcon_core.shell:Creating package script '/home/alireza/thesis1/navigation_go2/go2_ws/install/unitree_api/share/unitree_api/package.zsh'
[6.303s] Level 1:colcon.colcon_core.environment:create_file_with_runtime_dependencies(/home/alireza/thesis1/navigation_go2/go2_ws/install/unitree_api/share/colcon-core/packages/unitree_api)
[6.307s] Level 1:colcon.colcon_core.environment:create_environment_scripts_only(unitree_api)
[6.309s] Level 1:colcon.colcon_core.environment:checking '/home/alireza/thesis1/navigation_go2/go2_ws/install/unitree_api' for CMake module files
[6.313s] Level 1:colcon.colcon_core.environment:checking '/home/alireza/thesis1/navigation_go2/go2_ws/install/unitree_api' for CMake config files
[6.315s] Level 1:colcon.colcon_core.shell:create_environment_hook('unitree_api', 'cmake_prefix_path')
[6.317s] INFO:colcon.colcon_core.shell:Creating environment hook '/home/alireza/thesis1/navigation_go2/go2_ws/install/unitree_api/share/unitree_api/hook/cmake_prefix_path.ps1'
[6.320s] INFO:colcon.colcon_core.shell:Creating environment descriptor '/home/alireza/thesis1/navigation_go2/go2_ws/install/unitree_api/share/unitree_api/hook/cmake_prefix_path.dsv'
[6.322s] INFO:colcon.colcon_core.shell:Creating environment hook '/home/alireza/thesis1/navigation_go2/go2_ws/install/unitree_api/share/unitree_api/hook/cmake_prefix_path.sh'
[6.326s] Level 1:colcon.colcon_core.environment:checking '/home/alireza/thesis1/navigation_go2/go2_ws/install/unitree_api/lib'
[6.326s] Level 1:colcon.colcon_core.shell:create_environment_hook('unitree_api', 'ld_library_path_lib')
[6.328s] INFO:colcon.colcon_core.shell:Creating environment hook '/home/alireza/thesis1/navigation_go2/go2_ws/install/unitree_api/share/unitree_api/hook/ld_library_path_lib.ps1'
[6.331s] INFO:colcon.colcon_core.shell:Creating environment descriptor '/home/alireza/thesis1/navigation_go2/go2_ws/install/unitree_api/share/unitree_api/hook/ld_library_path_lib.dsv'
[6.333s] INFO:colcon.colcon_core.shell:Creating environment hook '/home/alireza/thesis1/navigation_go2/go2_ws/install/unitree_api/share/unitree_api/hook/ld_library_path_lib.sh'
[6.336s] Level 1:colcon.colcon_core.environment:checking '/home/alireza/thesis1/navigation_go2/go2_ws/install/unitree_api/bin'
[6.336s] Level 1:colcon.colcon_core.environment:checking '/home/alireza/thesis1/navigation_go2/go2_ws/install/unitree_api/lib/pkgconfig/unitree_api.pc'
[6.338s] Level 1:colcon.colcon_core.environment:checking '/home/alireza/thesis1/navigation_go2/go2_ws/install/unitree_api/lib/python3.8/site-packages'
[6.338s] Level 1:colcon.colcon_core.shell:create_environment_hook('unitree_api', 'pythonpath')
[6.342s] INFO:colcon.colcon_core.shell:Creating environment hook '/home/alireza/thesis1/navigation_go2/go2_ws/install/unitree_api/share/unitree_api/hook/pythonpath.ps1'
[6.345s] INFO:colcon.colcon_core.shell:Creating environment descriptor '/home/alireza/thesis1/navigation_go2/go2_ws/install/unitree_api/share/unitree_api/hook/pythonpath.dsv'
[6.349s] INFO:colcon.colcon_core.shell:Creating environment hook '/home/alireza/thesis1/navigation_go2/go2_ws/install/unitree_api/share/unitree_api/hook/pythonpath.sh'
[6.354s] Level 1:colcon.colcon_core.environment:checking '/home/alireza/thesis1/navigation_go2/go2_ws/install/unitree_api/bin'
[6.357s] INFO:colcon.colcon_core.shell:Creating package script '/home/alireza/thesis1/navigation_go2/go2_ws/install/unitree_api/share/unitree_api/package.ps1'
[6.374s] INFO:colcon.colcon_core.shell:Creating package descriptor '/home/alireza/thesis1/navigation_go2/go2_ws/install/unitree_api/share/unitree_api/package.dsv'
[6.380s] INFO:colcon.colcon_core.shell:Creating package script '/home/alireza/thesis1/navigation_go2/go2_ws/install/unitree_api/share/unitree_api/package.sh'
[6.384s] INFO:colcon.colcon_core.shell:Creating package script '/home/alireza/thesis1/navigation_go2/go2_ws/install/unitree_api/share/unitree_api/package.bash'
[6.388s] INFO:colcon.colcon_core.shell:Creating package script '/home/alireza/thesis1/navigation_go2/go2_ws/install/unitree_api/share/unitree_api/package.zsh'
[6.391s] Level 1:colcon.colcon_core.environment:create_file_with_runtime_dependencies(/home/alireza/thesis1/navigation_go2/go2_ws/install/unitree_api/share/colcon-core/packages/unitree_api)
[6.400s] Level 1:colcon.colcon_core.environment:create_environment_scripts_only(unitree_hg)
[6.403s] Level 1:colcon.colcon_core.environment:checking '/home/alireza/thesis1/navigation_go2/go2_ws/install/unitree_hg' for CMake module files
[6.427s] Level 1:colcon.colcon_core.environment:checking '/home/alireza/thesis1/navigation_go2/go2_ws/install/unitree_hg' for CMake config files
[6.430s] Level 1:colcon.colcon_core.shell:create_environment_hook('unitree_hg', 'cmake_prefix_path')
[6.432s] INFO:colcon.colcon_core.shell:Creating environment hook '/home/alireza/thesis1/navigation_go2/go2_ws/install/unitree_hg/share/unitree_hg/hook/cmake_prefix_path.ps1'
[6.434s] INFO:colcon.colcon_core.shell:Creating environment descriptor '/home/alireza/thesis1/navigation_go2/go2_ws/install/unitree_hg/share/unitree_hg/hook/cmake_prefix_path.dsv'
[6.439s] INFO:colcon.colcon_core.shell:Creating environment hook '/home/alireza/thesis1/navigation_go2/go2_ws/install/unitree_hg/share/unitree_hg/hook/cmake_prefix_path.sh'
[6.443s] Level 1:colcon.colcon_core.environment:checking '/home/alireza/thesis1/navigation_go2/go2_ws/install/unitree_hg/lib'
[6.444s] Level 1:colcon.colcon_core.shell:create_environment_hook('unitree_hg', 'ld_library_path_lib')
[6.445s] INFO:colcon.colcon_core.shell:Creating environment hook '/home/alireza/thesis1/navigation_go2/go2_ws/install/unitree_hg/share/unitree_hg/hook/ld_library_path_lib.ps1'
[6.447s] INFO:colcon.colcon_core.shell:Creating environment descriptor '/home/alireza/thesis1/navigation_go2/go2_ws/install/unitree_hg/share/unitree_hg/hook/ld_library_path_lib.dsv'
[6.449s] INFO:colcon.colcon_core.shell:Creating environment hook '/home/alireza/thesis1/navigation_go2/go2_ws/install/unitree_hg/share/unitree_hg/hook/ld_library_path_lib.sh'
[6.451s] Level 1:colcon.colcon_core.environment:checking '/home/alireza/thesis1/navigation_go2/go2_ws/install/unitree_hg/bin'
[6.451s] Level 1:colcon.colcon_core.environment:checking '/home/alireza/thesis1/navigation_go2/go2_ws/install/unitree_hg/lib/pkgconfig/unitree_hg.pc'
[6.453s] Level 1:colcon.colcon_core.environment:checking '/home/alireza/thesis1/navigation_go2/go2_ws/install/unitree_hg/lib/python3.8/site-packages'
[6.453s] Level 1:colcon.colcon_core.shell:create_environment_hook('unitree_hg', 'pythonpath')
[6.455s] INFO:colcon.colcon_core.shell:Creating environment hook '/home/alireza/thesis1/navigation_go2/go2_ws/install/unitree_hg/share/unitree_hg/hook/pythonpath.ps1'
[6.473s] INFO:colcon.colcon_core.shell:Creating environment descriptor '/home/alireza/thesis1/navigation_go2/go2_ws/install/unitree_hg/share/unitree_hg/hook/pythonpath.dsv'
[6.475s] INFO:colcon.colcon_core.shell:Creating environment hook '/home/alireza/thesis1/navigation_go2/go2_ws/install/unitree_hg/share/unitree_hg/hook/pythonpath.sh'
[6.481s] Level 1:colcon.colcon_core.environment:checking '/home/alireza/thesis1/navigation_go2/go2_ws/install/unitree_hg/bin'
[6.494s] INFO:colcon.colcon_core.shell:Creating package script '/home/alireza/thesis1/navigation_go2/go2_ws/install/unitree_hg/share/unitree_hg/package.ps1'
[6.499s] INFO:colcon.colcon_core.shell:Creating package descriptor '/home/alireza/thesis1/navigation_go2/go2_ws/install/unitree_hg/share/unitree_hg/package.dsv'
[6.503s] INFO:colcon.colcon_core.shell:Creating package script '/home/alireza/thesis1/navigation_go2/go2_ws/install/unitree_hg/share/unitree_hg/package.sh'
[6.512s] DEBUG:colcon.colcon_core.event_handler.log_command:Invoked command in '/home/alireza/thesis1/navigation_go2/go2_ws/build/unitree_hg' returned '0': CMAKE_PREFIX_PATH=/opt/ros/foxy /usr/bin/cmake --install /home/alireza/thesis1/navigation_go2/go2_ws/build/unitree_hg
[6.515s] INFO:colcon.colcon_core.shell:Creating package script '/home/alireza/thesis1/navigation_go2/go2_ws/install/unitree_hg/share/unitree_hg/package.bash'
[6.518s] INFO:colcon.colcon_core.shell:Creating package script '/home/alireza/thesis1/navigation_go2/go2_ws/install/unitree_hg/share/unitree_hg/package.zsh'
[6.520s] Level 1:colcon.colcon_core.environment:create_file_with_runtime_dependencies(/home/alireza/thesis1/navigation_go2/go2_ws/install/unitree_hg/share/colcon-core/packages/unitree_hg)
[6.524s] Level 1:colcon.colcon_core.environment:create_environment_scripts_only(unitree_hg)
[6.526s] Level 1:colcon.colcon_core.environment:checking '/home/alireza/thesis1/navigation_go2/go2_ws/install/unitree_hg' for CMake module files
[6.530s] Level 1:colcon.colcon_core.environment:checking '/home/alireza/thesis1/navigation_go2/go2_ws/install/unitree_hg' for CMake config files
[6.533s] Level 1:colcon.colcon_core.shell:create_environment_hook('unitree_hg', 'cmake_prefix_path')
[6.534s] INFO:colcon.colcon_core.shell:Creating environment hook '/home/alireza/thesis1/navigation_go2/go2_ws/install/unitree_hg/share/unitree_hg/hook/cmake_prefix_path.ps1'
[6.537s] INFO:colcon.colcon_core.shell:Creating environment descriptor '/home/alireza/thesis1/navigation_go2/go2_ws/install/unitree_hg/share/unitree_hg/hook/cmake_prefix_path.dsv'
[6.539s] INFO:colcon.colcon_core.shell:Creating environment hook '/home/alireza/thesis1/navigation_go2/go2_ws/install/unitree_hg/share/unitree_hg/hook/cmake_prefix_path.sh'
[6.543s] Level 1:colcon.colcon_core.environment:checking '/home/alireza/thesis1/navigation_go2/go2_ws/install/unitree_hg/lib'
[6.544s] Level 1:colcon.colcon_core.shell:create_environment_hook('unitree_hg', 'ld_library_path_lib')
[6.546s] INFO:colcon.colcon_core.shell:Creating environment hook '/home/alireza/thesis1/navigation_go2/go2_ws/install/unitree_hg/share/unitree_hg/hook/ld_library_path_lib.ps1'
[6.548s] INFO:colcon.colcon_core.shell:Creating environment descriptor '/home/alireza/thesis1/navigation_go2/go2_ws/install/unitree_hg/share/unitree_hg/hook/ld_library_path_lib.dsv'
[6.550s] INFO:colcon.colcon_core.shell:Creating environment hook '/home/alireza/thesis1/navigation_go2/go2_ws/install/unitree_hg/share/unitree_hg/hook/ld_library_path_lib.sh'
[6.553s] Level 1:colcon.colcon_core.environment:checking '/home/alireza/thesis1/navigation_go2/go2_ws/install/unitree_hg/bin'
[6.553s] Level 1:colcon.colcon_core.environment:checking '/home/alireza/thesis1/navigation_go2/go2_ws/install/unitree_hg/lib/pkgconfig/unitree_hg.pc'
[6.555s] Level 1:colcon.colcon_core.environment:checking '/home/alireza/thesis1/navigation_go2/go2_ws/install/unitree_hg/lib/python3.8/site-packages'
[6.555s] Level 1:colcon.colcon_core.shell:create_environment_hook('unitree_hg', 'pythonpath')
[6.557s] INFO:colcon.colcon_core.shell:Creating environment hook '/home/alireza/thesis1/navigation_go2/go2_ws/install/unitree_hg/share/unitree_hg/hook/pythonpath.ps1'
[6.560s] INFO:colcon.colcon_core.shell:Creating environment descriptor '/home/alireza/thesis1/navigation_go2/go2_ws/install/unitree_hg/share/unitree_hg/hook/pythonpath.dsv'
[6.563s] INFO:colcon.colcon_core.shell:Creating environment hook '/home/alireza/thesis1/navigation_go2/go2_ws/install/unitree_hg/share/unitree_hg/hook/pythonpath.sh'
[6.567s] Level 1:colcon.colcon_core.environment:checking '/home/alireza/thesis1/navigation_go2/go2_ws/install/unitree_hg/bin'
[6.570s] INFO:colcon.colcon_core.shell:Creating package script '/home/alireza/thesis1/navigation_go2/go2_ws/install/unitree_hg/share/unitree_hg/package.ps1'
[6.576s] INFO:colcon.colcon_core.shell:Creating package descriptor '/home/alireza/thesis1/navigation_go2/go2_ws/install/unitree_hg/share/unitree_hg/package.dsv'
[6.580s] INFO:colcon.colcon_core.shell:Creating package script '/home/alireza/thesis1/navigation_go2/go2_ws/install/unitree_hg/share/unitree_hg/package.sh'
[6.583s] INFO:colcon.colcon_core.shell:Creating package script '/home/alireza/thesis1/navigation_go2/go2_ws/install/unitree_hg/share/unitree_hg/package.bash'
[6.586s] INFO:colcon.colcon_core.shell:Creating package script '/home/alireza/thesis1/navigation_go2/go2_ws/install/unitree_hg/share/unitree_hg/package.zsh'
[6.591s] Level 1:colcon.colcon_core.environment:create_file_with_runtime_dependencies(/home/alireza/thesis1/navigation_go2/go2_ws/install/unitree_hg/share/colcon-core/packages/unitree_hg)
[6.910s] DEBUG:colcon.colcon_core.event_handler.log_command:Invoked command in '/home/alireza/thesis1/navigation_go2/go2_ws/build/unitree_go' returned '0': CMAKE_PREFIX_PATH=/opt/ros/foxy /usr/bin/cmake --build /home/alireza/thesis1/navigation_go2/go2_ws/build/unitree_go -- -j8 -l8
[6.925s] DEBUG:colcon.colcon_core.event_handler.log_command:Invoking command in '/home/alireza/thesis1/navigation_go2/go2_ws/build/unitree_go': CMAKE_PREFIX_PATH=/opt/ros/foxy /usr/bin/cmake --install /home/alireza/thesis1/navigation_go2/go2_ws/build/unitree_go
[7.219s] Level 1:colcon.colcon_core.environment:create_environment_scripts_only(unitree_go)
[7.220s] Level 1:colcon.colcon_core.environment:checking '/home/alireza/thesis1/navigation_go2/go2_ws/install/unitree_go' for CMake module files
[7.224s] Level 1:colcon.colcon_core.environment:checking '/home/alireza/thesis1/navigation_go2/go2_ws/install/unitree_go' for CMake config files
[7.226s] Level 1:colcon.colcon_core.shell:create_environment_hook('unitree_go', 'cmake_prefix_path')
[7.226s] INFO:colcon.colcon_core.shell:Creating environment hook '/home/alireza/thesis1/navigation_go2/go2_ws/install/unitree_go/share/unitree_go/hook/cmake_prefix_path.ps1'
[7.228s] INFO:colcon.colcon_core.shell:Creating environment descriptor '/home/alireza/thesis1/navigation_go2/go2_ws/install/unitree_go/share/unitree_go/hook/cmake_prefix_path.dsv'
[7.229s] INFO:colcon.colcon_core.shell:Creating environment hook '/home/alireza/thesis1/navigation_go2/go2_ws/install/unitree_go/share/unitree_go/hook/cmake_prefix_path.sh'
[7.231s] DEBUG:colcon.colcon_core.event_handler.log_command:Invoked command in '/home/alireza/thesis1/navigation_go2/go2_ws/build/unitree_go' returned '0': CMAKE_PREFIX_PATH=/opt/ros/foxy /usr/bin/cmake --install /home/alireza/thesis1/navigation_go2/go2_ws/build/unitree_go
[7.231s] Level 1:colcon.colcon_core.environment:checking '/home/alireza/thesis1/navigation_go2/go2_ws/install/unitree_go/lib'
[7.231s] Level 1:colcon.colcon_core.shell:create_environment_hook('unitree_go', 'ld_library_path_lib')
[7.232s] INFO:colcon.colcon_core.shell:Creating environment hook '/home/alireza/thesis1/navigation_go2/go2_ws/install/unitree_go/share/unitree_go/hook/ld_library_path_lib.ps1'
[7.235s] INFO:colcon.colcon_core.shell:Creating environment descriptor '/home/alireza/thesis1/navigation_go2/go2_ws/install/unitree_go/share/unitree_go/hook/ld_library_path_lib.dsv'
[7.236s] INFO:colcon.colcon_core.shell:Creating environment hook '/home/alireza/thesis1/navigation_go2/go2_ws/install/unitree_go/share/unitree_go/hook/ld_library_path_lib.sh'
[7.237s] Level 1:colcon.colcon_core.environment:checking '/home/alireza/thesis1/navigation_go2/go2_ws/install/unitree_go/bin'
[7.237s] Level 1:colcon.colcon_core.environment:checking '/home/alireza/thesis1/navigation_go2/go2_ws/install/unitree_go/lib/pkgconfig/unitree_go.pc'
[7.237s] Level 1:colcon.colcon_core.environment:checking '/home/alireza/thesis1/navigation_go2/go2_ws/install/unitree_go/lib/python3.8/site-packages'
[7.237s] Level 1:colcon.colcon_core.shell:create_environment_hook('unitree_go', 'pythonpath')
[7.238s] INFO:colcon.colcon_core.shell:Creating environment hook '/home/alireza/thesis1/navigation_go2/go2_ws/install/unitree_go/share/unitree_go/hook/pythonpath.ps1'
[7.242s] INFO:colcon.colcon_core.shell:Creating environment descriptor '/home/alireza/thesis1/navigation_go2/go2_ws/install/unitree_go/share/unitree_go/hook/pythonpath.dsv'
[7.243s] INFO:colcon.colcon_core.shell:Creating environment hook '/home/alireza/thesis1/navigation_go2/go2_ws/install/unitree_go/share/unitree_go/hook/pythonpath.sh'
[7.245s] Level 1:colcon.colcon_core.environment:checking '/home/alireza/thesis1/navigation_go2/go2_ws/install/unitree_go/bin'
[7.246s] INFO:colcon.colcon_core.shell:Creating package script '/home/alireza/thesis1/navigation_go2/go2_ws/install/unitree_go/share/unitree_go/package.ps1'
[7.247s] INFO:colcon.colcon_core.shell:Creating package descriptor '/home/alireza/thesis1/navigation_go2/go2_ws/install/unitree_go/share/unitree_go/package.dsv'
[7.249s] INFO:colcon.colcon_core.shell:Creating package script '/home/alireza/thesis1/navigation_go2/go2_ws/install/unitree_go/share/unitree_go/package.sh'
[7.253s] INFO:colcon.colcon_core.shell:Creating package script '/home/alireza/thesis1/navigation_go2/go2_ws/install/unitree_go/share/unitree_go/package.bash'
[7.255s] INFO:colcon.colcon_core.shell:Creating package script '/home/alireza/thesis1/navigation_go2/go2_ws/install/unitree_go/share/unitree_go/package.zsh'
[7.256s] Level 1:colcon.colcon_core.environment:create_file_with_runtime_dependencies(/home/alireza/thesis1/navigation_go2/go2_ws/install/unitree_go/share/colcon-core/packages/unitree_go)
[7.258s] Level 1:colcon.colcon_core.environment:create_environment_scripts_only(unitree_go)
[7.258s] Level 1:colcon.colcon_core.environment:checking '/home/alireza/thesis1/navigation_go2/go2_ws/install/unitree_go' for CMake module files
[7.259s] Level 1:colcon.colcon_core.environment:checking '/home/alireza/thesis1/navigation_go2/go2_ws/install/unitree_go' for CMake config files
[7.260s] Level 1:colcon.colcon_core.shell:create_environment_hook('unitree_go', 'cmake_prefix_path')
[7.260s] INFO:colcon.colcon_core.shell:Creating environment hook '/home/alireza/thesis1/navigation_go2/go2_ws/install/unitree_go/share/unitree_go/hook/cmake_prefix_path.ps1'
[7.263s] INFO:colcon.colcon_core.shell:Creating environment descriptor '/home/alireza/thesis1/navigation_go2/go2_ws/install/unitree_go/share/unitree_go/hook/cmake_prefix_path.dsv'
[7.264s] INFO:colcon.colcon_core.shell:Creating environment hook '/home/alireza/thesis1/navigation_go2/go2_ws/install/unitree_go/share/unitree_go/hook/cmake_prefix_path.sh'
[7.265s] Level 1:colcon.colcon_core.environment:checking '/home/alireza/thesis1/navigation_go2/go2_ws/install/unitree_go/lib'
[7.265s] Level 1:colcon.colcon_core.shell:create_environment_hook('unitree_go', 'ld_library_path_lib')
[7.265s] INFO:colcon.colcon_core.shell:Creating environment hook '/home/alireza/thesis1/navigation_go2/go2_ws/install/unitree_go/share/unitree_go/hook/ld_library_path_lib.ps1'
[7.268s] INFO:colcon.colcon_core.shell:Creating environment descriptor '/home/alireza/thesis1/navigation_go2/go2_ws/install/unitree_go/share/unitree_go/hook/ld_library_path_lib.dsv'
[7.268s] INFO:colcon.colcon_core.shell:Creating environment hook '/home/alireza/thesis1/navigation_go2/go2_ws/install/unitree_go/share/unitree_go/hook/ld_library_path_lib.sh'
[7.269s] Level 1:colcon.colcon_core.environment:checking '/home/alireza/thesis1/navigation_go2/go2_ws/install/unitree_go/bin'
[7.269s] Level 1:colcon.colcon_core.environment:checking '/home/alireza/thesis1/navigation_go2/go2_ws/install/unitree_go/lib/pkgconfig/unitree_go.pc'
[7.270s] Level 1:colcon.colcon_core.environment:checking '/home/alireza/thesis1/navigation_go2/go2_ws/install/unitree_go/lib/python3.8/site-packages'
[7.270s] Level 1:colcon.colcon_core.shell:create_environment_hook('unitree_go', 'pythonpath')
[7.270s] INFO:colcon.colcon_core.shell:Creating environment hook '/home/alireza/thesis1/navigation_go2/go2_ws/install/unitree_go/share/unitree_go/hook/pythonpath.ps1'
[7.271s] INFO:colcon.colcon_core.shell:Creating environment descriptor '/home/alireza/thesis1/navigation_go2/go2_ws/install/unitree_go/share/unitree_go/hook/pythonpath.dsv'
[7.271s] INFO:colcon.colcon_core.shell:Creating environment hook '/home/alireza/thesis1/navigation_go2/go2_ws/install/unitree_go/share/unitree_go/hook/pythonpath.sh'
[7.272s] Level 1:colcon.colcon_core.environment:checking '/home/alireza/thesis1/navigation_go2/go2_ws/install/unitree_go/bin'
[7.273s] INFO:colcon.colcon_core.shell:Creating package script '/home/alireza/thesis1/navigation_go2/go2_ws/install/unitree_go/share/unitree_go/package.ps1'
[7.273s] INFO:colcon.colcon_core.shell:Creating package descriptor '/home/alireza/thesis1/navigation_go2/go2_ws/install/unitree_go/share/unitree_go/package.dsv'
[7.274s] INFO:colcon.colcon_core.shell:Creating package script '/home/alireza/thesis1/navigation_go2/go2_ws/install/unitree_go/share/unitree_go/package.sh'
[7.275s] INFO:colcon.colcon_core.shell:Creating package script '/home/alireza/thesis1/navigation_go2/go2_ws/install/unitree_go/share/unitree_go/package.bash'
[7.275s] INFO:colcon.colcon_core.shell:Creating package script '/home/alireza/thesis1/navigation_go2/go2_ws/install/unitree_go/share/unitree_go/package.zsh'
[7.276s] Level 1:colcon.colcon_core.environment:create_file_with_runtime_dependencies(/home/alireza/thesis1/navigation_go2/go2_ws/install/unitree_go/share/colcon-core/packages/unitree_go)
[7.277s] INFO:colcon.colcon_ros.task.ament_cmake.build:Building ROS package in '/home/alireza/thesis1/navigation_go2/go2_ws/src/unitree_ros2/example/src' with build type 'ament_cmake'
[7.277s] INFO:colcon.colcon_cmake.task.cmake.build:Building CMake package in '/home/alireza/thesis1/navigation_go2/go2_ws/src/unitree_ros2/example/src'
[7.277s] INFO:colcon.colcon_core.shell:Skip shell extension 'powershell' for command environment: Not usable outside of PowerShell
[7.278s] DEBUG:colcon.colcon_core.shell:Skip shell extension 'dsv' for command environment
[7.299s] DEBUG:colcon.colcon_core.event_handler.log_command:Invoking command in '/home/alireza/thesis1/navigation_go2/go2_ws/build/unitree_ros2_example': AMENT_PREFIX_PATH=/home/alireza/thesis1/navigation_go2/go2_ws/install/unitree_hg:/home/alireza/thesis1/navigation_go2/go2_ws/install/unitree_go:/home/alireza/thesis1/navigation_go2/go2_ws/install/unitree_api:${AMENT_PREFIX_PATH} CMAKE_PREFIX_PATH=/home/alireza/thesis1/navigation_go2/go2_ws/install/unitree_hg:/home/alireza/thesis1/navigation_go2/go2_ws/install/unitree_go:/home/alireza/thesis1/navigation_go2/go2_ws/install/unitree_api:/opt/ros/foxy LD_LIBRARY_PATH=/home/alireza/thesis1/navigation_go2/go2_ws/install/unitree_hg/lib:/home/alireza/thesis1/navigation_go2/go2_ws/install/unitree_go/lib:/home/alireza/thesis1/navigation_go2/go2_ws/install/unitree_api/lib:${LD_LIBRARY_PATH} PYTHONPATH=/home/alireza/thesis1/navigation_go2/go2_ws/install/unitree_hg/lib/python3.8/site-packages:/home/alireza/thesis1/navigation_go2/go2_ws/install/unitree_go/lib/python3.8/site-packages:/home/alireza/thesis1/navigation_go2/go2_ws/install/unitree_api/lib/python3.8/site-packages:${PYTHONPATH} /usr/bin/cmake /home/alireza/thesis1/navigation_go2/go2_ws/src/unitree_ros2/example/src -DROS_EDITION=ROS2 -DCMAKE_INSTALL_PREFIX=/home/alireza/thesis1/navigation_go2/go2_ws/install/unitree_ros2_example
[7.375s] DEBUG:colcon.colcon_core.event_handler.log_command:Invoked command in '/home/alireza/thesis1/navigation_go2/go2_ws/build/livox_ros_driver2' returned '0': CMAKE_PREFIX_PATH=/opt/ros/foxy /usr/bin/cmake /home/alireza/thesis1/navigation_go2/go2_ws/src/livox_ros_driver2 -DROS_EDITION=ROS2 -DCMAKE_INSTALL_PREFIX=/home/alireza/thesis1/navigation_go2/go2_ws/install/livox_ros_driver2
[7.381s] DEBUG:colcon.colcon_core.event_handler.log_command:Invoking command in '/home/alireza/thesis1/navigation_go2/go2_ws/build/livox_ros_driver2': CMAKE_PREFIX_PATH=/opt/ros/foxy /usr/bin/cmake --build /home/alireza/thesis1/navigation_go2/go2_ws/build/livox_ros_driver2 -- -j8 -l8
[7.719s] DEBUG:colcon.colcon_core.event_handler.log_command:Invoked command in '/home/alireza/thesis1/navigation_go2/go2_ws/build/livox_ros_driver2' returned '0': CMAKE_PREFIX_PATH=/opt/ros/foxy /usr/bin/cmake --build /home/alireza/thesis1/navigation_go2/go2_ws/build/livox_ros_driver2 -- -j8 -l8
[7.724s] DEBUG:colcon.colcon_core.event_handler.log_command:Invoking command in '/home/alireza/thesis1/navigation_go2/go2_ws/build/livox_ros_driver2': CMAKE_PREFIX_PATH=/opt/ros/foxy /usr/bin/cmake --install /home/alireza/thesis1/navigation_go2/go2_ws/build/livox_ros_driver2
[7.808s] Level 1:colcon.colcon_core.environment:create_environment_scripts_only(livox_ros_driver2)
[7.808s] Level 1:colcon.colcon_core.environment:checking '/home/alireza/thesis1/navigation_go2/go2_ws/install/livox_ros_driver2' for CMake module files
[7.810s] Level 1:colcon.colcon_core.environment:checking '/home/alireza/thesis1/navigation_go2/go2_ws/install/livox_ros_driver2' for CMake config files
[7.812s] Level 1:colcon.colcon_core.shell:create_environment_hook('livox_ros_driver2', 'cmake_prefix_path')
[7.813s] INFO:colcon.colcon_core.shell:Creating environment hook '/home/alireza/thesis1/navigation_go2/go2_ws/install/livox_ros_driver2/share/livox_ros_driver2/hook/cmake_prefix_path.ps1'
[7.814s] INFO:colcon.colcon_core.shell:Creating environment descriptor '/home/alireza/thesis1/navigation_go2/go2_ws/install/livox_ros_driver2/share/livox_ros_driver2/hook/cmake_prefix_path.dsv'
[7.814s] INFO:colcon.colcon_core.shell:Creating environment hook '/home/alireza/thesis1/navigation_go2/go2_ws/install/livox_ros_driver2/share/livox_ros_driver2/hook/cmake_prefix_path.sh'
[7.816s] Level 1:colcon.colcon_core.environment:checking '/home/alireza/thesis1/navigation_go2/go2_ws/install/livox_ros_driver2/lib'
[7.816s] Level 1:colcon.colcon_core.shell:create_environment_hook('livox_ros_driver2', 'ld_library_path_lib')
[7.816s] INFO:colcon.colcon_core.shell:Creating environment hook '/home/alireza/thesis1/navigation_go2/go2_ws/install/livox_ros_driver2/share/livox_ros_driver2/hook/ld_library_path_lib.ps1'
[7.817s] INFO:colcon.colcon_core.shell:Creating environment descriptor '/home/alireza/thesis1/navigation_go2/go2_ws/install/livox_ros_driver2/share/livox_ros_driver2/hook/ld_library_path_lib.dsv'
[7.818s] INFO:colcon.colcon_core.shell:Creating environment hook '/home/alireza/thesis1/navigation_go2/go2_ws/install/livox_ros_driver2/share/livox_ros_driver2/hook/ld_library_path_lib.sh'
[7.819s] Level 1:colcon.colcon_core.environment:checking '/home/alireza/thesis1/navigation_go2/go2_ws/install/livox_ros_driver2/bin'
[7.819s] Level 1:colcon.colcon_core.environment:checking '/home/alireza/thesis1/navigation_go2/go2_ws/install/livox_ros_driver2/lib/pkgconfig/livox_ros_driver2.pc'
[7.819s] Level 1:colcon.colcon_core.environment:checking '/home/alireza/thesis1/navigation_go2/go2_ws/install/livox_ros_driver2/lib/python3.8/site-packages'
[7.819s] Level 1:colcon.colcon_core.shell:create_environment_hook('livox_ros_driver2', 'pythonpath')
[7.820s] INFO:colcon.colcon_core.shell:Creating environment hook '/home/alireza/thesis1/navigation_go2/go2_ws/install/livox_ros_driver2/share/livox_ros_driver2/hook/pythonpath.ps1'
[7.821s] INFO:colcon.colcon_core.shell:Creating environment descriptor '/home/alireza/thesis1/navigation_go2/go2_ws/install/livox_ros_driver2/share/livox_ros_driver2/hook/pythonpath.dsv'
[7.821s] DEBUG:colcon.colcon_core.event_handler.log_command:Invoked command in '/home/alireza/thesis1/navigation_go2/go2_ws/build/livox_ros_driver2' returned '0': CMAKE_PREFIX_PATH=/opt/ros/foxy /usr/bin/cmake --install /home/alireza/thesis1/navigation_go2/go2_ws/build/livox_ros_driver2
[7.821s] INFO:colcon.colcon_core.shell:Creating environment hook '/home/alireza/thesis1/navigation_go2/go2_ws/install/livox_ros_driver2/share/livox_ros_driver2/hook/pythonpath.sh'
[7.822s] Level 1:colcon.colcon_core.environment:checking '/home/alireza/thesis1/navigation_go2/go2_ws/install/livox_ros_driver2/bin'
[7.823s] INFO:colcon.colcon_core.shell:Creating package script '/home/alireza/thesis1/navigation_go2/go2_ws/install/livox_ros_driver2/share/livox_ros_driver2/package.ps1'
[7.823s] INFO:colcon.colcon_core.shell:Creating package descriptor '/home/alireza/thesis1/navigation_go2/go2_ws/install/livox_ros_driver2/share/livox_ros_driver2/package.dsv'
[7.825s] INFO:colcon.colcon_core.shell:Creating package script '/home/alireza/thesis1/navigation_go2/go2_ws/install/livox_ros_driver2/share/livox_ros_driver2/package.sh'
[7.825s] INFO:colcon.colcon_core.shell:Creating package script '/home/alireza/thesis1/navigation_go2/go2_ws/install/livox_ros_driver2/share/livox_ros_driver2/package.bash'
[7.826s] INFO:colcon.colcon_core.shell:Creating package script '/home/alireza/thesis1/navigation_go2/go2_ws/install/livox_ros_driver2/share/livox_ros_driver2/package.zsh'
[7.826s] Level 1:colcon.colcon_core.environment:create_file_with_runtime_dependencies(/home/alireza/thesis1/navigation_go2/go2_ws/install/livox_ros_driver2/share/colcon-core/packages/livox_ros_driver2)
[7.827s] Level 1:colcon.colcon_core.environment:create_environment_scripts_only(livox_ros_driver2)
[7.828s] Level 1:colcon.colcon_core.environment:checking '/home/alireza/thesis1/navigation_go2/go2_ws/install/livox_ros_driver2' for CMake module files
[7.828s] Level 1:colcon.colcon_core.environment:checking '/home/alireza/thesis1/navigation_go2/go2_ws/install/livox_ros_driver2' for CMake config files
[7.829s] Level 1:colcon.colcon_core.shell:create_environment_hook('livox_ros_driver2', 'cmake_prefix_path')
[7.829s] INFO:colcon.colcon_core.shell:Creating environment hook '/home/alireza/thesis1/navigation_go2/go2_ws/install/livox_ros_driver2/share/livox_ros_driver2/hook/cmake_prefix_path.ps1'
[7.830s] INFO:colcon.colcon_core.shell:Creating environment descriptor '/home/alireza/thesis1/navigation_go2/go2_ws/install/livox_ros_driver2/share/livox_ros_driver2/hook/cmake_prefix_path.dsv'
[7.830s] INFO:colcon.colcon_core.shell:Creating environment hook '/home/alireza/thesis1/navigation_go2/go2_ws/install/livox_ros_driver2/share/livox_ros_driver2/hook/cmake_prefix_path.sh'
[7.831s] Level 1:colcon.colcon_core.environment:checking '/home/alireza/thesis1/navigation_go2/go2_ws/install/livox_ros_driver2/lib'
[7.831s] Level 1:colcon.colcon_core.shell:create_environment_hook('livox_ros_driver2', 'ld_library_path_lib')
[7.832s] INFO:colcon.colcon_core.shell:Creating environment hook '/home/alireza/thesis1/navigation_go2/go2_ws/install/livox_ros_driver2/share/livox_ros_driver2/hook/ld_library_path_lib.ps1'
[7.836s] INFO:colcon.colcon_core.shell:Creating environment descriptor '/home/alireza/thesis1/navigation_go2/go2_ws/install/livox_ros_driver2/share/livox_ros_driver2/hook/ld_library_path_lib.dsv'
[7.836s] INFO:colcon.colcon_core.shell:Creating environment hook '/home/alireza/thesis1/navigation_go2/go2_ws/install/livox_ros_driver2/share/livox_ros_driver2/hook/ld_library_path_lib.sh'
[7.837s] Level 1:colcon.colcon_core.environment:checking '/home/alireza/thesis1/navigation_go2/go2_ws/install/livox_ros_driver2/bin'
[7.837s] Level 1:colcon.colcon_core.environment:checking '/home/alireza/thesis1/navigation_go2/go2_ws/install/livox_ros_driver2/lib/pkgconfig/livox_ros_driver2.pc'
[7.837s] Level 1:colcon.colcon_core.environment:checking '/home/alireza/thesis1/navigation_go2/go2_ws/install/livox_ros_driver2/lib/python3.8/site-packages'
[7.837s] Level 1:colcon.colcon_core.shell:create_environment_hook('livox_ros_driver2', 'pythonpath')
[7.838s] INFO:colcon.colcon_core.shell:Creating environment hook '/home/alireza/thesis1/navigation_go2/go2_ws/install/livox_ros_driver2/share/livox_ros_driver2/hook/pythonpath.ps1'
[7.838s] INFO:colcon.colcon_core.shell:Creating environment descriptor '/home/alireza/thesis1/navigation_go2/go2_ws/install/livox_ros_driver2/share/livox_ros_driver2/hook/pythonpath.dsv'
[7.839s] INFO:colcon.colcon_core.shell:Creating environment hook '/home/alireza/thesis1/navigation_go2/go2_ws/install/livox_ros_driver2/share/livox_ros_driver2/hook/pythonpath.sh'
[7.840s] Level 1:colcon.colcon_core.environment:checking '/home/alireza/thesis1/navigation_go2/go2_ws/install/livox_ros_driver2/bin'
[7.841s] INFO:colcon.colcon_core.shell:Creating package script '/home/alireza/thesis1/navigation_go2/go2_ws/install/livox_ros_driver2/share/livox_ros_driver2/package.ps1'
[7.842s] INFO:colcon.colcon_core.shell:Creating package descriptor '/home/alireza/thesis1/navigation_go2/go2_ws/install/livox_ros_driver2/share/livox_ros_driver2/package.dsv'
[7.843s] INFO:colcon.colcon_core.shell:Creating package script '/home/alireza/thesis1/navigation_go2/go2_ws/install/livox_ros_driver2/share/livox_ros_driver2/package.sh'
[7.844s] INFO:colcon.colcon_core.shell:Creating package script '/home/alireza/thesis1/navigation_go2/go2_ws/install/livox_ros_driver2/share/livox_ros_driver2/package.bash'
[7.844s] INFO:colcon.colcon_core.shell:Creating package script '/home/alireza/thesis1/navigation_go2/go2_ws/install/livox_ros_driver2/share/livox_ros_driver2/package.zsh'
[7.845s] Level 1:colcon.colcon_core.environment:create_file_with_runtime_dependencies(/home/alireza/thesis1/navigation_go2/go2_ws/install/livox_ros_driver2/share/colcon-core/packages/livox_ros_driver2)
[7.846s] INFO:colcon.colcon_ros.task.ament_cmake.build:Building ROS package in '/home/alireza/thesis1/navigation_go2/go2_ws/src/go2_real' with build type 'ament_cmake'
[7.847s] INFO:colcon.colcon_cmake.task.cmake.build:Building CMake package in '/home/alireza/thesis1/navigation_go2/go2_ws/src/go2_real'
[7.847s] INFO:colcon.colcon_core.shell:Skip shell extension 'powershell' for command environment: Not usable outside of PowerShell
[7.848s] DEBUG:colcon.colcon_core.shell:Skip shell extension 'dsv' for command environment
[7.878s] DEBUG:colcon.colcon_core.event_handler.log_command:Invoking command in '/home/alireza/thesis1/navigation_go2/go2_ws/build/go2_real': AMENT_PREFIX_PATH=/home/alireza/thesis1/navigation_go2/go2_ws/install/go2_gazebo:/home/alireza/thesis1/navigation_go2/go2_ws/install/unitree_go:/home/alireza/thesis1/navigation_go2/go2_ws/install/unitree_api:/home/alireza/thesis1/navigation_go2/go2_ws/install/pointcloud_to_laserscan:/home/alireza/thesis1/navigation_go2/go2_ws/install/livox_ros_driver2:/home/alireza/thesis1/navigation_go2/go2_ws/install/go2_description:${AMENT_PREFIX_PATH} CMAKE_PREFIX_PATH=/home/alireza/thesis1/navigation_go2/go2_ws/install/go2_gazebo:/home/alireza/thesis1/navigation_go2/go2_ws/install/unitree_go:/home/alireza/thesis1/navigation_go2/go2_ws/install/unitree_api:/home/alireza/thesis1/navigation_go2/go2_ws/install/pointcloud_to_laserscan:/home/alireza/thesis1/navigation_go2/go2_ws/install/livox_ros_driver2:/home/alireza/thesis1/navigation_go2/go2_ws/install/go2_description:/opt/ros/foxy LD_LIBRARY_PATH=/home/alireza/thesis1/navigation_go2/go2_ws/install/unitree_go/lib:/home/alireza/thesis1/navigation_go2/go2_ws/install/unitree_api/lib:/home/alireza/thesis1/navigation_go2/go2_ws/install/pointcloud_to_laserscan/lib:/home/alireza/thesis1/navigation_go2/go2_ws/install/livox_ros_driver2/lib:${LD_LIBRARY_PATH} PYTHONPATH=/home/alireza/thesis1/navigation_go2/go2_ws/install/unitree_go/lib/python3.8/site-packages:/home/alireza/thesis1/navigation_go2/go2_ws/install/unitree_api/lib/python3.8/site-packages:/home/alireza/thesis1/navigation_go2/go2_ws/install/livox_ros_driver2/lib/python3.8/site-packages:${PYTHONPATH} /usr/bin/cmake /home/alireza/thesis1/navigation_go2/go2_ws/src/go2_real -DROS_EDITION=ROS2 -DCMAKE_INSTALL_PREFIX=/home/alireza/thesis1/navigation_go2/go2_ws/install/go2_real
[8.202s] DEBUG:colcon.colcon_core.event_handler.log_command:Invoked command in '/home/alireza/thesis1/navigation_go2/go2_ws/build/cyclonedds' returned '0': CMAKE_PREFIX_PATH=/opt/ros/foxy /usr/bin/cmake /home/alireza/thesis1/navigation_go2/go2_ws/src/unitree_ros2/cyclonedds_ws/src/cyclonedds -DROS_EDITION=ROS2 -DBUILD_IDLC=AUTO -DCMAKE_INSTALL_PREFIX=/home/alireza/thesis1/navigation_go2/go2_ws/install/cyclonedds
[8.206s] DEBUG:colcon.colcon_core.event_handler.log_command:Invoking command in '/home/alireza/thesis1/navigation_go2/go2_ws/build/cyclonedds': CMAKE_PREFIX_PATH=/opt/ros/foxy /usr/bin/cmake --build /home/alireza/thesis1/navigation_go2/go2_ws/build/cyclonedds -- -j8 -l8
[8.509s] DEBUG:colcon.colcon_core.event_handler.log_command:Invoked command in '/home/alireza/thesis1/navigation_go2/go2_ws/build/go2_real' returned '0': AMENT_PREFIX_PATH=/home/alireza/thesis1/navigation_go2/go2_ws/install/go2_gazebo:/home/alireza/thesis1/navigation_go2/go2_ws/install/unitree_go:/home/alireza/thesis1/navigation_go2/go2_ws/install/unitree_api:/home/alireza/thesis1/navigation_go2/go2_ws/install/pointcloud_to_laserscan:/home/alireza/thesis1/navigation_go2/go2_ws/install/livox_ros_driver2:/home/alireza/thesis1/navigation_go2/go2_ws/install/go2_description:${AMENT_PREFIX_PATH} CMAKE_PREFIX_PATH=/home/alireza/thesis1/navigation_go2/go2_ws/install/go2_gazebo:/home/alireza/thesis1/navigation_go2/go2_ws/install/unitree_go:/home/alireza/thesis1/navigation_go2/go2_ws/install/unitree_api:/home/alireza/thesis1/navigation_go2/go2_ws/install/pointcloud_to_laserscan:/home/alireza/thesis1/navigation_go2/go2_ws/install/livox_ros_driver2:/home/alireza/thesis1/navigation_go2/go2_ws/install/go2_description:/opt/ros/foxy LD_LIBRARY_PATH=/home/alireza/thesis1/navigation_go2/go2_ws/install/unitree_go/lib:/home/alireza/thesis1/navigation_go2/go2_ws/install/unitree_api/lib:/home/alireza/thesis1/navigation_go2/go2_ws/install/pointcloud_to_laserscan/lib:/home/alireza/thesis1/navigation_go2/go2_ws/install/livox_ros_driver2/lib:${LD_LIBRARY_PATH} PYTHONPATH=/home/alireza/thesis1/navigation_go2/go2_ws/install/unitree_go/lib/python3.8/site-packages:/home/alireza/thesis1/navigation_go2/go2_ws/install/unitree_api/lib/python3.8/site-packages:/home/alireza/thesis1/navigation_go2/go2_ws/install/livox_ros_driver2/lib/python3.8/site-packages:${PYTHONPATH} /usr/bin/cmake /home/alireza/thesis1/navigation_go2/go2_ws/src/go2_real -DROS_EDITION=ROS2 -DCMAKE_INSTALL_PREFIX=/home/alireza/thesis1/navigation_go2/go2_ws/install/go2_real
[8.511s] DEBUG:colcon.colcon_core.event_handler.log_command:Invoking command in '/home/alireza/thesis1/navigation_go2/go2_ws/build/go2_real': AMENT_PREFIX_PATH=/home/alireza/thesis1/navigation_go2/go2_ws/install/go2_gazebo:/home/alireza/thesis1/navigation_go2/go2_ws/install/unitree_go:/home/alireza/thesis1/navigation_go2/go2_ws/install/unitree_api:/home/alireza/thesis1/navigation_go2/go2_ws/install/pointcloud_to_laserscan:/home/alireza/thesis1/navigation_go2/go2_ws/install/livox_ros_driver2:/home/alireza/thesis1/navigation_go2/go2_ws/install/go2_description:${AMENT_PREFIX_PATH} CMAKE_PREFIX_PATH=/home/alireza/thesis1/navigation_go2/go2_ws/install/go2_gazebo:/home/alireza/thesis1/navigation_go2/go2_ws/install/unitree_go:/home/alireza/thesis1/navigation_go2/go2_ws/install/unitree_api:/home/alireza/thesis1/navigation_go2/go2_ws/install/pointcloud_to_laserscan:/home/alireza/thesis1/navigation_go2/go2_ws/install/livox_ros_driver2:/home/alireza/thesis1/navigation_go2/go2_ws/install/go2_description:/opt/ros/foxy LD_LIBRARY_PATH=/home/alireza/thesis1/navigation_go2/go2_ws/install/unitree_go/lib:/home/alireza/thesis1/navigation_go2/go2_ws/install/unitree_api/lib:/home/alireza/thesis1/navigation_go2/go2_ws/install/pointcloud_to_laserscan/lib:/home/alireza/thesis1/navigation_go2/go2_ws/install/livox_ros_driver2/lib:${LD_LIBRARY_PATH} PYTHONPATH=/home/alireza/thesis1/navigation_go2/go2_ws/install/unitree_go/lib/python3.8/site-packages:/home/alireza/thesis1/navigation_go2/go2_ws/install/unitree_api/lib/python3.8/site-packages:/home/alireza/thesis1/navigation_go2/go2_ws/install/livox_ros_driver2/lib/python3.8/site-packages:${PYTHONPATH} /usr/bin/cmake --build /home/alireza/thesis1/navigation_go2/go2_ws/build/go2_real -- -j8 -l8
[8.632s] DEBUG:colcon.colcon_core.event_handler.log_command:Invoked command in '/home/alireza/thesis1/navigation_go2/go2_ws/build/go2_real' returned '0': AMENT_PREFIX_PATH=/home/alireza/thesis1/navigation_go2/go2_ws/install/go2_gazebo:/home/alireza/thesis1/navigation_go2/go2_ws/install/unitree_go:/home/alireza/thesis1/navigation_go2/go2_ws/install/unitree_api:/home/alireza/thesis1/navigation_go2/go2_ws/install/pointcloud_to_laserscan:/home/alireza/thesis1/navigation_go2/go2_ws/install/livox_ros_driver2:/home/alireza/thesis1/navigation_go2/go2_ws/install/go2_description:${AMENT_PREFIX_PATH} CMAKE_PREFIX_PATH=/home/alireza/thesis1/navigation_go2/go2_ws/install/go2_gazebo:/home/alireza/thesis1/navigation_go2/go2_ws/install/unitree_go:/home/alireza/thesis1/navigation_go2/go2_ws/install/unitree_api:/home/alireza/thesis1/navigation_go2/go2_ws/install/pointcloud_to_laserscan:/home/alireza/thesis1/navigation_go2/go2_ws/install/livox_ros_driver2:/home/alireza/thesis1/navigation_go2/go2_ws/install/go2_description:/opt/ros/foxy LD_LIBRARY_PATH=/home/alireza/thesis1/navigation_go2/go2_ws/install/unitree_go/lib:/home/alireza/thesis1/navigation_go2/go2_ws/install/unitree_api/lib:/home/alireza/thesis1/navigation_go2/go2_ws/install/pointcloud_to_laserscan/lib:/home/alireza/thesis1/navigation_go2/go2_ws/install/livox_ros_driver2/lib:${LD_LIBRARY_PATH} PYTHONPATH=/home/alireza/thesis1/navigation_go2/go2_ws/install/unitree_go/lib/python3.8/site-packages:/home/alireza/thesis1/navigation_go2/go2_ws/install/unitree_api/lib/python3.8/site-packages:/home/alireza/thesis1/navigation_go2/go2_ws/install/livox_ros_driver2/lib/python3.8/site-packages:${PYTHONPATH} /usr/bin/cmake --build /home/alireza/thesis1/navigation_go2/go2_ws/build/go2_real -- -j8 -l8
[8.633s] DEBUG:colcon.colcon_core.event_handler.log_command:Invoking command in '/home/alireza/thesis1/navigation_go2/go2_ws/build/go2_real': AMENT_PREFIX_PATH=/home/alireza/thesis1/navigation_go2/go2_ws/install/go2_gazebo:/home/alireza/thesis1/navigation_go2/go2_ws/install/unitree_go:/home/alireza/thesis1/navigation_go2/go2_ws/install/unitree_api:/home/alireza/thesis1/navigation_go2/go2_ws/install/pointcloud_to_laserscan:/home/alireza/thesis1/navigation_go2/go2_ws/install/livox_ros_driver2:/home/alireza/thesis1/navigation_go2/go2_ws/install/go2_description:${AMENT_PREFIX_PATH} CMAKE_PREFIX_PATH=/home/alireza/thesis1/navigation_go2/go2_ws/install/go2_gazebo:/home/alireza/thesis1/navigation_go2/go2_ws/install/unitree_go:/home/alireza/thesis1/navigation_go2/go2_ws/install/unitree_api:/home/alireza/thesis1/navigation_go2/go2_ws/install/pointcloud_to_laserscan:/home/alireza/thesis1/navigation_go2/go2_ws/install/livox_ros_driver2:/home/alireza/thesis1/navigation_go2/go2_ws/install/go2_description:/opt/ros/foxy LD_LIBRARY_PATH=/home/alireza/thesis1/navigation_go2/go2_ws/install/unitree_go/lib:/home/alireza/thesis1/navigation_go2/go2_ws/install/unitree_api/lib:/home/alireza/thesis1/navigation_go2/go2_ws/install/pointcloud_to_laserscan/lib:/home/alireza/thesis1/navigation_go2/go2_ws/install/livox_ros_driver2/lib:${LD_LIBRARY_PATH} PYTHONPATH=/home/alireza/thesis1/navigation_go2/go2_ws/install/unitree_go/lib/python3.8/site-packages:/home/alireza/thesis1/navigation_go2/go2_ws/install/unitree_api/lib/python3.8/site-packages:/home/alireza/thesis1/navigation_go2/go2_ws/install/livox_ros_driver2/lib/python3.8/site-packages:${PYTHONPATH} /usr/bin/cmake --install /home/alireza/thesis1/navigation_go2/go2_ws/build/go2_real
[8.667s] Level 1:colcon.colcon_core.environment:create_environment_scripts_only(go2_real)
[8.668s] Level 1:colcon.colcon_core.environment:checking '/home/alireza/thesis1/navigation_go2/go2_ws/install/go2_real' for CMake module files
[8.669s] Level 1:colcon.colcon_core.environment:checking '/home/alireza/thesis1/navigation_go2/go2_ws/install/go2_real' for CMake config files
[8.669s] Level 1:colcon.colcon_core.shell:create_environment_hook('go2_real', 'cmake_prefix_path')
[8.670s] INFO:colcon.colcon_core.shell:Creating environment hook '/home/alireza/thesis1/navigation_go2/go2_ws/install/go2_real/share/go2_real/hook/cmake_prefix_path.ps1'
[8.671s] INFO:colcon.colcon_core.shell:Creating environment descriptor '/home/alireza/thesis1/navigation_go2/go2_ws/install/go2_real/share/go2_real/hook/cmake_prefix_path.dsv'
[8.672s] INFO:colcon.colcon_core.shell:Creating environment hook '/home/alireza/thesis1/navigation_go2/go2_ws/install/go2_real/share/go2_real/hook/cmake_prefix_path.sh'
[8.673s] Level 1:colcon.colcon_core.environment:checking '/home/alireza/thesis1/navigation_go2/go2_ws/install/go2_real/lib'
[8.673s] Level 1:colcon.colcon_core.environment:checking '/home/alireza/thesis1/navigation_go2/go2_ws/install/go2_real/bin'
[8.673s] Level 1:colcon.colcon_core.environment:checking '/home/alireza/thesis1/navigation_go2/go2_ws/install/go2_real/lib/pkgconfig/go2_real.pc'
[8.673s] Level 1:colcon.colcon_core.environment:checking '/home/alireza/thesis1/navigation_go2/go2_ws/install/go2_real/lib/python3.8/site-packages'
[8.674s] Level 1:colcon.colcon_core.environment:checking '/home/alireza/thesis1/navigation_go2/go2_ws/install/go2_real/bin'
[8.675s] INFO:colcon.colcon_core.shell:Creating package script '/home/alireza/thesis1/navigation_go2/go2_ws/install/go2_real/share/go2_real/package.ps1'
[8.676s] DEBUG:colcon.colcon_core.event_handler.log_command:Invoked command in '/home/alireza/thesis1/navigation_go2/go2_ws/build/go2_real' returned '0': AMENT_PREFIX_PATH=/home/alireza/thesis1/navigation_go2/go2_ws/install/go2_gazebo:/home/alireza/thesis1/navigation_go2/go2_ws/install/unitree_go:/home/alireza/thesis1/navigation_go2/go2_ws/install/unitree_api:/home/alireza/thesis1/navigation_go2/go2_ws/install/pointcloud_to_laserscan:/home/alireza/thesis1/navigation_go2/go2_ws/install/livox_ros_driver2:/home/alireza/thesis1/navigation_go2/go2_ws/install/go2_description:${AMENT_PREFIX_PATH} CMAKE_PREFIX_PATH=/home/alireza/thesis1/navigation_go2/go2_ws/install/go2_gazebo:/home/alireza/thesis1/navigation_go2/go2_ws/install/unitree_go:/home/alireza/thesis1/navigation_go2/go2_ws/install/unitree_api:/home/alireza/thesis1/navigation_go2/go2_ws/install/pointcloud_to_laserscan:/home/alireza/thesis1/navigation_go2/go2_ws/install/livox_ros_driver2:/home/alireza/thesis1/navigation_go2/go2_ws/install/go2_description:/opt/ros/foxy LD_LIBRARY_PATH=/home/alireza/thesis1/navigation_go2/go2_ws/install/unitree_go/lib:/home/alireza/thesis1/navigation_go2/go2_ws/install/unitree_api/lib:/home/alireza/thesis1/navigation_go2/go2_ws/install/pointcloud_to_laserscan/lib:/home/alireza/thesis1/navigation_go2/go2_ws/install/livox_ros_driver2/lib:${LD_LIBRARY_PATH} PYTHONPATH=/home/alireza/thesis1/navigation_go2/go2_ws/install/unitree_go/lib/python3.8/site-packages:/home/alireza/thesis1/navigation_go2/go2_ws/install/unitree_api/lib/python3.8/site-packages:/home/alireza/thesis1/navigation_go2/go2_ws/install/livox_ros_driver2/lib/python3.8/site-packages:${PYTHONPATH} /usr/bin/cmake --install /home/alireza/thesis1/navigation_go2/go2_ws/build/go2_real
[8.677s] INFO:colcon.colcon_core.shell:Creating package descriptor '/home/alireza/thesis1/navigation_go2/go2_ws/install/go2_real/share/go2_real/package.dsv'
[8.678s] INFO:colcon.colcon_core.shell:Creating package script '/home/alireza/thesis1/navigation_go2/go2_ws/install/go2_real/share/go2_real/package.sh'
[8.679s] INFO:colcon.colcon_core.shell:Creating package script '/home/alireza/thesis1/navigation_go2/go2_ws/install/go2_real/share/go2_real/package.bash'
[8.679s] INFO:colcon.colcon_core.shell:Creating package script '/home/alireza/thesis1/navigation_go2/go2_ws/install/go2_real/share/go2_real/package.zsh'
[8.680s] Level 1:colcon.colcon_core.environment:create_file_with_runtime_dependencies(/home/alireza/thesis1/navigation_go2/go2_ws/install/go2_real/share/colcon-core/packages/go2_real)
[8.681s] Level 1:colcon.colcon_core.environment:create_environment_scripts_only(go2_real)
[8.682s] Level 1:colcon.colcon_core.environment:checking '/home/alireza/thesis1/navigation_go2/go2_ws/install/go2_real' for CMake module files
[8.683s] Level 1:colcon.colcon_core.environment:checking '/home/alireza/thesis1/navigation_go2/go2_ws/install/go2_real' for CMake config files
[8.683s] Level 1:colcon.colcon_core.shell:create_environment_hook('go2_real', 'cmake_prefix_path')
[8.684s] INFO:colcon.colcon_core.shell:Creating environment hook '/home/alireza/thesis1/navigation_go2/go2_ws/install/go2_real/share/go2_real/hook/cmake_prefix_path.ps1'
[8.684s] INFO:colcon.colcon_core.shell:Creating environment descriptor '/home/alireza/thesis1/navigation_go2/go2_ws/install/go2_real/share/go2_real/hook/cmake_prefix_path.dsv'
[8.685s] INFO:colcon.colcon_core.shell:Creating environment hook '/home/alireza/thesis1/navigation_go2/go2_ws/install/go2_real/share/go2_real/hook/cmake_prefix_path.sh'
[8.686s] Level 1:colcon.colcon_core.environment:checking '/home/alireza/thesis1/navigation_go2/go2_ws/install/go2_real/lib'
[8.686s] Level 1:colcon.colcon_core.environment:checking '/home/alireza/thesis1/navigation_go2/go2_ws/install/go2_real/bin'
[8.686s] Level 1:colcon.colcon_core.environment:checking '/home/alireza/thesis1/navigation_go2/go2_ws/install/go2_real/lib/pkgconfig/go2_real.pc'
[8.687s] Level 1:colcon.colcon_core.environment:checking '/home/alireza/thesis1/navigation_go2/go2_ws/install/go2_real/lib/python3.8/site-packages'
[8.687s] Level 1:colcon.colcon_core.environment:checking '/home/alireza/thesis1/navigation_go2/go2_ws/install/go2_real/bin'
[8.688s] INFO:colcon.colcon_core.shell:Creating package script '/home/alireza/thesis1/navigation_go2/go2_ws/install/go2_real/share/go2_real/package.ps1'
[8.689s] INFO:colcon.colcon_core.shell:Creating package descriptor '/home/alireza/thesis1/navigation_go2/go2_ws/install/go2_real/share/go2_real/package.dsv'
[8.690s] INFO:colcon.colcon_core.shell:Creating package script '/home/alireza/thesis1/navigation_go2/go2_ws/install/go2_real/share/go2_real/package.sh'
[8.691s] INFO:colcon.colcon_core.shell:Creating package script '/home/alireza/thesis1/navigation_go2/go2_ws/install/go2_real/share/go2_real/package.bash'
[8.692s] INFO:colcon.colcon_core.shell:Creating package script '/home/alireza/thesis1/navigation_go2/go2_ws/install/go2_real/share/go2_real/package.zsh'
[8.693s] Level 1:colcon.colcon_core.environment:create_file_with_runtime_dependencies(/home/alireza/thesis1/navigation_go2/go2_ws/install/go2_real/share/colcon-core/packages/go2_real)
[11.410s] DEBUG:colcon.colcon_core.event_handler.log_command:Invoked command in '/home/alireza/thesis1/navigation_go2/go2_ws/build/unitree_ros2_example' returned '0': AMENT_PREFIX_PATH=/home/alireza/thesis1/navigation_go2/go2_ws/install/unitree_hg:/home/alireza/thesis1/navigation_go2/go2_ws/install/unitree_go:/home/alireza/thesis1/navigation_go2/go2_ws/install/unitree_api:${AMENT_PREFIX_PATH} CMAKE_PREFIX_PATH=/home/alireza/thesis1/navigation_go2/go2_ws/install/unitree_hg:/home/alireza/thesis1/navigation_go2/go2_ws/install/unitree_go:/home/alireza/thesis1/navigation_go2/go2_ws/install/unitree_api:/opt/ros/foxy LD_LIBRARY_PATH=/home/alireza/thesis1/navigation_go2/go2_ws/install/unitree_hg/lib:/home/alireza/thesis1/navigation_go2/go2_ws/install/unitree_go/lib:/home/alireza/thesis1/navigation_go2/go2_ws/install/unitree_api/lib:${LD_LIBRARY_PATH} PYTHONPATH=/home/alireza/thesis1/navigation_go2/go2_ws/install/unitree_hg/lib/python3.8/site-packages:/home/alireza/thesis1/navigation_go2/go2_ws/install/unitree_go/lib/python3.8/site-packages:/home/alireza/thesis1/navigation_go2/go2_ws/install/unitree_api/lib/python3.8/site-packages:${PYTHONPATH} /usr/bin/cmake /home/alireza/thesis1/navigation_go2/go2_ws/src/unitree_ros2/example/src -DROS_EDITION=ROS2 -DCMAKE_INSTALL_PREFIX=/home/alireza/thesis1/navigation_go2/go2_ws/install/unitree_ros2_example
[11.411s] DEBUG:colcon.colcon_core.event_handler.log_command:Invoking command in '/home/alireza/thesis1/navigation_go2/go2_ws/build/unitree_ros2_example': AMENT_PREFIX_PATH=/home/alireza/thesis1/navigation_go2/go2_ws/install/unitree_hg:/home/alireza/thesis1/navigation_go2/go2_ws/install/unitree_go:/home/alireza/thesis1/navigation_go2/go2_ws/install/unitree_api:${AMENT_PREFIX_PATH} CMAKE_PREFIX_PATH=/home/alireza/thesis1/navigation_go2/go2_ws/install/unitree_hg:/home/alireza/thesis1/navigation_go2/go2_ws/install/unitree_go:/home/alireza/thesis1/navigation_go2/go2_ws/install/unitree_api:/opt/ros/foxy LD_LIBRARY_PATH=/home/alireza/thesis1/navigation_go2/go2_ws/install/unitree_hg/lib:/home/alireza/thesis1/navigation_go2/go2_ws/install/unitree_go/lib:/home/alireza/thesis1/navigation_go2/go2_ws/install/unitree_api/lib:${LD_LIBRARY_PATH} PYTHONPATH=/home/alireza/thesis1/navigation_go2/go2_ws/install/unitree_hg/lib/python3.8/site-packages:/home/alireza/thesis1/navigation_go2/go2_ws/install/unitree_go/lib/python3.8/site-packages:/home/alireza/thesis1/navigation_go2/go2_ws/install/unitree_api/lib/python3.8/site-packages:${PYTHONPATH} /usr/bin/cmake --build /home/alireza/thesis1/navigation_go2/go2_ws/build/unitree_ros2_example -- -j8 -l8
[13.526s] DEBUG:colcon.colcon_core.event_handler.log_command:Invoked command in '/home/alireza/thesis1/navigation_go2/go2_ws/build/unitree_ros2_example' returned '0': AMENT_PREFIX_PATH=/home/alireza/thesis1/navigation_go2/go2_ws/install/unitree_hg:/home/alireza/thesis1/navigation_go2/go2_ws/install/unitree_go:/home/alireza/thesis1/navigation_go2/go2_ws/install/unitree_api:${AMENT_PREFIX_PATH} CMAKE_PREFIX_PATH=/home/alireza/thesis1/navigation_go2/go2_ws/install/unitree_hg:/home/alireza/thesis1/navigation_go2/go2_ws/install/unitree_go:/home/alireza/thesis1/navigation_go2/go2_ws/install/unitree_api:/opt/ros/foxy LD_LIBRARY_PATH=/home/alireza/thesis1/navigation_go2/go2_ws/install/unitree_hg/lib:/home/alireza/thesis1/navigation_go2/go2_ws/install/unitree_go/lib:/home/alireza/thesis1/navigation_go2/go2_ws/install/unitree_api/lib:${LD_LIBRARY_PATH} PYTHONPATH=/home/alireza/thesis1/navigation_go2/go2_ws/install/unitree_hg/lib/python3.8/site-packages:/home/alireza/thesis1/navigation_go2/go2_ws/install/unitree_go/lib/python3.8/site-packages:/home/alireza/thesis1/navigation_go2/go2_ws/install/unitree_api/lib/python3.8/site-packages:${PYTHONPATH} /usr/bin/cmake --build /home/alireza/thesis1/navigation_go2/go2_ws/build/unitree_ros2_example -- -j8 -l8
[13.531s] DEBUG:colcon.colcon_core.event_handler.log_command:Invoking command in '/home/alireza/thesis1/navigation_go2/go2_ws/build/unitree_ros2_example': AMENT_PREFIX_PATH=/home/alireza/thesis1/navigation_go2/go2_ws/install/unitree_hg:/home/alireza/thesis1/navigation_go2/go2_ws/install/unitree_go:/home/alireza/thesis1/navigation_go2/go2_ws/install/unitree_api:${AMENT_PREFIX_PATH} CMAKE_PREFIX_PATH=/home/alireza/thesis1/navigation_go2/go2_ws/install/unitree_hg:/home/alireza/thesis1/navigation_go2/go2_ws/install/unitree_go:/home/alireza/thesis1/navigation_go2/go2_ws/install/unitree_api:/opt/ros/foxy LD_LIBRARY_PATH=/home/alireza/thesis1/navigation_go2/go2_ws/install/unitree_hg/lib:/home/alireza/thesis1/navigation_go2/go2_ws/install/unitree_go/lib:/home/alireza/thesis1/navigation_go2/go2_ws/install/unitree_api/lib:${LD_LIBRARY_PATH} PYTHONPATH=/home/alireza/thesis1/navigation_go2/go2_ws/install/unitree_hg/lib/python3.8/site-packages:/home/alireza/thesis1/navigation_go2/go2_ws/install/unitree_go/lib/python3.8/site-packages:/home/alireza/thesis1/navigation_go2/go2_ws/install/unitree_api/lib/python3.8/site-packages:${PYTHONPATH} /usr/bin/cmake --install /home/alireza/thesis1/navigation_go2/go2_ws/build/unitree_ros2_example
[13.629s] Level 1:colcon.colcon_core.environment:create_environment_scripts_only(unitree_ros2_example)
[13.630s] Level 1:colcon.colcon_core.environment:checking '/home/alireza/thesis1/navigation_go2/go2_ws/install/unitree_ros2_example' for CMake module files
[13.631s] Level 1:colcon.colcon_core.environment:checking '/home/alireza/thesis1/navigation_go2/go2_ws/install/unitree_ros2_example' for CMake config files
[13.631s] Level 1:colcon.colcon_core.shell:create_environment_hook('unitree_ros2_example', 'cmake_prefix_path')
[13.632s] INFO:colcon.colcon_core.shell:Creating environment hook '/home/alireza/thesis1/navigation_go2/go2_ws/install/unitree_ros2_example/share/unitree_ros2_example/hook/cmake_prefix_path.ps1'
[13.637s] DEBUG:colcon.colcon_core.event_handler.log_command:Invoked command in '/home/alireza/thesis1/navigation_go2/go2_ws/build/unitree_ros2_example' returned '0': AMENT_PREFIX_PATH=/home/alireza/thesis1/navigation_go2/go2_ws/install/unitree_hg:/home/alireza/thesis1/navigation_go2/go2_ws/install/unitree_go:/home/alireza/thesis1/navigation_go2/go2_ws/install/unitree_api:${AMENT_PREFIX_PATH} CMAKE_PREFIX_PATH=/home/alireza/thesis1/navigation_go2/go2_ws/install/unitree_hg:/home/alireza/thesis1/navigation_go2/go2_ws/install/unitree_go:/home/alireza/thesis1/navigation_go2/go2_ws/install/unitree_api:/opt/ros/foxy LD_LIBRARY_PATH=/home/alireza/thesis1/navigation_go2/go2_ws/install/unitree_hg/lib:/home/alireza/thesis1/navigation_go2/go2_ws/install/unitree_go/lib:/home/alireza/thesis1/navigation_go2/go2_ws/install/unitree_api/lib:${LD_LIBRARY_PATH} PYTHONPATH=/home/alireza/thesis1/navigation_go2/go2_ws/install/unitree_hg/lib/python3.8/site-packages:/home/alireza/thesis1/navigation_go2/go2_ws/install/unitree_go/lib/python3.8/site-packages:/home/alireza/thesis1/navigation_go2/go2_ws/install/unitree_api/lib/python3.8/site-packages:${PYTHONPATH} /usr/bin/cmake --install /home/alireza/thesis1/navigation_go2/go2_ws/build/unitree_ros2_example
[13.638s] INFO:colcon.colcon_core.shell:Creating environment descriptor '/home/alireza/thesis1/navigation_go2/go2_ws/install/unitree_ros2_example/share/unitree_ros2_example/hook/cmake_prefix_path.dsv'
[13.645s] INFO:colcon.colcon_core.shell:Creating environment hook '/home/alireza/thesis1/navigation_go2/go2_ws/install/unitree_ros2_example/share/unitree_ros2_example/hook/cmake_prefix_path.sh'
[13.650s] Level 1:colcon.colcon_core.environment:checking '/home/alireza/thesis1/navigation_go2/go2_ws/install/unitree_ros2_example/bin'
[13.650s] Level 1:colcon.colcon_core.shell:create_environment_hook('unitree_ros2_example', 'path')
[13.650s] INFO:colcon.colcon_core.shell:Creating environment hook '/home/alireza/thesis1/navigation_go2/go2_ws/install/unitree_ros2_example/share/unitree_ros2_example/hook/path.ps1'
[13.651s] INFO:colcon.colcon_core.shell:Creating environment descriptor '/home/alireza/thesis1/navigation_go2/go2_ws/install/unitree_ros2_example/share/unitree_ros2_example/hook/path.dsv'
[13.651s] INFO:colcon.colcon_core.shell:Creating environment hook '/home/alireza/thesis1/navigation_go2/go2_ws/install/unitree_ros2_example/share/unitree_ros2_example/hook/path.sh'
[13.652s] Level 1:colcon.colcon_core.environment:checking '/home/alireza/thesis1/navigation_go2/go2_ws/install/unitree_ros2_example/lib/pkgconfig/unitree_ros2_example.pc'
[13.653s] Level 1:colcon.colcon_core.environment:checking '/home/alireza/thesis1/navigation_go2/go2_ws/install/unitree_ros2_example/lib/python3.8/site-packages'
[13.653s] Level 1:colcon.colcon_core.environment:checking '/home/alireza/thesis1/navigation_go2/go2_ws/install/unitree_ros2_example/bin'
[13.653s] Level 1:colcon.colcon_core.shell:create_environment_hook('unitree_ros2_example', 'pythonscriptspath')
[13.654s] INFO:colcon.colcon_core.shell:Creating environment hook '/home/alireza/thesis1/navigation_go2/go2_ws/install/unitree_ros2_example/share/unitree_ros2_example/hook/pythonscriptspath.ps1'
[13.654s] INFO:colcon.colcon_core.shell:Creating environment descriptor '/home/alireza/thesis1/navigation_go2/go2_ws/install/unitree_ros2_example/share/unitree_ros2_example/hook/pythonscriptspath.dsv'
[13.655s] INFO:colcon.colcon_core.shell:Creating environment hook '/home/alireza/thesis1/navigation_go2/go2_ws/install/unitree_ros2_example/share/unitree_ros2_example/hook/pythonscriptspath.sh'
[13.656s] INFO:colcon.colcon_core.shell:Creating package script '/home/alireza/thesis1/navigation_go2/go2_ws/install/unitree_ros2_example/share/unitree_ros2_example/package.ps1'
[13.658s] INFO:colcon.colcon_core.shell:Creating package descriptor '/home/alireza/thesis1/navigation_go2/go2_ws/install/unitree_ros2_example/share/unitree_ros2_example/package.dsv'
[13.659s] INFO:colcon.colcon_core.shell:Creating package script '/home/alireza/thesis1/navigation_go2/go2_ws/install/unitree_ros2_example/share/unitree_ros2_example/package.sh'
[13.660s] INFO:colcon.colcon_core.shell:Creating package script '/home/alireza/thesis1/navigation_go2/go2_ws/install/unitree_ros2_example/share/unitree_ros2_example/package.bash'
[13.661s] INFO:colcon.colcon_core.shell:Creating package script '/home/alireza/thesis1/navigation_go2/go2_ws/install/unitree_ros2_example/share/unitree_ros2_example/package.zsh'
[13.661s] Level 1:colcon.colcon_core.environment:create_file_with_runtime_dependencies(/home/alireza/thesis1/navigation_go2/go2_ws/install/unitree_ros2_example/share/colcon-core/packages/unitree_ros2_example)
[13.669s] Level 1:colcon.colcon_core.environment:create_environment_scripts_only(unitree_ros2_example)
[13.669s] Level 1:colcon.colcon_core.environment:checking '/home/alireza/thesis1/navigation_go2/go2_ws/install/unitree_ros2_example' for CMake module files
[13.670s] Level 1:colcon.colcon_core.environment:checking '/home/alireza/thesis1/navigation_go2/go2_ws/install/unitree_ros2_example' for CMake config files
[13.671s] Level 1:colcon.colcon_core.shell:create_environment_hook('unitree_ros2_example', 'cmake_prefix_path')
[13.671s] INFO:colcon.colcon_core.shell:Creating environment hook '/home/alireza/thesis1/navigation_go2/go2_ws/install/unitree_ros2_example/share/unitree_ros2_example/hook/cmake_prefix_path.ps1'
[13.672s] INFO:colcon.colcon_core.shell:Creating environment descriptor '/home/alireza/thesis1/navigation_go2/go2_ws/install/unitree_ros2_example/share/unitree_ros2_example/hook/cmake_prefix_path.dsv'
[13.673s] INFO:colcon.colcon_core.shell:Creating environment hook '/home/alireza/thesis1/navigation_go2/go2_ws/install/unitree_ros2_example/share/unitree_ros2_example/hook/cmake_prefix_path.sh'
[13.674s] Level 1:colcon.colcon_core.environment:checking '/home/alireza/thesis1/navigation_go2/go2_ws/install/unitree_ros2_example/bin'
[13.674s] Level 1:colcon.colcon_core.shell:create_environment_hook('unitree_ros2_example', 'path')
[13.675s] INFO:colcon.colcon_core.shell:Creating environment hook '/home/alireza/thesis1/navigation_go2/go2_ws/install/unitree_ros2_example/share/unitree_ros2_example/hook/path.ps1'
[13.675s] INFO:colcon.colcon_core.shell:Creating environment descriptor '/home/alireza/thesis1/navigation_go2/go2_ws/install/unitree_ros2_example/share/unitree_ros2_example/hook/path.dsv'
[13.676s] INFO:colcon.colcon_core.shell:Creating environment hook '/home/alireza/thesis1/navigation_go2/go2_ws/install/unitree_ros2_example/share/unitree_ros2_example/hook/path.sh'
[13.684s] Level 1:colcon.colcon_core.environment:checking '/home/alireza/thesis1/navigation_go2/go2_ws/install/unitree_ros2_example/lib/pkgconfig/unitree_ros2_example.pc'
[13.689s] Level 1:colcon.colcon_core.environment:checking '/home/alireza/thesis1/navigation_go2/go2_ws/install/unitree_ros2_example/lib/python3.8/site-packages'
[13.689s] Level 1:colcon.colcon_core.environment:checking '/home/alireza/thesis1/navigation_go2/go2_ws/install/unitree_ros2_example/bin'
[13.690s] Level 1:colcon.colcon_core.shell:create_environment_hook('unitree_ros2_example', 'pythonscriptspath')
[13.690s] INFO:colcon.colcon_core.shell:Creating environment hook '/home/alireza/thesis1/navigation_go2/go2_ws/install/unitree_ros2_example/share/unitree_ros2_example/hook/pythonscriptspath.ps1'
[13.691s] INFO:colcon.colcon_core.shell:Creating environment descriptor '/home/alireza/thesis1/navigation_go2/go2_ws/install/unitree_ros2_example/share/unitree_ros2_example/hook/pythonscriptspath.dsv'
[13.692s] INFO:colcon.colcon_core.shell:Creating environment hook '/home/alireza/thesis1/navigation_go2/go2_ws/install/unitree_ros2_example/share/unitree_ros2_example/hook/pythonscriptspath.sh'
[13.693s] INFO:colcon.colcon_core.shell:Creating package script '/home/alireza/thesis1/navigation_go2/go2_ws/install/unitree_ros2_example/share/unitree_ros2_example/package.ps1'
[13.705s] INFO:colcon.colcon_core.shell:Creating package descriptor '/home/alireza/thesis1/navigation_go2/go2_ws/install/unitree_ros2_example/share/unitree_ros2_example/package.dsv'
[13.706s] INFO:colcon.colcon_core.shell:Creating package script '/home/alireza/thesis1/navigation_go2/go2_ws/install/unitree_ros2_example/share/unitree_ros2_example/package.sh'
[13.707s] INFO:colcon.colcon_core.shell:Creating package script '/home/alireza/thesis1/navigation_go2/go2_ws/install/unitree_ros2_example/share/unitree_ros2_example/package.bash'
[13.708s] INFO:colcon.colcon_core.shell:Creating package script '/home/alireza/thesis1/navigation_go2/go2_ws/install/unitree_ros2_example/share/unitree_ros2_example/package.zsh'
[13.711s] Level 1:colcon.colcon_core.environment:create_file_with_runtime_dependencies(/home/alireza/thesis1/navigation_go2/go2_ws/install/unitree_ros2_example/share/colcon-core/packages/unitree_ros2_example)
[39.396s] DEBUG:colcon.colcon_core.event_handler.log_command:Invoked command in '/home/alireza/thesis1/navigation_go2/go2_ws/build/cyclonedds' returned '2': CMAKE_PREFIX_PATH=/opt/ros/foxy /usr/bin/cmake --build /home/alireza/thesis1/navigation_go2/go2_ws/build/cyclonedds -- -j8 -l8
[39.396s] Level 1:colcon.colcon_core.shell:create_environment_hook('cyclonedds', 'pkg_config_path')
[39.397s] INFO:colcon.colcon_core.shell:Creating environment hook '/home/alireza/thesis1/navigation_go2/go2_ws/install/cyclonedds/share/cyclonedds/hook/pkg_config_path.ps1'
[39.397s] INFO:colcon.colcon_core.shell:Creating environment descriptor '/home/alireza/thesis1/navigation_go2/go2_ws/install/cyclonedds/share/cyclonedds/hook/pkg_config_path.dsv'
[39.397s] INFO:colcon.colcon_core.shell:Creating environment hook '/home/alireza/thesis1/navigation_go2/go2_ws/install/cyclonedds/share/cyclonedds/hook/pkg_config_path.sh'
[39.400s] Level 1:colcon.colcon_core.shell:create_environment_hook('cyclonedds', 'pkg_config_path_multiarch')
[39.401s] INFO:colcon.colcon_core.shell:Creating environment hook '/home/alireza/thesis1/navigation_go2/go2_ws/install/cyclonedds/share/cyclonedds/hook/pkg_config_path_multiarch.ps1'
[39.402s] INFO:colcon.colcon_core.shell:Creating environment descriptor '/home/alireza/thesis1/navigation_go2/go2_ws/install/cyclonedds/share/cyclonedds/hook/pkg_config_path_multiarch.dsv'
[39.402s] INFO:colcon.colcon_core.shell:Creating environment hook '/home/alireza/thesis1/navigation_go2/go2_ws/install/cyclonedds/share/cyclonedds/hook/pkg_config_path_multiarch.sh'
[39.402s] Level 1:colcon.colcon_core.environment:create_environment_scripts_only(cyclonedds)
[39.403s] Level 1:colcon.colcon_core.environment:checking '/home/alireza/thesis1/navigation_go2/go2_ws/install/cyclonedds' for CMake module files
[39.403s] Level 1:colcon.colcon_core.environment:checking '/home/alireza/thesis1/navigation_go2/go2_ws/install/cyclonedds' for CMake config files
[39.403s] Level 1:colcon.colcon_core.environment:checking '/home/alireza/thesis1/navigation_go2/go2_ws/install/cyclonedds/bin'
[39.403s] Level 1:colcon.colcon_core.environment:checking '/home/alireza/thesis1/navigation_go2/go2_ws/install/cyclonedds/lib/pkgconfig/cyclonedds.pc'
[39.404s] Level 1:colcon.colcon_core.environment:checking '/home/alireza/thesis1/navigation_go2/go2_ws/install/cyclonedds/lib/python3.8/site-packages'
[39.404s] Level 1:colcon.colcon_core.environment:checking '/home/alireza/thesis1/navigation_go2/go2_ws/install/cyclonedds/bin'
[39.404s] INFO:colcon.colcon_core.shell:Creating package script '/home/alireza/thesis1/navigation_go2/go2_ws/install/cyclonedds/share/cyclonedds/package.ps1'
[39.405s] INFO:colcon.colcon_core.shell:Creating package descriptor '/home/alireza/thesis1/navigation_go2/go2_ws/install/cyclonedds/share/cyclonedds/package.dsv'
[39.405s] INFO:colcon.colcon_core.shell:Creating package script '/home/alireza/thesis1/navigation_go2/go2_ws/install/cyclonedds/share/cyclonedds/package.sh'
[39.406s] INFO:colcon.colcon_core.shell:Creating package script '/home/alireza/thesis1/navigation_go2/go2_ws/install/cyclonedds/share/cyclonedds/package.bash'
[39.406s] INFO:colcon.colcon_core.shell:Creating package script '/home/alireza/thesis1/navigation_go2/go2_ws/install/cyclonedds/share/cyclonedds/package.zsh'
[39.406s] Level 1:colcon.colcon_core.environment:create_file_with_runtime_dependencies(/home/alireza/thesis1/navigation_go2/go2_ws/install/cyclonedds/share/colcon-core/packages/cyclonedds)
[39.417s] DEBUG:colcon.colcon_parallel_executor.executor.parallel:closing loop
[39.417s] DEBUG:colcon.colcon_parallel_executor.executor.parallel:loop closed
[39.417s] DEBUG:colcon.colcon_parallel_executor.executor.parallel:run_until_complete finished with '2'
[39.417s] DEBUG:colcon.colcon_core.event_reactor:joining thread
[39.423s] INFO:colcon.colcon_core.plugin_system:Skipping extension 'colcon_notification.desktop_notification.terminal_notifier': Not used on non-Darwin systems
[39.423s] INFO:colcon.colcon_core.plugin_system:Skipping extension 'colcon_notification.desktop_notification.win32': Not used on non-Windows systems
[39.423s] INFO:colcon.colcon_notification.desktop_notification:Sending desktop notification using 'notify2'
[39.438s] DEBUG:colcon.colcon_core.event_reactor:joined thread
[39.438s] INFO:colcon.colcon_core.shell:Creating prefix script '/home/alireza/thesis1/navigation_go2/go2_ws/install/local_setup.ps1'
[39.440s] INFO:colcon.colcon_core.shell:Creating prefix util module '/home/alireza/thesis1/navigation_go2/go2_ws/install/_local_setup_util_ps1.py'
[39.443s] INFO:colcon.colcon_core.shell:Creating prefix chain script '/home/alireza/thesis1/navigation_go2/go2_ws/install/setup.ps1'
[39.444s] INFO:colcon.colcon_core.shell:Creating prefix script '/home/alireza/thesis1/navigation_go2/go2_ws/install/local_setup.sh'
[39.444s] INFO:colcon.colcon_core.shell:Creating prefix util module '/home/alireza/thesis1/navigation_go2/go2_ws/install/_local_setup_util_sh.py'
[39.445s] INFO:colcon.colcon_core.shell:Creating prefix chain script '/home/alireza/thesis1/navigation_go2/go2_ws/install/setup.sh'
[39.446s] INFO:colcon.colcon_core.shell:Creating prefix script '/home/alireza/thesis1/navigation_go2/go2_ws/install/local_setup.bash'
[39.447s] INFO:colcon.colcon_core.shell:Creating prefix chain script '/home/alireza/thesis1/navigation_go2/go2_ws/install/setup.bash'
[39.447s] INFO:colcon.colcon_core.shell:Creating prefix script '/home/alireza/thesis1/navigation_go2/go2_ws/install/local_setup.zsh'
[39.448s] INFO:colcon.colcon_core.shell:Creating prefix chain script '/home/alireza/thesis1/navigation_go2/go2_ws/install/setup.zsh'
