-- Found ament_cmake: 0.9.12 (/opt/ros/foxy/share/ament_cmake/cmake)
-- Using PYTHON_EXECUTABLE: /usr/bin/python3
-- Found geometry_msgs: 2.0.5 (/opt/ros/foxy/share/geometry_msgs/cmake)
-- Using all available rosidl_typesupport_c: rosidl_typesupport_fastrtps_c;rosidl_typesupport_introspection_c
-- Found rosidl_adapter: 1.3.1 (/opt/ros/foxy/share/rosidl_adapter/cmake)
-- Using all available rosidl_typesupport_cpp: rosidl_typesupport_fastrtps_cpp;rosidl_typesupport_introspection_cpp
-- Found rosidl_default_generators: 1.0.1 (/opt/ros/foxy/share/rosidl_default_generators/cmake)
-- Found PythonInterp: /usr/bin/python3 (found version "3.8.10") 
-- Found ament_cmake_ros: 0.9.2 (/opt/ros/foxy/share/ament_cmake_ros/cmake)
-- Using all available rosidl_typesupport_c: rosidl_typesupport_fastrtps_c;rosidl_typesupport_introspection_c
-- Using all available rosidl_typesupport_cpp: rosidl_typesupport_fastrtps_cpp;rosidl_typesupport_introspection_cpp
-- Found PythonInterp: /usr/bin/python3 (found suitable version "3.8.10", minimum required is "3.5") 
-- Found python_cmake_module: 0.8.1 (/opt/ros/foxy/share/python_cmake_module/cmake)
-- Found PythonLibs: /usr/lib/x86_64-linux-gnu/libpython3.8.so (found suitable version "3.8.10", minimum required is "3.5") 
-- Using PYTHON_EXECUTABLE: /usr/bin/python3
-- Using PYTHON_INCLUDE_DIRS: /usr/include/python3.8
-- Using PYTHON_LIBRARIES: /usr/lib/x86_64-linux-gnu/libpython3.8.so
-- Found PythonExtra: .so  
-- Found ament_lint_auto: 0.9.8 (/opt/ros/foxy/share/ament_lint_auto/cmake)
-- Added test 'copyright' to check source files copyright and LICENSE
-- Added test 'lint_cmake' to check CMake code style
-- Added test 'xmllint' to check XML markup files
-- Configuring done
-- Generating done
-- Build files have been written to: /home/alireza/thesis1/navigation_go2/go2_ws/build/unitree_go
Scanning dependencies of target unitree_go__cpp
[  1%] Generating C code for ROS interfaces
[  1%] Generating C++ code for ROS interfaces
[  1%] Built target unitree_go__cpp
[  2%] Generating C++ type support for eProsima Fast-RTPS
[  3%] Generating C++ type support dispatch for ROS interfaces
[  4%] Generating C++ introspection for ROS interfaces
Scanning dependencies of target unitree_go__rosidl_generator_c
[  4%] Building C object CMakeFiles/unitree_go__rosidl_generator_c.dir/rosidl_generator_c/unitree_go/msg/detail/audio_data__functions.c.o
[  4%] Building C object CMakeFiles/unitree_go__rosidl_generator_c.dir/rosidl_generator_c/unitree_go/msg/detail/bms_cmd__functions.c.o
[  5%] Building C object CMakeFiles/unitree_go__rosidl_generator_c.dir/rosidl_generator_c/unitree_go/msg/detail/bms_state__functions.c.o
[  5%] Building C object CMakeFiles/unitree_go__rosidl_generator_c.dir/rosidl_generator_c/unitree_go/msg/detail/error__functions.c.o
[  6%] Building C object CMakeFiles/unitree_go__rosidl_generator_c.dir/rosidl_generator_c/unitree_go/msg/detail/go2_front_video_data__functions.c.o
[  6%] Building C object CMakeFiles/unitree_go__rosidl_generator_c.dir/rosidl_generator_c/unitree_go/msg/detail/height_map__functions.c.o
[  7%] Building C object CMakeFiles/unitree_go__rosidl_generator_c.dir/rosidl_generator_c/unitree_go/msg/detail/imu_state__functions.c.o
[  7%] Building C object CMakeFiles/unitree_go__rosidl_generator_c.dir/rosidl_generator_c/unitree_go/msg/detail/interface_config__functions.c.o
[  8%] Building C object CMakeFiles/unitree_go__rosidl_generator_c.dir/rosidl_generator_c/unitree_go/msg/detail/lidar_state__functions.c.o
[  8%] Building C object CMakeFiles/unitree_go__rosidl_generator_c.dir/rosidl_generator_c/unitree_go/msg/detail/low_cmd__functions.c.o
[  9%] Building C object CMakeFiles/unitree_go__rosidl_generator_c.dir/rosidl_generator_c/unitree_go/msg/detail/low_state__functions.c.o
[  9%] Building C object CMakeFiles/unitree_go__rosidl_generator_c.dir/rosidl_generator_c/unitree_go/msg/detail/motor_cmd__functions.c.o
[ 10%] Building C object CMakeFiles/unitree_go__rosidl_generator_c.dir/rosidl_generator_c/unitree_go/msg/detail/motor_cmds__functions.c.o
[ 10%] Building C object CMakeFiles/unitree_go__rosidl_generator_c.dir/rosidl_generator_c/unitree_go/msg/detail/motor_state__functions.c.o
[ 11%] Building C object CMakeFiles/unitree_go__rosidl_generator_c.dir/rosidl_generator_c/unitree_go/msg/detail/motor_states__functions.c.o
[ 11%] Building C object CMakeFiles/unitree_go__rosidl_generator_c.dir/rosidl_generator_c/unitree_go/msg/detail/path_point__functions.c.o
[ 11%] Building C object CMakeFiles/unitree_go__rosidl_generator_c.dir/rosidl_generator_c/unitree_go/msg/detail/req__functions.c.o
[ 12%] Building C object CMakeFiles/unitree_go__rosidl_generator_c.dir/rosidl_generator_c/unitree_go/msg/detail/res__functions.c.o
[ 12%] Building C object CMakeFiles/unitree_go__rosidl_generator_c.dir/rosidl_generator_c/unitree_go/msg/detail/sport_mode_cmd__functions.c.o
[ 13%] Building C object CMakeFiles/unitree_go__rosidl_generator_c.dir/rosidl_generator_c/unitree_go/msg/detail/sport_mode_state__functions.c.o
[ 13%] Building C object CMakeFiles/unitree_go__rosidl_generator_c.dir/rosidl_generator_c/unitree_go/msg/detail/time_spec__functions.c.o
[ 14%] Building C object CMakeFiles/unitree_go__rosidl_generator_c.dir/rosidl_generator_c/unitree_go/msg/detail/uwb_state__functions.c.o
[ 14%] Building C object CMakeFiles/unitree_go__rosidl_generator_c.dir/rosidl_generator_c/unitree_go/msg/detail/uwb_switch__functions.c.o
[ 15%] Building C object CMakeFiles/unitree_go__rosidl_generator_c.dir/rosidl_generator_c/unitree_go/msg/detail/wireless_controller__functions.c.o
[ 15%] Linking C shared library libunitree_go__rosidl_generator_c.so
[ 15%] Built target unitree_go__rosidl_generator_c
[ 16%] Generating C introspection for ROS interfaces
[ 17%] Generating C type support dispatch for ROS interfaces
Scanning dependencies of target unitree_go__rosidl_typesupport_introspection_cpp
[ 17%] Building CXX object CMakeFiles/unitree_go__rosidl_typesupport_introspection_cpp.dir/rosidl_typesupport_introspection_cpp/unitree_go/msg/detail/audio_data__type_support.cpp.o
[ 18%] Building CXX object CMakeFiles/unitree_go__rosidl_typesupport_introspection_cpp.dir/rosidl_typesupport_introspection_cpp/unitree_go/msg/detail/bms_cmd__type_support.cpp.o
[ 18%] Building CXX object CMakeFiles/unitree_go__rosidl_typesupport_introspection_cpp.dir/rosidl_typesupport_introspection_cpp/unitree_go/msg/detail/bms_state__type_support.cpp.o
[ 19%] Building CXX object CMakeFiles/unitree_go__rosidl_typesupport_introspection_cpp.dir/rosidl_typesupport_introspection_cpp/unitree_go/msg/detail/error__type_support.cpp.o
Scanning dependencies of target unitree_go__rosidl_typesupport_cpp
[ 19%] Building CXX object CMakeFiles/unitree_go__rosidl_typesupport_cpp.dir/rosidl_typesupport_cpp/unitree_go/msg/audio_data__type_support.cpp.o
[ 20%] Building CXX object CMakeFiles/unitree_go__rosidl_typesupport_cpp.dir/rosidl_typesupport_cpp/unitree_go/msg/bms_cmd__type_support.cpp.o
[ 20%] Building CXX object CMakeFiles/unitree_go__rosidl_typesupport_introspection_cpp.dir/rosidl_typesupport_introspection_cpp/unitree_go/msg/detail/go2_front_video_data__type_support.cpp.o
[ 20%] Building CXX object CMakeFiles/unitree_go__rosidl_typesupport_cpp.dir/rosidl_typesupport_cpp/unitree_go/msg/bms_state__type_support.cpp.o
Scanning dependencies of target unitree_go__rosidl_typesupport_c
[ 20%] Building CXX object CMakeFiles/unitree_go__rosidl_typesupport_c.dir/rosidl_typesupport_c/unitree_go/msg/audio_data__type_support.cpp.o
Scanning dependencies of target unitree_go__rosidl_typesupport_fastrtps_cpp
[ 20%] Building CXX object CMakeFiles/unitree_go__rosidl_typesupport_fastrtps_cpp.dir/rosidl_typesupport_fastrtps_cpp/unitree_go/msg/detail/dds_fastrtps/audio_data__type_support.cpp.o
[ 21%] Building CXX object CMakeFiles/unitree_go__rosidl_typesupport_c.dir/rosidl_typesupport_c/unitree_go/msg/bms_cmd__type_support.cpp.o
[ 21%] Building CXX object CMakeFiles/unitree_go__rosidl_typesupport_c.dir/rosidl_typesupport_c/unitree_go/msg/bms_state__type_support.cpp.o
[ 21%] Building CXX object CMakeFiles/unitree_go__rosidl_typesupport_c.dir/rosidl_typesupport_c/unitree_go/msg/error__type_support.cpp.o
[ 22%] Building CXX object CMakeFiles/unitree_go__rosidl_typesupport_introspection_cpp.dir/rosidl_typesupport_introspection_cpp/unitree_go/msg/detail/height_map__type_support.cpp.o
[ 22%] Building CXX object CMakeFiles/unitree_go__rosidl_typesupport_cpp.dir/rosidl_typesupport_cpp/unitree_go/msg/height_map__type_support.cpp.o
[ 23%] Building CXX object CMakeFiles/unitree_go__rosidl_typesupport_c.dir/rosidl_typesupport_c/unitree_go/msg/go2_front_video_data__type_support.cpp.o
[ 23%] Building CXX object CMakeFiles/unitree_go__rosidl_typesupport_c.dir/rosidl_typesupport_c/unitree_go/msg/height_map__type_support.cpp.o
[ 24%] Building CXX object CMakeFiles/unitree_go__rosidl_typesupport_c.dir/rosidl_typesupport_c/unitree_go/msg/imu_state__type_support.cpp.o
[ 24%] Building CXX object CMakeFiles/unitree_go__rosidl_typesupport_c.dir/rosidl_typesupport_c/unitree_go/msg/interface_config__type_support.cpp.o
[ 25%] Building CXX object CMakeFiles/unitree_go__rosidl_typesupport_c.dir/rosidl_typesupport_c/unitree_go/msg/lidar_state__type_support.cpp.o
Scanning dependencies of target unitree_go__rosidl_typesupport_introspection_c
[ 25%] Building CXX object CMakeFiles/unitree_go__rosidl_typesupport_c.dir/rosidl_typesupport_c/unitree_go/msg/low_cmd__type_support.cpp.o
[ 25%] Building C object CMakeFiles/unitree_go__rosidl_typesupport_introspection_c.dir/rosidl_typesupport_introspection_c/unitree_go/msg/detail/audio_data__type_support.c.o
[ 26%] Building CXX object CMakeFiles/unitree_go__rosidl_typesupport_c.dir/rosidl_typesupport_c/unitree_go/msg/low_state__type_support.cpp.o
[ 27%] Building CXX object CMakeFiles/unitree_go__rosidl_typesupport_cpp.dir/rosidl_typesupport_cpp/unitree_go/msg/imu_state__type_support.cpp.o
[ 28%] Building CXX object CMakeFiles/unitree_go__rosidl_typesupport_fastrtps_cpp.dir/rosidl_typesupport_fastrtps_cpp/unitree_go/msg/detail/dds_fastrtps/bms_cmd__type_support.cpp.o
[ 28%] Building CXX object CMakeFiles/unitree_go__rosidl_typesupport_c.dir/rosidl_typesupport_c/unitree_go/msg/motor_cmd__type_support.cpp.o
[ 28%] Building CXX object CMakeFiles/unitree_go__rosidl_typesupport_introspection_cpp.dir/rosidl_typesupport_introspection_cpp/unitree_go/msg/detail/imu_state__type_support.cpp.o
[ 29%] Building C object CMakeFiles/unitree_go__rosidl_typesupport_introspection_c.dir/rosidl_typesupport_introspection_c/unitree_go/msg/detail/bms_cmd__type_support.c.o
[ 30%] Building CXX object CMakeFiles/unitree_go__rosidl_typesupport_c.dir/rosidl_typesupport_c/unitree_go/msg/motor_cmds__type_support.cpp.o
[ 30%] Building C object CMakeFiles/unitree_go__rosidl_typesupport_introspection_c.dir/rosidl_typesupport_introspection_c/unitree_go/msg/detail/bms_state__type_support.c.o
[ 30%] Building CXX object CMakeFiles/unitree_go__rosidl_typesupport_c.dir/rosidl_typesupport_c/unitree_go/msg/motor_state__type_support.cpp.o
[ 31%] Building C object CMakeFiles/unitree_go__rosidl_typesupport_introspection_c.dir/rosidl_typesupport_introspection_c/unitree_go/msg/detail/error__type_support.c.o
[ 32%] Building CXX object CMakeFiles/unitree_go__rosidl_typesupport_c.dir/rosidl_typesupport_c/unitree_go/msg/motor_states__type_support.cpp.o
[ 32%] Building C object CMakeFiles/unitree_go__rosidl_typesupport_introspection_c.dir/rosidl_typesupport_introspection_c/unitree_go/msg/detail/go2_front_video_data__type_support.c.o
[ 32%] Building CXX object CMakeFiles/unitree_go__rosidl_typesupport_c.dir/rosidl_typesupport_c/unitree_go/msg/path_point__type_support.cpp.o
[ 33%] Building CXX object CMakeFiles/unitree_go__rosidl_typesupport_c.dir/rosidl_typesupport_c/unitree_go/msg/req__type_support.cpp.o
[ 34%] Building C object CMakeFiles/unitree_go__rosidl_typesupport_introspection_c.dir/rosidl_typesupport_introspection_c/unitree_go/msg/detail/height_map__type_support.c.o
[ 34%] Building CXX object CMakeFiles/unitree_go__rosidl_typesupport_c.dir/rosidl_typesupport_c/unitree_go/msg/res__type_support.cpp.o
[ 34%] Building C object CMakeFiles/unitree_go__rosidl_typesupport_introspection_c.dir/rosidl_typesupport_introspection_c/unitree_go/msg/detail/imu_state__type_support.c.o
[ 34%] Building CXX object CMakeFiles/unitree_go__rosidl_typesupport_cpp.dir/rosidl_typesupport_cpp/unitree_go/msg/go2_front_video_data__type_support.cpp.o
[ 35%] Building C object CMakeFiles/unitree_go__rosidl_typesupport_introspection_c.dir/rosidl_typesupport_introspection_c/unitree_go/msg/detail/interface_config__type_support.c.o
[ 35%] Building CXX object CMakeFiles/unitree_go__rosidl_typesupport_c.dir/rosidl_typesupport_c/unitree_go/msg/sport_mode_cmd__type_support.cpp.o
[ 36%] Building CXX object CMakeFiles/unitree_go__rosidl_typesupport_introspection_cpp.dir/rosidl_typesupport_introspection_cpp/unitree_go/msg/detail/interface_config__type_support.cpp.o
[ 36%] Building C object CMakeFiles/unitree_go__rosidl_typesupport_introspection_c.dir/rosidl_typesupport_introspection_c/unitree_go/msg/detail/lidar_state__type_support.c.o
[ 37%] Building CXX object CMakeFiles/unitree_go__rosidl_typesupport_c.dir/rosidl_typesupport_c/unitree_go/msg/sport_mode_state__type_support.cpp.o
[ 38%] Building C object CMakeFiles/unitree_go__rosidl_typesupport_introspection_c.dir/rosidl_typesupport_introspection_c/unitree_go/msg/detail/low_cmd__type_support.c.o
[ 38%] Building CXX object CMakeFiles/unitree_go__rosidl_typesupport_c.dir/rosidl_typesupport_c/unitree_go/msg/time_spec__type_support.cpp.o
[ 38%] Building C object CMakeFiles/unitree_go__rosidl_typesupport_introspection_c.dir/rosidl_typesupport_introspection_c/unitree_go/msg/detail/low_state__type_support.c.o
[ 39%] Building CXX object CMakeFiles/unitree_go__rosidl_typesupport_c.dir/rosidl_typesupport_c/unitree_go/msg/uwb_state__type_support.cpp.o
[ 39%] Building CXX object CMakeFiles/unitree_go__rosidl_typesupport_fastrtps_cpp.dir/rosidl_typesupport_fastrtps_cpp/unitree_go/msg/detail/dds_fastrtps/bms_state__type_support.cpp.o
[ 39%] Building CXX object CMakeFiles/unitree_go__rosidl_typesupport_c.dir/rosidl_typesupport_c/unitree_go/msg/uwb_switch__type_support.cpp.o
[ 39%] Building C object CMakeFiles/unitree_go__rosidl_typesupport_introspection_c.dir/rosidl_typesupport_introspection_c/unitree_go/msg/detail/motor_cmd__type_support.c.o
[ 41%] Building CXX object CMakeFiles/unitree_go__rosidl_typesupport_c.dir/rosidl_typesupport_c/unitree_go/msg/wireless_controller__type_support.cpp.o
[ 41%] Building C object CMakeFiles/unitree_go__rosidl_typesupport_introspection_c.dir/rosidl_typesupport_introspection_c/unitree_go/msg/detail/motor_cmds__type_support.c.o
[ 41%] Building C object CMakeFiles/unitree_go__rosidl_typesupport_introspection_c.dir/rosidl_typesupport_introspection_c/unitree_go/msg/detail/motor_state__type_support.c.o
[ 41%] Linking CXX shared library libunitree_go__rosidl_typesupport_c.so
[ 42%] Building C object CMakeFiles/unitree_go__rosidl_typesupport_introspection_c.dir/rosidl_typesupport_introspection_c/unitree_go/msg/detail/motor_states__type_support.c.o
[ 43%] Building CXX object CMakeFiles/unitree_go__rosidl_typesupport_cpp.dir/rosidl_typesupport_cpp/unitree_go/msg/error__type_support.cpp.o
[ 43%] Built target unitree_go__rosidl_typesupport_c
[ 44%] Building C object CMakeFiles/unitree_go__rosidl_typesupport_introspection_c.dir/rosidl_typesupport_introspection_c/unitree_go/msg/detail/req__type_support.c.o
[ 44%] Building CXX object CMakeFiles/unitree_go__rosidl_typesupport_introspection_cpp.dir/rosidl_typesupport_introspection_cpp/unitree_go/msg/detail/lidar_state__type_support.cpp.o
[ 44%] Building C object CMakeFiles/unitree_go__rosidl_typesupport_introspection_c.dir/rosidl_typesupport_introspection_c/unitree_go/msg/detail/path_point__type_support.c.o
[ 44%] Building C object CMakeFiles/unitree_go__rosidl_typesupport_introspection_c.dir/rosidl_typesupport_introspection_c/unitree_go/msg/detail/res__type_support.c.o
[ 45%] Building C object CMakeFiles/unitree_go__rosidl_typesupport_introspection_c.dir/rosidl_typesupport_introspection_c/unitree_go/msg/detail/sport_mode_cmd__type_support.c.o
[ 45%] Building C object CMakeFiles/unitree_go__rosidl_typesupport_introspection_c.dir/rosidl_typesupport_introspection_c/unitree_go/msg/detail/sport_mode_state__type_support.c.o
[ 46%] Building C object CMakeFiles/unitree_go__rosidl_typesupport_introspection_c.dir/rosidl_typesupport_introspection_c/unitree_go/msg/detail/time_spec__type_support.c.o
[ 46%] Building C object CMakeFiles/unitree_go__rosidl_typesupport_introspection_c.dir/rosidl_typesupport_introspection_c/unitree_go/msg/detail/uwb_state__type_support.c.o
[ 47%] Building C object CMakeFiles/unitree_go__rosidl_typesupport_introspection_c.dir/rosidl_typesupport_introspection_c/unitree_go/msg/detail/uwb_switch__type_support.c.o
[ 48%] Building CXX object CMakeFiles/unitree_go__rosidl_typesupport_fastrtps_cpp.dir/rosidl_typesupport_fastrtps_cpp/unitree_go/msg/detail/dds_fastrtps/error__type_support.cpp.o
[ 48%] Building C object CMakeFiles/unitree_go__rosidl_typesupport_introspection_c.dir/rosidl_typesupport_introspection_c/unitree_go/msg/detail/wireless_controller__type_support.c.o
[ 49%] Building CXX object CMakeFiles/unitree_go__rosidl_typesupport_cpp.dir/rosidl_typesupport_cpp/unitree_go/msg/lidar_state__type_support.cpp.o
[ 49%] Linking C shared library libunitree_go__rosidl_typesupport_introspection_c.so
[ 49%] Built target unitree_go__rosidl_typesupport_introspection_c
[ 49%] Building CXX object CMakeFiles/unitree_go__rosidl_typesupport_introspection_cpp.dir/rosidl_typesupport_introspection_cpp/unitree_go/msg/detail/motor_cmd__type_support.cpp.o
[ 50%] Building CXX object CMakeFiles/unitree_go__rosidl_typesupport_cpp.dir/rosidl_typesupport_cpp/unitree_go/msg/low_state__type_support.cpp.o
[ 50%] Building CXX object CMakeFiles/unitree_go__rosidl_typesupport_fastrtps_cpp.dir/rosidl_typesupport_fastrtps_cpp/unitree_go/msg/detail/dds_fastrtps/go2_front_video_data__type_support.cpp.o
[ 51%] Building CXX object CMakeFiles/unitree_go__rosidl_typesupport_introspection_cpp.dir/rosidl_typesupport_introspection_cpp/unitree_go/msg/detail/motor_cmds__type_support.cpp.o
[ 51%] Building CXX object CMakeFiles/unitree_go__rosidl_typesupport_cpp.dir/rosidl_typesupport_cpp/unitree_go/msg/low_cmd__type_support.cpp.o
[ 51%] Building CXX object CMakeFiles/unitree_go__rosidl_typesupport_introspection_cpp.dir/rosidl_typesupport_introspection_cpp/unitree_go/msg/detail/motor_state__type_support.cpp.o
[ 51%] Building CXX object CMakeFiles/unitree_go__rosidl_typesupport_cpp.dir/rosidl_typesupport_cpp/unitree_go/msg/interface_config__type_support.cpp.o
[ 51%] Building CXX object CMakeFiles/unitree_go__rosidl_typesupport_fastrtps_cpp.dir/rosidl_typesupport_fastrtps_cpp/unitree_go/msg/detail/dds_fastrtps/imu_state__type_support.cpp.o
[ 52%] Building CXX object CMakeFiles/unitree_go__rosidl_typesupport_introspection_cpp.dir/rosidl_typesupport_introspection_cpp/unitree_go/msg/detail/motor_states__type_support.cpp.o
[ 53%] Building CXX object CMakeFiles/unitree_go__rosidl_typesupport_cpp.dir/rosidl_typesupport_cpp/unitree_go/msg/motor_cmds__type_support.cpp.o
[ 54%] Building CXX object CMakeFiles/unitree_go__rosidl_typesupport_fastrtps_cpp.dir/rosidl_typesupport_fastrtps_cpp/unitree_go/msg/detail/dds_fastrtps/height_map__type_support.cpp.o
[ 54%] Building CXX object CMakeFiles/unitree_go__rosidl_typesupport_cpp.dir/rosidl_typesupport_cpp/unitree_go/msg/motor_state__type_support.cpp.o
[ 54%] Building CXX object CMakeFiles/unitree_go__rosidl_typesupport_introspection_cpp.dir/rosidl_typesupport_introspection_cpp/unitree_go/msg/detail/path_point__type_support.cpp.o
[ 55%] Building CXX object CMakeFiles/unitree_go__rosidl_typesupport_cpp.dir/rosidl_typesupport_cpp/unitree_go/msg/motor_states__type_support.cpp.o
[ 55%] Building CXX object CMakeFiles/unitree_go__rosidl_typesupport_fastrtps_cpp.dir/rosidl_typesupport_fastrtps_cpp/unitree_go/msg/detail/dds_fastrtps/interface_config__type_support.cpp.o
[ 56%] Building CXX object CMakeFiles/unitree_go__rosidl_typesupport_introspection_cpp.dir/rosidl_typesupport_introspection_cpp/unitree_go/msg/detail/req__type_support.cpp.o
[ 56%] Building CXX object CMakeFiles/unitree_go__rosidl_typesupport_cpp.dir/rosidl_typesupport_cpp/unitree_go/msg/path_point__type_support.cpp.o
[ 56%] Building CXX object CMakeFiles/unitree_go__rosidl_typesupport_introspection_cpp.dir/rosidl_typesupport_introspection_cpp/unitree_go/msg/detail/low_state__type_support.cpp.o
[ 57%] Building CXX object CMakeFiles/unitree_go__rosidl_typesupport_cpp.dir/rosidl_typesupport_cpp/unitree_go/msg/req__type_support.cpp.o
[ 58%] Building CXX object CMakeFiles/unitree_go__rosidl_typesupport_fastrtps_cpp.dir/rosidl_typesupport_fastrtps_cpp/unitree_go/msg/detail/dds_fastrtps/low_state__type_support.cpp.o
[ 59%] Building CXX object CMakeFiles/unitree_go__rosidl_typesupport_introspection_cpp.dir/rosidl_typesupport_introspection_cpp/unitree_go/msg/detail/low_cmd__type_support.cpp.o
[ 59%] Building CXX object CMakeFiles/unitree_go__rosidl_typesupport_cpp.dir/rosidl_typesupport_cpp/unitree_go/msg/sport_mode_cmd__type_support.cpp.o
[ 59%] Building CXX object CMakeFiles/unitree_go__rosidl_typesupport_fastrtps_cpp.dir/rosidl_typesupport_fastrtps_cpp/unitree_go/msg/detail/dds_fastrtps/motor_cmd__type_support.cpp.o
[ 60%] Building CXX object CMakeFiles/unitree_go__rosidl_typesupport_cpp.dir/rosidl_typesupport_cpp/unitree_go/msg/sport_mode_state__type_support.cpp.o
[ 60%] Building CXX object CMakeFiles/unitree_go__rosidl_typesupport_introspection_cpp.dir/rosidl_typesupport_introspection_cpp/unitree_go/msg/detail/res__type_support.cpp.o
[ 61%] Building CXX object CMakeFiles/unitree_go__rosidl_typesupport_fastrtps_cpp.dir/rosidl_typesupport_fastrtps_cpp/unitree_go/msg/detail/dds_fastrtps/motor_cmds__type_support.cpp.o
[ 61%] Building CXX object CMakeFiles/unitree_go__rosidl_typesupport_cpp.dir/rosidl_typesupport_cpp/unitree_go/msg/res__type_support.cpp.o
[ 62%] Building CXX object CMakeFiles/unitree_go__rosidl_typesupport_introspection_cpp.dir/rosidl_typesupport_introspection_cpp/unitree_go/msg/detail/sport_mode_cmd__type_support.cpp.o
[ 62%] Building CXX object CMakeFiles/unitree_go__rosidl_typesupport_cpp.dir/rosidl_typesupport_cpp/unitree_go/msg/time_spec__type_support.cpp.o
[ 62%] Building CXX object CMakeFiles/unitree_go__rosidl_typesupport_fastrtps_cpp.dir/rosidl_typesupport_fastrtps_cpp/unitree_go/msg/detail/dds_fastrtps/motor_state__type_support.cpp.o
[ 63%] Building CXX object CMakeFiles/unitree_go__rosidl_typesupport_cpp.dir/rosidl_typesupport_cpp/unitree_go/msg/uwb_state__type_support.cpp.o
[ 63%] Building CXX object CMakeFiles/unitree_go__rosidl_typesupport_introspection_cpp.dir/rosidl_typesupport_introspection_cpp/unitree_go/msg/detail/sport_mode_state__type_support.cpp.o
[ 63%] Building CXX object CMakeFiles/unitree_go__rosidl_typesupport_cpp.dir/rosidl_typesupport_cpp/unitree_go/msg/uwb_switch__type_support.cpp.o
[ 64%] Building CXX object CMakeFiles/unitree_go__rosidl_typesupport_fastrtps_cpp.dir/rosidl_typesupport_fastrtps_cpp/unitree_go/msg/detail/dds_fastrtps/motor_states__type_support.cpp.o
[ 65%] Building CXX object CMakeFiles/unitree_go__rosidl_typesupport_introspection_cpp.dir/rosidl_typesupport_introspection_cpp/unitree_go/msg/detail/time_spec__type_support.cpp.o
[ 66%] Building CXX object CMakeFiles/unitree_go__rosidl_typesupport_cpp.dir/rosidl_typesupport_cpp/unitree_go/msg/wireless_controller__type_support.cpp.o
[ 66%] Building CXX object CMakeFiles/unitree_go__rosidl_typesupport_introspection_cpp.dir/rosidl_typesupport_introspection_cpp/unitree_go/msg/detail/uwb_state__type_support.cpp.o
[ 67%] Building CXX object CMakeFiles/unitree_go__rosidl_typesupport_fastrtps_cpp.dir/rosidl_typesupport_fastrtps_cpp/unitree_go/msg/detail/dds_fastrtps/req__type_support.cpp.o
[ 67%] Building CXX object CMakeFiles/unitree_go__rosidl_typesupport_cpp.dir/rosidl_typesupport_cpp/unitree_go/msg/motor_cmd__type_support.cpp.o
[ 68%] Building CXX object CMakeFiles/unitree_go__rosidl_typesupport_introspection_cpp.dir/rosidl_typesupport_introspection_cpp/unitree_go/msg/detail/uwb_switch__type_support.cpp.o
[ 69%] Building CXX object CMakeFiles/unitree_go__rosidl_typesupport_fastrtps_cpp.dir/rosidl_typesupport_fastrtps_cpp/unitree_go/msg/detail/dds_fastrtps/sport_mode_cmd__type_support.cpp.o
[ 69%] Linking CXX shared library libunitree_go__rosidl_typesupport_cpp.so
[ 69%] Built target unitree_go__rosidl_typesupport_cpp
[ 69%] Building CXX object CMakeFiles/unitree_go__rosidl_typesupport_introspection_cpp.dir/rosidl_typesupport_introspection_cpp/unitree_go/msg/detail/wireless_controller__type_support.cpp.o
[ 70%] Building CXX object CMakeFiles/unitree_go__rosidl_typesupport_fastrtps_cpp.dir/rosidl_typesupport_fastrtps_cpp/unitree_go/msg/detail/dds_fastrtps/time_spec__type_support.cpp.o
[ 71%] Linking CXX shared library libunitree_go__rosidl_typesupport_introspection_cpp.so
[ 71%] Built target unitree_go__rosidl_typesupport_introspection_cpp
[ 71%] Building CXX object CMakeFiles/unitree_go__rosidl_typesupport_fastrtps_cpp.dir/rosidl_typesupport_fastrtps_cpp/unitree_go/msg/detail/dds_fastrtps/uwb_switch__type_support.cpp.o
[ 72%] Building CXX object CMakeFiles/unitree_go__rosidl_typesupport_fastrtps_cpp.dir/rosidl_typesupport_fastrtps_cpp/unitree_go/msg/detail/dds_fastrtps/wireless_controller__type_support.cpp.o
[ 72%] Building CXX object CMakeFiles/unitree_go__rosidl_typesupport_fastrtps_cpp.dir/rosidl_typesupport_fastrtps_cpp/unitree_go/msg/detail/dds_fastrtps/uwb_state__type_support.cpp.o
[ 72%] Building CXX object CMakeFiles/unitree_go__rosidl_typesupport_fastrtps_cpp.dir/rosidl_typesupport_fastrtps_cpp/unitree_go/msg/detail/dds_fastrtps/sport_mode_state__type_support.cpp.o
[ 72%] Building CXX object CMakeFiles/unitree_go__rosidl_typesupport_fastrtps_cpp.dir/rosidl_typesupport_fastrtps_cpp/unitree_go/msg/detail/dds_fastrtps/path_point__type_support.cpp.o
[ 72%] Building CXX object CMakeFiles/unitree_go__rosidl_typesupport_fastrtps_cpp.dir/rosidl_typesupport_fastrtps_cpp/unitree_go/msg/detail/dds_fastrtps/res__type_support.cpp.o
[ 72%] Building CXX object CMakeFiles/unitree_go__rosidl_typesupport_fastrtps_cpp.dir/rosidl_typesupport_fastrtps_cpp/unitree_go/msg/detail/dds_fastrtps/low_cmd__type_support.cpp.o
[ 73%] Building CXX object CMakeFiles/unitree_go__rosidl_typesupport_fastrtps_cpp.dir/rosidl_typesupport_fastrtps_cpp/unitree_go/msg/detail/dds_fastrtps/lidar_state__type_support.cpp.o
[ 73%] Linking CXX shared library libunitree_go__rosidl_typesupport_fastrtps_cpp.so
[ 73%] Built target unitree_go__rosidl_typesupport_fastrtps_cpp
[ 74%] Generating C type support for eProsima Fast-RTPS
Scanning dependencies of target unitree_go__rosidl_typesupport_fastrtps_c
[ 74%] Building CXX object CMakeFiles/unitree_go__rosidl_typesupport_fastrtps_c.dir/rosidl_typesupport_fastrtps_c/unitree_go/msg/detail/audio_data__type_support_c.cpp.o
[ 75%] Building CXX object CMakeFiles/unitree_go__rosidl_typesupport_fastrtps_c.dir/rosidl_typesupport_fastrtps_c/unitree_go/msg/detail/bms_cmd__type_support_c.cpp.o
[ 75%] Building CXX object CMakeFiles/unitree_go__rosidl_typesupport_fastrtps_c.dir/rosidl_typesupport_fastrtps_c/unitree_go/msg/detail/interface_config__type_support_c.cpp.o
[ 76%] Building CXX object CMakeFiles/unitree_go__rosidl_typesupport_fastrtps_c.dir/rosidl_typesupport_fastrtps_c/unitree_go/msg/detail/lidar_state__type_support_c.cpp.o
[ 76%] Building CXX object CMakeFiles/unitree_go__rosidl_typesupport_fastrtps_c.dir/rosidl_typesupport_fastrtps_c/unitree_go/msg/detail/low_cmd__type_support_c.cpp.o
[ 76%] Building CXX object CMakeFiles/unitree_go__rosidl_typesupport_fastrtps_c.dir/rosidl_typesupport_fastrtps_c/unitree_go/msg/detail/imu_state__type_support_c.cpp.o
[ 77%] Building CXX object CMakeFiles/unitree_go__rosidl_typesupport_fastrtps_c.dir/rosidl_typesupport_fastrtps_c/unitree_go/msg/detail/low_state__type_support_c.cpp.o
[ 77%] Building CXX object CMakeFiles/unitree_go__rosidl_typesupport_fastrtps_c.dir/rosidl_typesupport_fastrtps_c/unitree_go/msg/detail/motor_cmd__type_support_c.cpp.o
[ 78%] Building CXX object CMakeFiles/unitree_go__rosidl_typesupport_fastrtps_c.dir/rosidl_typesupport_fastrtps_c/unitree_go/msg/detail/motor_cmds__type_support_c.cpp.o
[ 78%] Building CXX object CMakeFiles/unitree_go__rosidl_typesupport_fastrtps_c.dir/rosidl_typesupport_fastrtps_c/unitree_go/msg/detail/motor_state__type_support_c.cpp.o
[ 79%] Building CXX object CMakeFiles/unitree_go__rosidl_typesupport_fastrtps_c.dir/rosidl_typesupport_fastrtps_c/unitree_go/msg/detail/height_map__type_support_c.cpp.o
[ 80%] Building CXX object CMakeFiles/unitree_go__rosidl_typesupport_fastrtps_c.dir/rosidl_typesupport_fastrtps_c/unitree_go/msg/detail/motor_states__type_support_c.cpp.o
[ 80%] Building CXX object CMakeFiles/unitree_go__rosidl_typesupport_fastrtps_c.dir/rosidl_typesupport_fastrtps_c/unitree_go/msg/detail/path_point__type_support_c.cpp.o
[ 81%] Building CXX object CMakeFiles/unitree_go__rosidl_typesupport_fastrtps_c.dir/rosidl_typesupport_fastrtps_c/unitree_go/msg/detail/req__type_support_c.cpp.o
[ 81%] Building CXX object CMakeFiles/unitree_go__rosidl_typesupport_fastrtps_c.dir/rosidl_typesupport_fastrtps_c/unitree_go/msg/detail/res__type_support_c.cpp.o
[ 82%] Building CXX object CMakeFiles/unitree_go__rosidl_typesupport_fastrtps_c.dir/rosidl_typesupport_fastrtps_c/unitree_go/msg/detail/sport_mode_cmd__type_support_c.cpp.o
[ 82%] Building CXX object CMakeFiles/unitree_go__rosidl_typesupport_fastrtps_c.dir/rosidl_typesupport_fastrtps_c/unitree_go/msg/detail/sport_mode_state__type_support_c.cpp.o
[ 82%] Building CXX object CMakeFiles/unitree_go__rosidl_typesupport_fastrtps_c.dir/rosidl_typesupport_fastrtps_c/unitree_go/msg/detail/go2_front_video_data__type_support_c.cpp.o
[ 83%] Building CXX object CMakeFiles/unitree_go__rosidl_typesupport_fastrtps_c.dir/rosidl_typesupport_fastrtps_c/unitree_go/msg/detail/time_spec__type_support_c.cpp.o
[ 83%] Building CXX object CMakeFiles/unitree_go__rosidl_typesupport_fastrtps_c.dir/rosidl_typesupport_fastrtps_c/unitree_go/msg/detail/uwb_state__type_support_c.cpp.o
[ 83%] Building CXX object CMakeFiles/unitree_go__rosidl_typesupport_fastrtps_c.dir/rosidl_typesupport_fastrtps_c/unitree_go/msg/detail/uwb_switch__type_support_c.cpp.o
[ 84%] Building CXX object CMakeFiles/unitree_go__rosidl_typesupport_fastrtps_c.dir/rosidl_typesupport_fastrtps_c/unitree_go/msg/detail/wireless_controller__type_support_c.cpp.o
[ 85%] Building CXX object CMakeFiles/unitree_go__rosidl_typesupport_fastrtps_c.dir/rosidl_typesupport_fastrtps_c/unitree_go/msg/detail/error__type_support_c.cpp.o
[ 85%] Building CXX object CMakeFiles/unitree_go__rosidl_typesupport_fastrtps_c.dir/rosidl_typesupport_fastrtps_c/unitree_go/msg/detail/bms_state__type_support_c.cpp.o
[ 85%] Linking CXX shared library libunitree_go__rosidl_typesupport_fastrtps_c.so
[ 85%] Built target unitree_go__rosidl_typesupport_fastrtps_c
Scanning dependencies of target unitree_go
[ 85%] Built target unitree_go
Scanning dependencies of target unitree_go__py
[ 85%] Generating Python code for ROS interfaces
[ 85%] Built target unitree_go__py
Scanning dependencies of target unitree_go__python
[ 86%] Building C object CMakeFiles/unitree_go__python.dir/rosidl_generator_py/unitree_go/msg/_bms_state_s.c.o
[ 86%] Building C object CMakeFiles/unitree_go__python.dir/rosidl_generator_py/unitree_go/msg/_error_s.c.o
[ 87%] Building C object CMakeFiles/unitree_go__python.dir/rosidl_generator_py/unitree_go/msg/_audio_data_s.c.o
[ 87%] Building C object CMakeFiles/unitree_go__python.dir/rosidl_generator_py/unitree_go/msg/_bms_cmd_s.c.o
[ 87%] Building C object CMakeFiles/unitree_go__python.dir/rosidl_generator_py/unitree_go/msg/_interface_config_s.c.o
[ 88%] Building C object CMakeFiles/unitree_go__python.dir/rosidl_generator_py/unitree_go/msg/_lidar_state_s.c.o
[ 88%] Building C object CMakeFiles/unitree_go__python.dir/rosidl_generator_py/unitree_go/msg/_low_cmd_s.c.o
[ 89%] Building C object CMakeFiles/unitree_go__python.dir/rosidl_generator_py/unitree_go/msg/_low_state_s.c.o
[ 89%] Building C object CMakeFiles/unitree_go__python.dir/rosidl_generator_py/unitree_go/msg/_motor_cmd_s.c.o
[ 89%] Building C object CMakeFiles/unitree_go__python.dir/rosidl_generator_py/unitree_go/msg/_motor_cmds_s.c.o
[ 90%] Building C object CMakeFiles/unitree_go__python.dir/rosidl_generator_py/unitree_go/msg/_motor_state_s.c.o
[ 90%] Building C object CMakeFiles/unitree_go__python.dir/rosidl_generator_py/unitree_go/msg/_motor_states_s.c.o
[ 91%] Building C object CMakeFiles/unitree_go__python.dir/rosidl_generator_py/unitree_go/msg/_path_point_s.c.o
[ 91%] Building C object CMakeFiles/unitree_go__python.dir/rosidl_generator_py/unitree_go/msg/_req_s.c.o
[ 92%] Building C object CMakeFiles/unitree_go__python.dir/rosidl_generator_py/unitree_go/msg/_res_s.c.o
[ 92%] Building C object CMakeFiles/unitree_go__python.dir/rosidl_generator_py/unitree_go/msg/_sport_mode_cmd_s.c.o
[ 93%] Building C object CMakeFiles/unitree_go__python.dir/rosidl_generator_py/unitree_go/msg/_sport_mode_state_s.c.o
[ 93%] Building C object CMakeFiles/unitree_go__python.dir/rosidl_generator_py/unitree_go/msg/_time_spec_s.c.o
[ 94%] Building C object CMakeFiles/unitree_go__python.dir/rosidl_generator_py/unitree_go/msg/_uwb_state_s.c.o
[ 94%] Building C object CMakeFiles/unitree_go__python.dir/rosidl_generator_py/unitree_go/msg/_uwb_switch_s.c.o
[ 95%] Building C object CMakeFiles/unitree_go__python.dir/rosidl_generator_py/unitree_go/msg/_wireless_controller_s.c.o
[ 95%] Building C object CMakeFiles/unitree_go__python.dir/rosidl_generator_py/unitree_go/msg/_height_map_s.c.o
[ 96%] Building C object CMakeFiles/unitree_go__python.dir/rosidl_generator_py/unitree_go/msg/_imu_state_s.c.o
[ 97%] Building C object CMakeFiles/unitree_go__python.dir/rosidl_generator_py/unitree_go/msg/_go2_front_video_data_s.c.o
[ 97%] Linking C shared library rosidl_generator_py/unitree_go/libunitree_go__python.so
[ 97%] Built target unitree_go__python
Scanning dependencies of target unitree_go__rosidl_typesupport_introspection_c__pyext
Scanning dependencies of target unitree_go__rosidl_typesupport_c__pyext
Scanning dependencies of target unitree_go__rosidl_typesupport_fastrtps_c__pyext
[ 98%] Building C object CMakeFiles/unitree_go__rosidl_typesupport_introspection_c__pyext.dir/rosidl_generator_py/unitree_go/_unitree_go_s.ep.rosidl_typesupport_introspection_c.c.o
[ 99%] Building C object CMakeFiles/unitree_go__rosidl_typesupport_c__pyext.dir/rosidl_generator_py/unitree_go/_unitree_go_s.ep.rosidl_typesupport_c.c.o
[100%] Building C object CMakeFiles/unitree_go__rosidl_typesupport_fastrtps_c__pyext.dir/rosidl_generator_py/unitree_go/_unitree_go_s.ep.rosidl_typesupport_fastrtps_c.c.o
[100%] Linking CXX shared library rosidl_generator_py/unitree_go/unitree_go_s__rosidl_typesupport_fastrtps_c.cpython-38-x86_64-linux-gnu.so
[100%] Linking C shared library rosidl_generator_py/unitree_go/unitree_go_s__rosidl_typesupport_introspection_c.cpython-38-x86_64-linux-gnu.so
[100%] Built target unitree_go__rosidl_typesupport_fastrtps_c__pyext
[100%] Linking C shared library rosidl_generator_py/unitree_go/unitree_go_s__rosidl_typesupport_c.cpython-38-x86_64-linux-gnu.so
[100%] Built target unitree_go__rosidl_typesupport_introspection_c__pyext
[100%] Built target unitree_go__rosidl_typesupport_c__pyext
-- Install configuration: ""
-- Installing: /home/alireza/thesis1/navigation_go2/go2_ws/install/unitree_go/share/ament_index/resource_index/rosidl_interfaces/unitree_go
-- Installing: /home/alireza/thesis1/navigation_go2/go2_ws/install/unitree_go/include/unitree_go
-- Installing: /home/alireza/thesis1/navigation_go2/go2_ws/install/unitree_go/include/unitree_go/msg
-- Installing: /home/alireza/thesis1/navigation_go2/go2_ws/install/unitree_go/include/unitree_go/msg/motor_state.h
-- Installing: /home/alireza/thesis1/navigation_go2/go2_ws/install/unitree_go/include/unitree_go/msg/motor_states.h
-- Installing: /home/alireza/thesis1/navigation_go2/go2_ws/install/unitree_go/include/unitree_go/msg/sport_mode_cmd.h
-- Installing: /home/alireza/thesis1/navigation_go2/go2_ws/install/unitree_go/include/unitree_go/msg/wireless_controller.h
-- Installing: /home/alireza/thesis1/navigation_go2/go2_ws/install/unitree_go/include/unitree_go/msg/audio_data.h
-- Installing: /home/alireza/thesis1/navigation_go2/go2_ws/install/unitree_go/include/unitree_go/msg/bms_state.h
-- Installing: /home/alireza/thesis1/navigation_go2/go2_ws/install/unitree_go/include/unitree_go/msg/go2_front_video_data.h
-- Installing: /home/alireza/thesis1/navigation_go2/go2_ws/install/unitree_go/include/unitree_go/msg/path_point.h
-- Installing: /home/alireza/thesis1/navigation_go2/go2_ws/install/unitree_go/include/unitree_go/msg/motor_cmd.h
-- Installing: /home/alireza/thesis1/navigation_go2/go2_ws/install/unitree_go/include/unitree_go/msg/height_map.h
-- Installing: /home/alireza/thesis1/navigation_go2/go2_ws/install/unitree_go/include/unitree_go/msg/res.h
-- Installing: /home/alireza/thesis1/navigation_go2/go2_ws/install/unitree_go/include/unitree_go/msg/imu_state.h
-- Installing: /home/alireza/thesis1/navigation_go2/go2_ws/install/unitree_go/include/unitree_go/msg/low_state.h
-- Installing: /home/alireza/thesis1/navigation_go2/go2_ws/install/unitree_go/include/unitree_go/msg/detail
-- Installing: /home/alireza/thesis1/navigation_go2/go2_ws/install/unitree_go/include/unitree_go/msg/detail/imu_state__struct.h
-- Installing: /home/alireza/thesis1/navigation_go2/go2_ws/install/unitree_go/include/unitree_go/msg/detail/audio_data__type_support.h
-- Installing: /home/alireza/thesis1/navigation_go2/go2_ws/install/unitree_go/include/unitree_go/msg/detail/wireless_controller__struct.h
-- Installing: /home/alireza/thesis1/navigation_go2/go2_ws/install/unitree_go/include/unitree_go/msg/detail/sport_mode_cmd__functions.c
-- Installing: /home/alireza/thesis1/navigation_go2/go2_ws/install/unitree_go/include/unitree_go/msg/detail/motor_state__functions.h
-- Installing: /home/alireza/thesis1/navigation_go2/go2_ws/install/unitree_go/include/unitree_go/msg/detail/audio_data__functions.c
-- Installing: /home/alireza/thesis1/navigation_go2/go2_ws/install/unitree_go/include/unitree_go/msg/detail/height_map__functions.c
-- Installing: /home/alireza/thesis1/navigation_go2/go2_ws/install/unitree_go/include/unitree_go/msg/detail/res__functions.c
-- Installing: /home/alireza/thesis1/navigation_go2/go2_ws/install/unitree_go/include/unitree_go/msg/detail/bms_state__functions.h
-- Installing: /home/alireza/thesis1/navigation_go2/go2_ws/install/unitree_go/include/unitree_go/msg/detail/time_spec__functions.h
-- Installing: /home/alireza/thesis1/navigation_go2/go2_ws/install/unitree_go/include/unitree_go/msg/detail/path_point__functions.h
-- Installing: /home/alireza/thesis1/navigation_go2/go2_ws/install/unitree_go/include/unitree_go/msg/detail/bms_state__functions.c
-- Installing: /home/alireza/thesis1/navigation_go2/go2_ws/install/unitree_go/include/unitree_go/msg/detail/sport_mode_state__functions.c
-- Installing: /home/alireza/thesis1/navigation_go2/go2_ws/install/unitree_go/include/unitree_go/msg/detail/interface_config__struct.h
-- Installing: /home/alireza/thesis1/navigation_go2/go2_ws/install/unitree_go/include/unitree_go/msg/detail/res__struct.h
-- Installing: /home/alireza/thesis1/navigation_go2/go2_ws/install/unitree_go/include/unitree_go/msg/detail/error__struct.h
-- Installing: /home/alireza/thesis1/navigation_go2/go2_ws/install/unitree_go/include/unitree_go/msg/detail/bms_cmd__struct.h
-- Installing: /home/alireza/thesis1/navigation_go2/go2_ws/install/unitree_go/include/unitree_go/msg/detail/motor_state__struct.h
-- Installing: /home/alireza/thesis1/navigation_go2/go2_ws/install/unitree_go/include/unitree_go/msg/detail/motor_cmd__functions.c
-- Installing: /home/alireza/thesis1/navigation_go2/go2_ws/install/unitree_go/include/unitree_go/msg/detail/audio_data__functions.h
-- Installing: /home/alireza/thesis1/navigation_go2/go2_ws/install/unitree_go/include/unitree_go/msg/detail/motor_cmds__type_support.h
-- Installing: /home/alireza/thesis1/navigation_go2/go2_ws/install/unitree_go/include/unitree_go/msg/detail/motor_state__type_support.h
-- Installing: /home/alireza/thesis1/navigation_go2/go2_ws/install/unitree_go/include/unitree_go/msg/detail/low_cmd__functions.c
-- Installing: /home/alireza/thesis1/navigation_go2/go2_ws/install/unitree_go/include/unitree_go/msg/detail/uwb_state__functions.h
-- Installing: /home/alireza/thesis1/navigation_go2/go2_ws/install/unitree_go/include/unitree_go/msg/detail/req__functions.c
-- Installing: /home/alireza/thesis1/navigation_go2/go2_ws/install/unitree_go/include/unitree_go/msg/detail/uwb_switch__type_support.h
-- Installing: /home/alireza/thesis1/navigation_go2/go2_ws/install/unitree_go/include/unitree_go/msg/detail/height_map__functions.h
-- Installing: /home/alireza/thesis1/navigation_go2/go2_ws/install/unitree_go/include/unitree_go/msg/detail/motor_cmd__struct.h
-- Installing: /home/alireza/thesis1/navigation_go2/go2_ws/install/unitree_go/include/unitree_go/msg/detail/time_spec__struct.h
-- Installing: /home/alireza/thesis1/navigation_go2/go2_ws/install/unitree_go/include/unitree_go/msg/detail/low_state__functions.c
-- Installing: /home/alireza/thesis1/navigation_go2/go2_ws/install/unitree_go/include/unitree_go/msg/detail/wireless_controller__functions.h
-- Installing: /home/alireza/thesis1/navigation_go2/go2_ws/install/unitree_go/include/unitree_go/msg/detail/wireless_controller__functions.c
-- Installing: /home/alireza/thesis1/navigation_go2/go2_ws/install/unitree_go/include/unitree_go/msg/detail/sport_mode_state__functions.h
-- Installing: /home/alireza/thesis1/navigation_go2/go2_ws/install/unitree_go/include/unitree_go/msg/detail/motor_cmds__functions.c
-- Installing: /home/alireza/thesis1/navigation_go2/go2_ws/install/unitree_go/include/unitree_go/msg/detail/sport_mode_state__struct.h
-- Installing: /home/alireza/thesis1/navigation_go2/go2_ws/install/unitree_go/include/unitree_go/msg/detail/lidar_state__type_support.h
-- Installing: /home/alireza/thesis1/navigation_go2/go2_ws/install/unitree_go/include/unitree_go/msg/detail/go2_front_video_data__functions.h
-- Installing: /home/alireza/thesis1/navigation_go2/go2_ws/install/unitree_go/include/unitree_go/msg/detail/error__type_support.h
-- Installing: /home/alireza/thesis1/navigation_go2/go2_ws/install/unitree_go/include/unitree_go/msg/detail/motor_cmds__struct.h
-- Installing: /home/alireza/thesis1/navigation_go2/go2_ws/install/unitree_go/include/unitree_go/msg/detail/motor_cmd__functions.h
-- Installing: /home/alireza/thesis1/navigation_go2/go2_ws/install/unitree_go/include/unitree_go/msg/detail/uwb_switch__functions.h
-- Installing: /home/alireza/thesis1/navigation_go2/go2_ws/install/unitree_go/include/unitree_go/msg/detail/path_point__struct.h
-- Installing: /home/alireza/thesis1/navigation_go2/go2_ws/install/unitree_go/include/unitree_go/msg/detail/res__functions.h
-- Installing: /home/alireza/thesis1/navigation_go2/go2_ws/install/unitree_go/include/unitree_go/msg/detail/low_state__functions.h
-- Installing: /home/alireza/thesis1/navigation_go2/go2_ws/install/unitree_go/include/unitree_go/msg/detail/imu_state__functions.h
-- Installing: /home/alireza/thesis1/navigation_go2/go2_ws/install/unitree_go/include/unitree_go/msg/detail/sport_mode_cmd__functions.h
-- Installing: /home/alireza/thesis1/navigation_go2/go2_ws/install/unitree_go/include/unitree_go/msg/detail/bms_state__type_support.h
-- Installing: /home/alireza/thesis1/navigation_go2/go2_ws/install/unitree_go/include/unitree_go/msg/detail/path_point__type_support.h
-- Installing: /home/alireza/thesis1/navigation_go2/go2_ws/install/unitree_go/include/unitree_go/msg/detail/time_spec__functions.c
-- Installing: /home/alireza/thesis1/navigation_go2/go2_ws/install/unitree_go/include/unitree_go/msg/detail/lidar_state__struct.h
-- Installing: /home/alireza/thesis1/navigation_go2/go2_ws/install/unitree_go/include/unitree_go/msg/detail/go2_front_video_data__struct.h
-- Installing: /home/alireza/thesis1/navigation_go2/go2_ws/install/unitree_go/include/unitree_go/msg/detail/motor_states__functions.c
-- Installing: /home/alireza/thesis1/navigation_go2/go2_ws/install/unitree_go/include/unitree_go/msg/detail/uwb_switch__struct.h
-- Installing: /home/alireza/thesis1/navigation_go2/go2_ws/install/unitree_go/include/unitree_go/msg/detail/req__struct.h
-- Installing: /home/alireza/thesis1/navigation_go2/go2_ws/install/unitree_go/include/unitree_go/msg/detail/imu_state__functions.c
-- Installing: /home/alireza/thesis1/navigation_go2/go2_ws/install/unitree_go/include/unitree_go/msg/detail/lidar_state__functions.h
-- Installing: /home/alireza/thesis1/navigation_go2/go2_ws/install/unitree_go/include/unitree_go/msg/detail/lidar_state__functions.c
-- Installing: /home/alireza/thesis1/navigation_go2/go2_ws/install/unitree_go/include/unitree_go/msg/detail/req__type_support.h
-- Installing: /home/alireza/thesis1/navigation_go2/go2_ws/install/unitree_go/include/unitree_go/msg/detail/sport_mode_cmd__type_support.h
-- Installing: /home/alireza/thesis1/navigation_go2/go2_ws/install/unitree_go/include/unitree_go/msg/detail/sport_mode_cmd__struct.h
-- Installing: /home/alireza/thesis1/navigation_go2/go2_ws/install/unitree_go/include/unitree_go/msg/detail/height_map__type_support.h
-- Installing: /home/alireza/thesis1/navigation_go2/go2_ws/install/unitree_go/include/unitree_go/msg/detail/error__functions.c
-- Installing: /home/alireza/thesis1/navigation_go2/go2_ws/install/unitree_go/include/unitree_go/msg/detail/audio_data__struct.h
-- Installing: /home/alireza/thesis1/navigation_go2/go2_ws/install/unitree_go/include/unitree_go/msg/detail/uwb_state__struct.h
-- Installing: /home/alireza/thesis1/navigation_go2/go2_ws/install/unitree_go/include/unitree_go/msg/detail/uwb_state__type_support.h
-- Installing: /home/alireza/thesis1/navigation_go2/go2_ws/install/unitree_go/include/unitree_go/msg/detail/imu_state__type_support.h
-- Installing: /home/alireza/thesis1/navigation_go2/go2_ws/install/unitree_go/include/unitree_go/msg/detail/motor_states__type_support.h
-- Installing: /home/alireza/thesis1/navigation_go2/go2_ws/install/unitree_go/include/unitree_go/msg/detail/interface_config__type_support.h
-- Installing: /home/alireza/thesis1/navigation_go2/go2_ws/install/unitree_go/include/unitree_go/msg/detail/time_spec__type_support.h
-- Installing: /home/alireza/thesis1/navigation_go2/go2_ws/install/unitree_go/include/unitree_go/msg/detail/uwb_switch__functions.c
-- Installing: /home/alireza/thesis1/navigation_go2/go2_ws/install/unitree_go/include/unitree_go/msg/detail/req__functions.h
-- Installing: /home/alireza/thesis1/navigation_go2/go2_ws/install/unitree_go/include/unitree_go/msg/detail/motor_cmd__type_support.h
-- Installing: /home/alireza/thesis1/navigation_go2/go2_ws/install/unitree_go/include/unitree_go/msg/detail/low_cmd__type_support.h
-- Installing: /home/alireza/thesis1/navigation_go2/go2_ws/install/unitree_go/include/unitree_go/msg/detail/go2_front_video_data__type_support.h
-- Installing: /home/alireza/thesis1/navigation_go2/go2_ws/install/unitree_go/include/unitree_go/msg/detail/motor_cmds__functions.h
-- Installing: /home/alireza/thesis1/navigation_go2/go2_ws/install/unitree_go/include/unitree_go/msg/detail/bms_state__struct.h
-- Installing: /home/alireza/thesis1/navigation_go2/go2_ws/install/unitree_go/include/unitree_go/msg/detail/height_map__struct.h
-- Installing: /home/alireza/thesis1/navigation_go2/go2_ws/install/unitree_go/include/unitree_go/msg/detail/low_cmd__struct.h
-- Installing: /home/alireza/thesis1/navigation_go2/go2_ws/install/unitree_go/include/unitree_go/msg/detail/low_state__struct.h
-- Installing: /home/alireza/thesis1/navigation_go2/go2_ws/install/unitree_go/include/unitree_go/msg/detail/bms_cmd__functions.c
-- Installing: /home/alireza/thesis1/navigation_go2/go2_ws/install/unitree_go/include/unitree_go/msg/detail/go2_front_video_data__functions.c
-- Installing: /home/alireza/thesis1/navigation_go2/go2_ws/install/unitree_go/include/unitree_go/msg/detail/motor_states__functions.h
-- Installing: /home/alireza/thesis1/navigation_go2/go2_ws/install/unitree_go/include/unitree_go/msg/detail/path_point__functions.c
-- Installing: /home/alireza/thesis1/navigation_go2/go2_ws/install/unitree_go/include/unitree_go/msg/detail/error__functions.h
-- Installing: /home/alireza/thesis1/navigation_go2/go2_ws/install/unitree_go/include/unitree_go/msg/detail/low_cmd__functions.h
-- Installing: /home/alireza/thesis1/navigation_go2/go2_ws/install/unitree_go/include/unitree_go/msg/detail/wireless_controller__type_support.h
-- Installing: /home/alireza/thesis1/navigation_go2/go2_ws/install/unitree_go/include/unitree_go/msg/detail/bms_cmd__functions.h
-- Installing: /home/alireza/thesis1/navigation_go2/go2_ws/install/unitree_go/include/unitree_go/msg/detail/bms_cmd__type_support.h
-- Installing: /home/alireza/thesis1/navigation_go2/go2_ws/install/unitree_go/include/unitree_go/msg/detail/uwb_state__functions.c
-- Installing: /home/alireza/thesis1/navigation_go2/go2_ws/install/unitree_go/include/unitree_go/msg/detail/interface_config__functions.h
-- Installing: /home/alireza/thesis1/navigation_go2/go2_ws/install/unitree_go/include/unitree_go/msg/detail/res__type_support.h
-- Installing: /home/alireza/thesis1/navigation_go2/go2_ws/install/unitree_go/include/unitree_go/msg/detail/motor_states__struct.h
-- Installing: /home/alireza/thesis1/navigation_go2/go2_ws/install/unitree_go/include/unitree_go/msg/detail/motor_state__functions.c
-- Installing: /home/alireza/thesis1/navigation_go2/go2_ws/install/unitree_go/include/unitree_go/msg/detail/sport_mode_state__type_support.h
-- Installing: /home/alireza/thesis1/navigation_go2/go2_ws/install/unitree_go/include/unitree_go/msg/detail/low_state__type_support.h
-- Installing: /home/alireza/thesis1/navigation_go2/go2_ws/install/unitree_go/include/unitree_go/msg/detail/interface_config__functions.c
-- Installing: /home/alireza/thesis1/navigation_go2/go2_ws/install/unitree_go/include/unitree_go/msg/time_spec.h
-- Installing: /home/alireza/thesis1/navigation_go2/go2_ws/install/unitree_go/include/unitree_go/msg/bms_cmd.h
-- Installing: /home/alireza/thesis1/navigation_go2/go2_ws/install/unitree_go/include/unitree_go/msg/error.h
-- Installing: /home/alireza/thesis1/navigation_go2/go2_ws/install/unitree_go/include/unitree_go/msg/req.h
-- Installing: /home/alireza/thesis1/navigation_go2/go2_ws/install/unitree_go/include/unitree_go/msg/low_cmd.h
-- Installing: /home/alireza/thesis1/navigation_go2/go2_ws/install/unitree_go/include/unitree_go/msg/motor_cmds.h
-- Installing: /home/alireza/thesis1/navigation_go2/go2_ws/install/unitree_go/include/unitree_go/msg/rosidl_generator_c__visibility_control.h
-- Installing: /home/alireza/thesis1/navigation_go2/go2_ws/install/unitree_go/include/unitree_go/msg/uwb_switch.h
-- Installing: /home/alireza/thesis1/navigation_go2/go2_ws/install/unitree_go/include/unitree_go/msg/interface_config.h
-- Installing: /home/alireza/thesis1/navigation_go2/go2_ws/install/unitree_go/include/unitree_go/msg/sport_mode_state.h
-- Installing: /home/alireza/thesis1/navigation_go2/go2_ws/install/unitree_go/include/unitree_go/msg/lidar_state.h
-- Installing: /home/alireza/thesis1/navigation_go2/go2_ws/install/unitree_go/include/unitree_go/msg/uwb_state.h
-- Installing: /home/alireza/thesis1/navigation_go2/go2_ws/install/unitree_go/share/unitree_go/environment/library_path.sh
-- Installing: /home/alireza/thesis1/navigation_go2/go2_ws/install/unitree_go/share/unitree_go/environment/library_path.dsv
-- Installing: /home/alireza/thesis1/navigation_go2/go2_ws/install/unitree_go/lib/libunitree_go__rosidl_generator_c.so
-- Set runtime path of "/home/alireza/thesis1/navigation_go2/go2_ws/install/unitree_go/lib/libunitree_go__rosidl_generator_c.so" to ""
-- Up-to-date: /home/alireza/thesis1/navigation_go2/go2_ws/install/unitree_go/include/unitree_go
-- Up-to-date: /home/alireza/thesis1/navigation_go2/go2_ws/install/unitree_go/include/unitree_go/msg
-- Up-to-date: /home/alireza/thesis1/navigation_go2/go2_ws/install/unitree_go/include/unitree_go/msg/detail
-- Installing: /home/alireza/thesis1/navigation_go2/go2_ws/install/unitree_go/include/unitree_go/msg/detail/error__rosidl_typesupport_fastrtps_c.h
-- Installing: /home/alireza/thesis1/navigation_go2/go2_ws/install/unitree_go/include/unitree_go/msg/detail/uwb_state__rosidl_typesupport_fastrtps_c.h
-- Installing: /home/alireza/thesis1/navigation_go2/go2_ws/install/unitree_go/include/unitree_go/msg/detail/sport_mode_state__rosidl_typesupport_fastrtps_c.h
-- Installing: /home/alireza/thesis1/navigation_go2/go2_ws/install/unitree_go/include/unitree_go/msg/detail/height_map__rosidl_typesupport_fastrtps_c.h
-- Installing: /home/alireza/thesis1/navigation_go2/go2_ws/install/unitree_go/include/unitree_go/msg/detail/imu_state__rosidl_typesupport_fastrtps_c.h
-- Installing: /home/alireza/thesis1/navigation_go2/go2_ws/install/unitree_go/include/unitree_go/msg/detail/motor_states__rosidl_typesupport_fastrtps_c.h
-- Installing: /home/alireza/thesis1/navigation_go2/go2_ws/install/unitree_go/include/unitree_go/msg/detail/lidar_state__rosidl_typesupport_fastrtps_c.h
-- Installing: /home/alireza/thesis1/navigation_go2/go2_ws/install/unitree_go/include/unitree_go/msg/detail/res__rosidl_typesupport_fastrtps_c.h
-- Installing: /home/alireza/thesis1/navigation_go2/go2_ws/install/unitree_go/include/unitree_go/msg/detail/motor_cmds__rosidl_typesupport_fastrtps_c.h
-- Installing: /home/alireza/thesis1/navigation_go2/go2_ws/install/unitree_go/include/unitree_go/msg/detail/wireless_controller__rosidl_typesupport_fastrtps_c.h
-- Installing: /home/alireza/thesis1/navigation_go2/go2_ws/install/unitree_go/include/unitree_go/msg/detail/motor_cmd__rosidl_typesupport_fastrtps_c.h
-- Installing: /home/alireza/thesis1/navigation_go2/go2_ws/install/unitree_go/include/unitree_go/msg/detail/go2_front_video_data__rosidl_typesupport_fastrtps_c.h
-- Installing: /home/alireza/thesis1/navigation_go2/go2_ws/install/unitree_go/include/unitree_go/msg/detail/uwb_switch__rosidl_typesupport_fastrtps_c.h
-- Installing: /home/alireza/thesis1/navigation_go2/go2_ws/install/unitree_go/include/unitree_go/msg/detail/audio_data__rosidl_typesupport_fastrtps_c.h
-- Installing: /home/alireza/thesis1/navigation_go2/go2_ws/install/unitree_go/include/unitree_go/msg/detail/sport_mode_cmd__rosidl_typesupport_fastrtps_c.h
-- Installing: /home/alireza/thesis1/navigation_go2/go2_ws/install/unitree_go/include/unitree_go/msg/detail/low_cmd__rosidl_typesupport_fastrtps_c.h
-- Installing: /home/alireza/thesis1/navigation_go2/go2_ws/install/unitree_go/include/unitree_go/msg/detail/low_state__rosidl_typesupport_fastrtps_c.h
-- Installing: /home/alireza/thesis1/navigation_go2/go2_ws/install/unitree_go/include/unitree_go/msg/detail/time_spec__rosidl_typesupport_fastrtps_c.h
-- Installing: /home/alireza/thesis1/navigation_go2/go2_ws/install/unitree_go/include/unitree_go/msg/detail/motor_state__rosidl_typesupport_fastrtps_c.h
-- Installing: /home/alireza/thesis1/navigation_go2/go2_ws/install/unitree_go/include/unitree_go/msg/detail/bms_state__rosidl_typesupport_fastrtps_c.h
-- Installing: /home/alireza/thesis1/navigation_go2/go2_ws/install/unitree_go/include/unitree_go/msg/detail/path_point__rosidl_typesupport_fastrtps_c.h
-- Installing: /home/alireza/thesis1/navigation_go2/go2_ws/install/unitree_go/include/unitree_go/msg/detail/bms_cmd__rosidl_typesupport_fastrtps_c.h
-- Installing: /home/alireza/thesis1/navigation_go2/go2_ws/install/unitree_go/include/unitree_go/msg/detail/req__rosidl_typesupport_fastrtps_c.h
-- Installing: /home/alireza/thesis1/navigation_go2/go2_ws/install/unitree_go/include/unitree_go/msg/detail/interface_config__rosidl_typesupport_fastrtps_c.h
-- Installing: /home/alireza/thesis1/navigation_go2/go2_ws/install/unitree_go/include/unitree_go/msg/rosidl_typesupport_fastrtps_c__visibility_control.h
-- Installing: /home/alireza/thesis1/navigation_go2/go2_ws/install/unitree_go/lib/libunitree_go__rosidl_typesupport_fastrtps_c.so
-- Set runtime path of "/home/alireza/thesis1/navigation_go2/go2_ws/install/unitree_go/lib/libunitree_go__rosidl_typesupport_fastrtps_c.so" to ""
-- Up-to-date: /home/alireza/thesis1/navigation_go2/go2_ws/install/unitree_go/include/unitree_go
-- Up-to-date: /home/alireza/thesis1/navigation_go2/go2_ws/install/unitree_go/include/unitree_go/msg
-- Installing: /home/alireza/thesis1/navigation_go2/go2_ws/install/unitree_go/include/unitree_go/msg/rosidl_typesupport_fastrtps_cpp__visibility_control.h
-- Up-to-date: /home/alireza/thesis1/navigation_go2/go2_ws/install/unitree_go/include/unitree_go/msg/detail
-- Installing: /home/alireza/thesis1/navigation_go2/go2_ws/install/unitree_go/include/unitree_go/msg/detail/req__rosidl_typesupport_fastrtps_cpp.hpp
-- Installing: /home/alireza/thesis1/navigation_go2/go2_ws/install/unitree_go/include/unitree_go/msg/detail/imu_state__rosidl_typesupport_fastrtps_cpp.hpp
-- Installing: /home/alireza/thesis1/navigation_go2/go2_ws/install/unitree_go/include/unitree_go/msg/detail/motor_states__rosidl_typesupport_fastrtps_cpp.hpp
-- Installing: /home/alireza/thesis1/navigation_go2/go2_ws/install/unitree_go/include/unitree_go/msg/detail/bms_cmd__rosidl_typesupport_fastrtps_cpp.hpp
-- Installing: /home/alireza/thesis1/navigation_go2/go2_ws/install/unitree_go/include/unitree_go/msg/detail/interface_config__rosidl_typesupport_fastrtps_cpp.hpp
-- Installing: /home/alireza/thesis1/navigation_go2/go2_ws/install/unitree_go/include/unitree_go/msg/detail/go2_front_video_data__rosidl_typesupport_fastrtps_cpp.hpp
-- Installing: /home/alireza/thesis1/navigation_go2/go2_ws/install/unitree_go/include/unitree_go/msg/detail/lidar_state__rosidl_typesupport_fastrtps_cpp.hpp
-- Installing: /home/alireza/thesis1/navigation_go2/go2_ws/install/unitree_go/include/unitree_go/msg/detail/error__rosidl_typesupport_fastrtps_cpp.hpp
-- Installing: /home/alireza/thesis1/navigation_go2/go2_ws/install/unitree_go/include/unitree_go/msg/detail/motor_state__rosidl_typesupport_fastrtps_cpp.hpp
-- Installing: /home/alireza/thesis1/navigation_go2/go2_ws/install/unitree_go/include/unitree_go/msg/detail/sport_mode_cmd__rosidl_typesupport_fastrtps_cpp.hpp
-- Installing: /home/alireza/thesis1/navigation_go2/go2_ws/install/unitree_go/include/unitree_go/msg/detail/uwb_switch__rosidl_typesupport_fastrtps_cpp.hpp
-- Installing: /home/alireza/thesis1/navigation_go2/go2_ws/install/unitree_go/include/unitree_go/msg/detail/bms_state__rosidl_typesupport_fastrtps_cpp.hpp
-- Installing: /home/alireza/thesis1/navigation_go2/go2_ws/install/unitree_go/include/unitree_go/msg/detail/path_point__rosidl_typesupport_fastrtps_cpp.hpp
-- Installing: /home/alireza/thesis1/navigation_go2/go2_ws/install/unitree_go/include/unitree_go/msg/detail/motor_cmds__rosidl_typesupport_fastrtps_cpp.hpp
-- Installing: /home/alireza/thesis1/navigation_go2/go2_ws/install/unitree_go/include/unitree_go/msg/detail/motor_cmd__rosidl_typesupport_fastrtps_cpp.hpp
-- Installing: /home/alireza/thesis1/navigation_go2/go2_ws/install/unitree_go/include/unitree_go/msg/detail/uwb_state__rosidl_typesupport_fastrtps_cpp.hpp
-- Installing: /home/alireza/thesis1/navigation_go2/go2_ws/install/unitree_go/include/unitree_go/msg/detail/sport_mode_state__rosidl_typesupport_fastrtps_cpp.hpp
-- Installing: /home/alireza/thesis1/navigation_go2/go2_ws/install/unitree_go/include/unitree_go/msg/detail/dds_fastrtps
-- Installing: /home/alireza/thesis1/navigation_go2/go2_ws/install/unitree_go/include/unitree_go/msg/detail/res__rosidl_typesupport_fastrtps_cpp.hpp
-- Installing: /home/alireza/thesis1/navigation_go2/go2_ws/install/unitree_go/include/unitree_go/msg/detail/height_map__rosidl_typesupport_fastrtps_cpp.hpp
-- Installing: /home/alireza/thesis1/navigation_go2/go2_ws/install/unitree_go/include/unitree_go/msg/detail/low_cmd__rosidl_typesupport_fastrtps_cpp.hpp
-- Installing: /home/alireza/thesis1/navigation_go2/go2_ws/install/unitree_go/include/unitree_go/msg/detail/wireless_controller__rosidl_typesupport_fastrtps_cpp.hpp
-- Installing: /home/alireza/thesis1/navigation_go2/go2_ws/install/unitree_go/include/unitree_go/msg/detail/low_state__rosidl_typesupport_fastrtps_cpp.hpp
-- Installing: /home/alireza/thesis1/navigation_go2/go2_ws/install/unitree_go/include/unitree_go/msg/detail/time_spec__rosidl_typesupport_fastrtps_cpp.hpp
-- Installing: /home/alireza/thesis1/navigation_go2/go2_ws/install/unitree_go/include/unitree_go/msg/detail/audio_data__rosidl_typesupport_fastrtps_cpp.hpp
-- Installing: /home/alireza/thesis1/navigation_go2/go2_ws/install/unitree_go/lib/libunitree_go__rosidl_typesupport_fastrtps_cpp.so
-- Set runtime path of "/home/alireza/thesis1/navigation_go2/go2_ws/install/unitree_go/lib/libunitree_go__rosidl_typesupport_fastrtps_cpp.so" to ""
-- Up-to-date: /home/alireza/thesis1/navigation_go2/go2_ws/install/unitree_go/include/unitree_go
-- Up-to-date: /home/alireza/thesis1/navigation_go2/go2_ws/install/unitree_go/include/unitree_go/msg
-- Installing: /home/alireza/thesis1/navigation_go2/go2_ws/install/unitree_go/include/unitree_go/msg/rosidl_typesupport_introspection_c__visibility_control.h
-- Up-to-date: /home/alireza/thesis1/navigation_go2/go2_ws/install/unitree_go/include/unitree_go/msg/detail
-- Installing: /home/alireza/thesis1/navigation_go2/go2_ws/install/unitree_go/include/unitree_go/msg/detail/bms_cmd__type_support.c
-- Installing: /home/alireza/thesis1/navigation_go2/go2_ws/install/unitree_go/include/unitree_go/msg/detail/low_cmd__rosidl_typesupport_introspection_c.h
-- Installing: /home/alireza/thesis1/navigation_go2/go2_ws/install/unitree_go/include/unitree_go/msg/detail/uwb_state__type_support.c
-- Installing: /home/alireza/thesis1/navigation_go2/go2_ws/install/unitree_go/include/unitree_go/msg/detail/motor_cmds__type_support.c
-- Installing: /home/alireza/thesis1/navigation_go2/go2_ws/install/unitree_go/include/unitree_go/msg/detail/imu_state__rosidl_typesupport_introspection_c.h
-- Installing: /home/alireza/thesis1/navigation_go2/go2_ws/install/unitree_go/include/unitree_go/msg/detail/uwb_state__rosidl_typesupport_introspection_c.h
-- Installing: /home/alireza/thesis1/navigation_go2/go2_ws/install/unitree_go/include/unitree_go/msg/detail/motor_state__type_support.c
-- Installing: /home/alireza/thesis1/navigation_go2/go2_ws/install/unitree_go/include/unitree_go/msg/detail/lidar_state__type_support.c
-- Installing: /home/alireza/thesis1/navigation_go2/go2_ws/install/unitree_go/include/unitree_go/msg/detail/bms_state__rosidl_typesupport_introspection_c.h
-- Installing: /home/alireza/thesis1/navigation_go2/go2_ws/install/unitree_go/include/unitree_go/msg/detail/height_map__rosidl_typesupport_introspection_c.h
-- Installing: /home/alireza/thesis1/navigation_go2/go2_ws/install/unitree_go/include/unitree_go/msg/detail/path_point__type_support.c
-- Installing: /home/alireza/thesis1/navigation_go2/go2_ws/install/unitree_go/include/unitree_go/msg/detail/bms_state__type_support.c
-- Installing: /home/alireza/thesis1/navigation_go2/go2_ws/install/unitree_go/include/unitree_go/msg/detail/wireless_controller__rosidl_typesupport_introspection_c.h
-- Installing: /home/alireza/thesis1/navigation_go2/go2_ws/install/unitree_go/include/unitree_go/msg/detail/low_cmd__type_support.c
-- Installing: /home/alireza/thesis1/navigation_go2/go2_ws/install/unitree_go/include/unitree_go/msg/detail/height_map__type_support.c
-- Installing: /home/alireza/thesis1/navigation_go2/go2_ws/install/unitree_go/include/unitree_go/msg/detail/wireless_controller__type_support.c
-- Installing: /home/alireza/thesis1/navigation_go2/go2_ws/install/unitree_go/include/unitree_go/msg/detail/sport_mode_state__rosidl_typesupport_introspection_c.h
-- Installing: /home/alireza/thesis1/navigation_go2/go2_ws/install/unitree_go/include/unitree_go/msg/detail/motor_state__rosidl_typesupport_introspection_c.h
-- Installing: /home/alireza/thesis1/navigation_go2/go2_ws/install/unitree_go/include/unitree_go/msg/detail/go2_front_video_data__rosidl_typesupport_introspection_c.h
-- Installing: /home/alireza/thesis1/navigation_go2/go2_ws/install/unitree_go/include/unitree_go/msg/detail/bms_cmd__rosidl_typesupport_introspection_c.h
-- Installing: /home/alireza/thesis1/navigation_go2/go2_ws/install/unitree_go/include/unitree_go/msg/detail/motor_cmd__rosidl_typesupport_introspection_c.h
-- Installing: /home/alireza/thesis1/navigation_go2/go2_ws/install/unitree_go/include/unitree_go/msg/detail/sport_mode_cmd__rosidl_typesupport_introspection_c.h
-- Installing: /home/alireza/thesis1/navigation_go2/go2_ws/install/unitree_go/include/unitree_go/msg/detail/low_state__rosidl_typesupport_introspection_c.h
-- Installing: /home/alireza/thesis1/navigation_go2/go2_ws/install/unitree_go/include/unitree_go/msg/detail/motor_cmd__type_support.c
-- Installing: /home/alireza/thesis1/navigation_go2/go2_ws/install/unitree_go/include/unitree_go/msg/detail/imu_state__type_support.c
-- Installing: /home/alireza/thesis1/navigation_go2/go2_ws/install/unitree_go/include/unitree_go/msg/detail/interface_config__rosidl_typesupport_introspection_c.h
-- Installing: /home/alireza/thesis1/navigation_go2/go2_ws/install/unitree_go/include/unitree_go/msg/detail/interface_config__type_support.c
-- Installing: /home/alireza/thesis1/navigation_go2/go2_ws/install/unitree_go/include/unitree_go/msg/detail/go2_front_video_data__type_support.c
-- Installing: /home/alireza/thesis1/navigation_go2/go2_ws/install/unitree_go/include/unitree_go/msg/detail/uwb_switch__rosidl_typesupport_introspection_c.h
-- Installing: /home/alireza/thesis1/navigation_go2/go2_ws/install/unitree_go/include/unitree_go/msg/detail/res__type_support.c
-- Installing: /home/alireza/thesis1/navigation_go2/go2_ws/install/unitree_go/include/unitree_go/msg/detail/audio_data__type_support.c
-- Installing: /home/alireza/thesis1/navigation_go2/go2_ws/install/unitree_go/include/unitree_go/msg/detail/time_spec__type_support.c
-- Installing: /home/alireza/thesis1/navigation_go2/go2_ws/install/unitree_go/include/unitree_go/msg/detail/low_state__type_support.c
-- Installing: /home/alireza/thesis1/navigation_go2/go2_ws/install/unitree_go/include/unitree_go/msg/detail/motor_cmds__rosidl_typesupport_introspection_c.h
-- Installing: /home/alireza/thesis1/navigation_go2/go2_ws/install/unitree_go/include/unitree_go/msg/detail/time_spec__rosidl_typesupport_introspection_c.h
-- Installing: /home/alireza/thesis1/navigation_go2/go2_ws/install/unitree_go/include/unitree_go/msg/detail/error__rosidl_typesupport_introspection_c.h
-- Installing: /home/alireza/thesis1/navigation_go2/go2_ws/install/unitree_go/include/unitree_go/msg/detail/uwb_switch__type_support.c
-- Installing: /home/alireza/thesis1/navigation_go2/go2_ws/install/unitree_go/include/unitree_go/msg/detail/req__type_support.c
-- Installing: /home/alireza/thesis1/navigation_go2/go2_ws/install/unitree_go/include/unitree_go/msg/detail/motor_states__rosidl_typesupport_introspection_c.h
-- Installing: /home/alireza/thesis1/navigation_go2/go2_ws/install/unitree_go/include/unitree_go/msg/detail/req__rosidl_typesupport_introspection_c.h
-- Installing: /home/alireza/thesis1/navigation_go2/go2_ws/install/unitree_go/include/unitree_go/msg/detail/motor_states__type_support.c
-- Installing: /home/alireza/thesis1/navigation_go2/go2_ws/install/unitree_go/include/unitree_go/msg/detail/error__type_support.c
-- Installing: /home/alireza/thesis1/navigation_go2/go2_ws/install/unitree_go/include/unitree_go/msg/detail/sport_mode_cmd__type_support.c
-- Installing: /home/alireza/thesis1/navigation_go2/go2_ws/install/unitree_go/include/unitree_go/msg/detail/lidar_state__rosidl_typesupport_introspection_c.h
-- Installing: /home/alireza/thesis1/navigation_go2/go2_ws/install/unitree_go/include/unitree_go/msg/detail/audio_data__rosidl_typesupport_introspection_c.h
-- Installing: /home/alireza/thesis1/navigation_go2/go2_ws/install/unitree_go/include/unitree_go/msg/detail/sport_mode_state__type_support.c
-- Installing: /home/alireza/thesis1/navigation_go2/go2_ws/install/unitree_go/include/unitree_go/msg/detail/res__rosidl_typesupport_introspection_c.h
-- Installing: /home/alireza/thesis1/navigation_go2/go2_ws/install/unitree_go/include/unitree_go/msg/detail/path_point__rosidl_typesupport_introspection_c.h
-- Installing: /home/alireza/thesis1/navigation_go2/go2_ws/install/unitree_go/lib/libunitree_go__rosidl_typesupport_introspection_c.so
-- Set runtime path of "/home/alireza/thesis1/navigation_go2/go2_ws/install/unitree_go/lib/libunitree_go__rosidl_typesupport_introspection_c.so" to ""
-- Installing: /home/alireza/thesis1/navigation_go2/go2_ws/install/unitree_go/lib/libunitree_go__rosidl_typesupport_c.so
-- Set runtime path of "/home/alireza/thesis1/navigation_go2/go2_ws/install/unitree_go/lib/libunitree_go__rosidl_typesupport_c.so" to ""
-- Up-to-date: /home/alireza/thesis1/navigation_go2/go2_ws/install/unitree_go/include/unitree_go
-- Up-to-date: /home/alireza/thesis1/navigation_go2/go2_ws/install/unitree_go/include/unitree_go/msg
-- Installing: /home/alireza/thesis1/navigation_go2/go2_ws/install/unitree_go/include/unitree_go/msg/uwb_switch.hpp
-- Installing: /home/alireza/thesis1/navigation_go2/go2_ws/install/unitree_go/include/unitree_go/msg/res.hpp
-- Installing: /home/alireza/thesis1/navigation_go2/go2_ws/install/unitree_go/include/unitree_go/msg/motor_states.hpp
-- Installing: /home/alireza/thesis1/navigation_go2/go2_ws/install/unitree_go/include/unitree_go/msg/path_point.hpp
-- Installing: /home/alireza/thesis1/navigation_go2/go2_ws/install/unitree_go/include/unitree_go/msg/wireless_controller.hpp
-- Installing: /home/alireza/thesis1/navigation_go2/go2_ws/install/unitree_go/include/unitree_go/msg/motor_cmd.hpp
-- Installing: /home/alireza/thesis1/navigation_go2/go2_ws/install/unitree_go/include/unitree_go/msg/sport_mode_cmd.hpp
-- Installing: /home/alireza/thesis1/navigation_go2/go2_ws/install/unitree_go/include/unitree_go/msg/uwb_state.hpp
-- Installing: /home/alireza/thesis1/navigation_go2/go2_ws/install/unitree_go/include/unitree_go/msg/rosidl_generator_cpp__visibility_control.hpp
-- Installing: /home/alireza/thesis1/navigation_go2/go2_ws/install/unitree_go/include/unitree_go/msg/motor_cmds.hpp
-- Installing: /home/alireza/thesis1/navigation_go2/go2_ws/install/unitree_go/include/unitree_go/msg/height_map.hpp
-- Installing: /home/alireza/thesis1/navigation_go2/go2_ws/install/unitree_go/include/unitree_go/msg/req.hpp
-- Installing: /home/alireza/thesis1/navigation_go2/go2_ws/install/unitree_go/include/unitree_go/msg/audio_data.hpp
-- Installing: /home/alireza/thesis1/navigation_go2/go2_ws/install/unitree_go/include/unitree_go/msg/lidar_state.hpp
-- Up-to-date: /home/alireza/thesis1/navigation_go2/go2_ws/install/unitree_go/include/unitree_go/msg/detail
-- Installing: /home/alireza/thesis1/navigation_go2/go2_ws/install/unitree_go/include/unitree_go/msg/detail/wireless_controller__type_support.hpp
-- Installing: /home/alireza/thesis1/navigation_go2/go2_ws/install/unitree_go/include/unitree_go/msg/detail/res__traits.hpp
-- Installing: /home/alireza/thesis1/navigation_go2/go2_ws/install/unitree_go/include/unitree_go/msg/detail/req__type_support.hpp
-- Installing: /home/alireza/thesis1/navigation_go2/go2_ws/install/unitree_go/include/unitree_go/msg/detail/error__type_support.hpp
-- Installing: /home/alireza/thesis1/navigation_go2/go2_ws/install/unitree_go/include/unitree_go/msg/detail/lidar_state__builder.hpp
-- Installing: /home/alireza/thesis1/navigation_go2/go2_ws/install/unitree_go/include/unitree_go/msg/detail/sport_mode_cmd__type_support.hpp
-- Installing: /home/alireza/thesis1/navigation_go2/go2_ws/install/unitree_go/include/unitree_go/msg/detail/res__builder.hpp
-- Installing: /home/alireza/thesis1/navigation_go2/go2_ws/install/unitree_go/include/unitree_go/msg/detail/wireless_controller__traits.hpp
-- Installing: /home/alireza/thesis1/navigation_go2/go2_ws/install/unitree_go/include/unitree_go/msg/detail/motor_state__struct.hpp
-- Installing: /home/alireza/thesis1/navigation_go2/go2_ws/install/unitree_go/include/unitree_go/msg/detail/height_map__builder.hpp
-- Installing: /home/alireza/thesis1/navigation_go2/go2_ws/install/unitree_go/include/unitree_go/msg/detail/time_spec__traits.hpp
-- Installing: /home/alireza/thesis1/navigation_go2/go2_ws/install/unitree_go/include/unitree_go/msg/detail/bms_state__struct.hpp
-- Installing: /home/alireza/thesis1/navigation_go2/go2_ws/install/unitree_go/include/unitree_go/msg/detail/sport_mode_state__struct.hpp
-- Installing: /home/alireza/thesis1/navigation_go2/go2_ws/install/unitree_go/include/unitree_go/msg/detail/motor_cmds__traits.hpp
-- Installing: /home/alireza/thesis1/navigation_go2/go2_ws/install/unitree_go/include/unitree_go/msg/detail/go2_front_video_data__type_support.hpp
-- Installing: /home/alireza/thesis1/navigation_go2/go2_ws/install/unitree_go/include/unitree_go/msg/detail/uwb_switch__traits.hpp
-- Installing: /home/alireza/thesis1/navigation_go2/go2_ws/install/unitree_go/include/unitree_go/msg/detail/bms_cmd__traits.hpp
-- Installing: /home/alireza/thesis1/navigation_go2/go2_ws/install/unitree_go/include/unitree_go/msg/detail/interface_config__struct.hpp
-- Installing: /home/alireza/thesis1/navigation_go2/go2_ws/install/unitree_go/include/unitree_go/msg/detail/lidar_state__struct.hpp
-- Installing: /home/alireza/thesis1/navigation_go2/go2_ws/install/unitree_go/include/unitree_go/msg/detail/low_cmd__type_support.hpp
-- Installing: /home/alireza/thesis1/navigation_go2/go2_ws/install/unitree_go/include/unitree_go/msg/detail/go2_front_video_data__builder.hpp
-- Installing: /home/alireza/thesis1/navigation_go2/go2_ws/install/unitree_go/include/unitree_go/msg/detail/bms_cmd__builder.hpp
-- Installing: /home/alireza/thesis1/navigation_go2/go2_ws/install/unitree_go/include/unitree_go/msg/detail/audio_data__struct.hpp
-- Installing: /home/alireza/thesis1/navigation_go2/go2_ws/install/unitree_go/include/unitree_go/msg/detail/interface_config__type_support.hpp
-- Installing: /home/alireza/thesis1/navigation_go2/go2_ws/install/unitree_go/include/unitree_go/msg/detail/req__struct.hpp
-- Installing: /home/alireza/thesis1/navigation_go2/go2_ws/install/unitree_go/include/unitree_go/msg/detail/go2_front_video_data__traits.hpp
-- Installing: /home/alireza/thesis1/navigation_go2/go2_ws/install/unitree_go/include/unitree_go/msg/detail/motor_states__type_support.hpp
-- Installing: /home/alireza/thesis1/navigation_go2/go2_ws/install/unitree_go/include/unitree_go/msg/detail/low_cmd__builder.hpp
-- Installing: /home/alireza/thesis1/navigation_go2/go2_ws/install/unitree_go/include/unitree_go/msg/detail/req__builder.hpp
-- Installing: /home/alireza/thesis1/navigation_go2/go2_ws/install/unitree_go/include/unitree_go/msg/detail/height_map__struct.hpp
-- Installing: /home/alireza/thesis1/navigation_go2/go2_ws/install/unitree_go/include/unitree_go/msg/detail/lidar_state__traits.hpp
-- Installing: /home/alireza/thesis1/navigation_go2/go2_ws/install/unitree_go/include/unitree_go/msg/detail/error__traits.hpp
-- Installing: /home/alireza/thesis1/navigation_go2/go2_ws/install/unitree_go/include/unitree_go/msg/detail/time_spec__struct.hpp
-- Installing: /home/alireza/thesis1/navigation_go2/go2_ws/install/unitree_go/include/unitree_go/msg/detail/height_map__traits.hpp
-- Installing: /home/alireza/thesis1/navigation_go2/go2_ws/install/unitree_go/include/unitree_go/msg/detail/motor_cmds__type_support.hpp
-- Installing: /home/alireza/thesis1/navigation_go2/go2_ws/install/unitree_go/include/unitree_go/msg/detail/motor_states__struct.hpp
-- Installing: /home/alireza/thesis1/navigation_go2/go2_ws/install/unitree_go/include/unitree_go/msg/detail/uwb_switch__struct.hpp
-- Installing: /home/alireza/thesis1/navigation_go2/go2_ws/install/unitree_go/include/unitree_go/msg/detail/motor_state__type_support.hpp
-- Installing: /home/alireza/thesis1/navigation_go2/go2_ws/install/unitree_go/include/unitree_go/msg/detail/interface_config__traits.hpp
-- Installing: /home/alireza/thesis1/navigation_go2/go2_ws/install/unitree_go/include/unitree_go/msg/detail/error__struct.hpp
-- Installing: /home/alireza/thesis1/navigation_go2/go2_ws/install/unitree_go/include/unitree_go/msg/detail/motor_states__builder.hpp
-- Installing: /home/alireza/thesis1/navigation_go2/go2_ws/install/unitree_go/include/unitree_go/msg/detail/sport_mode_cmd__traits.hpp
-- Installing: /home/alireza/thesis1/navigation_go2/go2_ws/install/unitree_go/include/unitree_go/msg/detail/bms_cmd__type_support.hpp
-- Installing: /home/alireza/thesis1/navigation_go2/go2_ws/install/unitree_go/include/unitree_go/msg/detail/lidar_state__type_support.hpp
-- Installing: /home/alireza/thesis1/navigation_go2/go2_ws/install/unitree_go/include/unitree_go/msg/detail/motor_cmd__builder.hpp
-- Installing: /home/alireza/thesis1/navigation_go2/go2_ws/install/unitree_go/include/unitree_go/msg/detail/low_cmd__traits.hpp
-- Installing: /home/alireza/thesis1/navigation_go2/go2_ws/install/unitree_go/include/unitree_go/msg/detail/sport_mode_state__type_support.hpp
-- Installing: /home/alireza/thesis1/navigation_go2/go2_ws/install/unitree_go/include/unitree_go/msg/detail/low_state__type_support.hpp
-- Installing: /home/alireza/thesis1/navigation_go2/go2_ws/install/unitree_go/include/unitree_go/msg/detail/uwb_state__type_support.hpp
-- Installing: /home/alireza/thesis1/navigation_go2/go2_ws/install/unitree_go/include/unitree_go/msg/detail/path_point__builder.hpp
-- Installing: /home/alireza/thesis1/navigation_go2/go2_ws/install/unitree_go/include/unitree_go/msg/detail/uwb_state__struct.hpp
-- Installing: /home/alireza/thesis1/navigation_go2/go2_ws/install/unitree_go/include/unitree_go/msg/detail/audio_data__builder.hpp
-- Installing: /home/alireza/thesis1/navigation_go2/go2_ws/install/unitree_go/include/unitree_go/msg/detail/bms_state__type_support.hpp
-- Installing: /home/alireza/thesis1/navigation_go2/go2_ws/install/unitree_go/include/unitree_go/msg/detail/req__traits.hpp
-- Installing: /home/alireza/thesis1/navigation_go2/go2_ws/install/unitree_go/include/unitree_go/msg/detail/motor_cmd__traits.hpp
-- Installing: /home/alireza/thesis1/navigation_go2/go2_ws/install/unitree_go/include/unitree_go/msg/detail/imu_state__traits.hpp
-- Installing: /home/alireza/thesis1/navigation_go2/go2_ws/install/unitree_go/include/unitree_go/msg/detail/error__builder.hpp
-- Installing: /home/alireza/thesis1/navigation_go2/go2_ws/install/unitree_go/include/unitree_go/msg/detail/motor_state__builder.hpp
-- Installing: /home/alireza/thesis1/navigation_go2/go2_ws/install/unitree_go/include/unitree_go/msg/detail/path_point__struct.hpp
-- Installing: /home/alireza/thesis1/navigation_go2/go2_ws/install/unitree_go/include/unitree_go/msg/detail/bms_state__traits.hpp
-- Installing: /home/alireza/thesis1/navigation_go2/go2_ws/install/unitree_go/include/unitree_go/msg/detail/audio_data__traits.hpp
-- Installing: /home/alireza/thesis1/navigation_go2/go2_ws/install/unitree_go/include/unitree_go/msg/detail/motor_states__traits.hpp
-- Installing: /home/alireza/thesis1/navigation_go2/go2_ws/install/unitree_go/include/unitree_go/msg/detail/low_cmd__struct.hpp
-- Installing: /home/alireza/thesis1/navigation_go2/go2_ws/install/unitree_go/include/unitree_go/msg/detail/audio_data__type_support.hpp
-- Installing: /home/alireza/thesis1/navigation_go2/go2_ws/install/unitree_go/include/unitree_go/msg/detail/motor_state__traits.hpp
-- Installing: /home/alireza/thesis1/navigation_go2/go2_ws/install/unitree_go/include/unitree_go/msg/detail/uwb_switch__builder.hpp
-- Installing: /home/alireza/thesis1/navigation_go2/go2_ws/install/unitree_go/include/unitree_go/msg/detail/sport_mode_cmd__struct.hpp
-- Installing: /home/alireza/thesis1/navigation_go2/go2_ws/install/unitree_go/include/unitree_go/msg/detail/bms_state__builder.hpp
-- Installing: /home/alireza/thesis1/navigation_go2/go2_ws/install/unitree_go/include/unitree_go/msg/detail/motor_cmd__struct.hpp
-- Installing: /home/alireza/thesis1/navigation_go2/go2_ws/install/unitree_go/include/unitree_go/msg/detail/low_state__traits.hpp
-- Installing: /home/alireza/thesis1/navigation_go2/go2_ws/install/unitree_go/include/unitree_go/msg/detail/height_map__type_support.hpp
-- Installing: /home/alireza/thesis1/navigation_go2/go2_ws/install/unitree_go/include/unitree_go/msg/detail/low_state__builder.hpp
-- Installing: /home/alireza/thesis1/navigation_go2/go2_ws/install/unitree_go/include/unitree_go/msg/detail/interface_config__builder.hpp
-- Installing: /home/alireza/thesis1/navigation_go2/go2_ws/install/unitree_go/include/unitree_go/msg/detail/motor_cmd__type_support.hpp
-- Installing: /home/alireza/thesis1/navigation_go2/go2_ws/install/unitree_go/include/unitree_go/msg/detail/imu_state__builder.hpp
-- Installing: /home/alireza/thesis1/navigation_go2/go2_ws/install/unitree_go/include/unitree_go/msg/detail/res__type_support.hpp
-- Installing: /home/alireza/thesis1/navigation_go2/go2_ws/install/unitree_go/include/unitree_go/msg/detail/imu_state__type_support.hpp
-- Installing: /home/alireza/thesis1/navigation_go2/go2_ws/install/unitree_go/include/unitree_go/msg/detail/res__struct.hpp
-- Installing: /home/alireza/thesis1/navigation_go2/go2_ws/install/unitree_go/include/unitree_go/msg/detail/path_point__traits.hpp
-- Installing: /home/alireza/thesis1/navigation_go2/go2_ws/install/unitree_go/include/unitree_go/msg/detail/motor_cmds__builder.hpp
-- Installing: /home/alireza/thesis1/navigation_go2/go2_ws/install/unitree_go/include/unitree_go/msg/detail/wireless_controller__builder.hpp
-- Installing: /home/alireza/thesis1/navigation_go2/go2_ws/install/unitree_go/include/unitree_go/msg/detail/sport_mode_state__traits.hpp
-- Installing: /home/alireza/thesis1/navigation_go2/go2_ws/install/unitree_go/include/unitree_go/msg/detail/low_state__struct.hpp
-- Installing: /home/alireza/thesis1/navigation_go2/go2_ws/install/unitree_go/include/unitree_go/msg/detail/uwb_state__builder.hpp
-- Installing: /home/alireza/thesis1/navigation_go2/go2_ws/install/unitree_go/include/unitree_go/msg/detail/go2_front_video_data__struct.hpp
-- Installing: /home/alireza/thesis1/navigation_go2/go2_ws/install/unitree_go/include/unitree_go/msg/detail/motor_cmds__struct.hpp
-- Installing: /home/alireza/thesis1/navigation_go2/go2_ws/install/unitree_go/include/unitree_go/msg/detail/imu_state__struct.hpp
-- Installing: /home/alireza/thesis1/navigation_go2/go2_ws/install/unitree_go/include/unitree_go/msg/detail/sport_mode_cmd__builder.hpp
-- Installing: /home/alireza/thesis1/navigation_go2/go2_ws/install/unitree_go/include/unitree_go/msg/detail/path_point__type_support.hpp
-- Installing: /home/alireza/thesis1/navigation_go2/go2_ws/install/unitree_go/include/unitree_go/msg/detail/wireless_controller__struct.hpp
-- Installing: /home/alireza/thesis1/navigation_go2/go2_ws/install/unitree_go/include/unitree_go/msg/detail/uwb_switch__type_support.hpp
-- Installing: /home/alireza/thesis1/navigation_go2/go2_ws/install/unitree_go/include/unitree_go/msg/detail/sport_mode_state__builder.hpp
-- Installing: /home/alireza/thesis1/navigation_go2/go2_ws/install/unitree_go/include/unitree_go/msg/detail/time_spec__type_support.hpp
-- Installing: /home/alireza/thesis1/navigation_go2/go2_ws/install/unitree_go/include/unitree_go/msg/detail/time_spec__builder.hpp
-- Installing: /home/alireza/thesis1/navigation_go2/go2_ws/install/unitree_go/include/unitree_go/msg/detail/uwb_state__traits.hpp
-- Installing: /home/alireza/thesis1/navigation_go2/go2_ws/install/unitree_go/include/unitree_go/msg/detail/bms_cmd__struct.hpp
-- Installing: /home/alireza/thesis1/navigation_go2/go2_ws/install/unitree_go/include/unitree_go/msg/low_cmd.hpp
-- Installing: /home/alireza/thesis1/navigation_go2/go2_ws/install/unitree_go/include/unitree_go/msg/time_spec.hpp
-- Installing: /home/alireza/thesis1/navigation_go2/go2_ws/install/unitree_go/include/unitree_go/msg/sport_mode_state.hpp
-- Installing: /home/alireza/thesis1/navigation_go2/go2_ws/install/unitree_go/include/unitree_go/msg/bms_state.hpp
-- Installing: /home/alireza/thesis1/navigation_go2/go2_ws/install/unitree_go/include/unitree_go/msg/low_state.hpp
-- Installing: /home/alireza/thesis1/navigation_go2/go2_ws/install/unitree_go/include/unitree_go/msg/bms_cmd.hpp
-- Installing: /home/alireza/thesis1/navigation_go2/go2_ws/install/unitree_go/include/unitree_go/msg/motor_state.hpp
-- Installing: /home/alireza/thesis1/navigation_go2/go2_ws/install/unitree_go/include/unitree_go/msg/go2_front_video_data.hpp
-- Installing: /home/alireza/thesis1/navigation_go2/go2_ws/install/unitree_go/include/unitree_go/msg/imu_state.hpp
-- Installing: /home/alireza/thesis1/navigation_go2/go2_ws/install/unitree_go/include/unitree_go/msg/interface_config.hpp
-- Installing: /home/alireza/thesis1/navigation_go2/go2_ws/install/unitree_go/include/unitree_go/msg/error.hpp
-- Up-to-date: /home/alireza/thesis1/navigation_go2/go2_ws/install/unitree_go/include/unitree_go
-- Up-to-date: /home/alireza/thesis1/navigation_go2/go2_ws/install/unitree_go/include/unitree_go/msg
-- Up-to-date: /home/alireza/thesis1/navigation_go2/go2_ws/install/unitree_go/include/unitree_go/msg/detail
-- Installing: /home/alireza/thesis1/navigation_go2/go2_ws/install/unitree_go/include/unitree_go/msg/detail/sport_mode_state__type_support.cpp
-- Installing: /home/alireza/thesis1/navigation_go2/go2_ws/install/unitree_go/include/unitree_go/msg/detail/motor_state__type_support.cpp
-- Installing: /home/alireza/thesis1/navigation_go2/go2_ws/install/unitree_go/include/unitree_go/msg/detail/sport_mode_cmd__type_support.cpp
-- Installing: /home/alireza/thesis1/navigation_go2/go2_ws/install/unitree_go/include/unitree_go/msg/detail/time_spec__rosidl_typesupport_introspection_cpp.hpp
-- Installing: /home/alireza/thesis1/navigation_go2/go2_ws/install/unitree_go/include/unitree_go/msg/detail/motor_states__rosidl_typesupport_introspection_cpp.hpp
-- Installing: /home/alireza/thesis1/navigation_go2/go2_ws/install/unitree_go/include/unitree_go/msg/detail/low_state__type_support.cpp
-- Installing: /home/alireza/thesis1/navigation_go2/go2_ws/install/unitree_go/include/unitree_go/msg/detail/height_map__type_support.cpp
-- Installing: /home/alireza/thesis1/navigation_go2/go2_ws/install/unitree_go/include/unitree_go/msg/detail/sport_mode_cmd__rosidl_typesupport_introspection_cpp.hpp
-- Installing: /home/alireza/thesis1/navigation_go2/go2_ws/install/unitree_go/include/unitree_go/msg/detail/res__rosidl_typesupport_introspection_cpp.hpp
-- Installing: /home/alireza/thesis1/navigation_go2/go2_ws/install/unitree_go/include/unitree_go/msg/detail/wireless_controller__rosidl_typesupport_introspection_cpp.hpp
-- Installing: /home/alireza/thesis1/navigation_go2/go2_ws/install/unitree_go/include/unitree_go/msg/detail/res__type_support.cpp
-- Installing: /home/alireza/thesis1/navigation_go2/go2_ws/install/unitree_go/include/unitree_go/msg/detail/low_cmd__type_support.cpp
-- Installing: /home/alireza/thesis1/navigation_go2/go2_ws/install/unitree_go/include/unitree_go/msg/detail/motor_state__rosidl_typesupport_introspection_cpp.hpp
-- Installing: /home/alireza/thesis1/navigation_go2/go2_ws/install/unitree_go/include/unitree_go/msg/detail/error__rosidl_typesupport_introspection_cpp.hpp
-- Installing: /home/alireza/thesis1/navigation_go2/go2_ws/install/unitree_go/include/unitree_go/msg/detail/req__type_support.cpp
-- Installing: /home/alireza/thesis1/navigation_go2/go2_ws/install/unitree_go/include/unitree_go/msg/detail/motor_cmd__type_support.cpp
-- Installing: /home/alireza/thesis1/navigation_go2/go2_ws/install/unitree_go/include/unitree_go/msg/detail/audio_data__type_support.cpp
-- Installing: /home/alireza/thesis1/navigation_go2/go2_ws/install/unitree_go/include/unitree_go/msg/detail/uwb_state__type_support.cpp
-- Installing: /home/alireza/thesis1/navigation_go2/go2_ws/install/unitree_go/include/unitree_go/msg/detail/bms_state__rosidl_typesupport_introspection_cpp.hpp
-- Installing: /home/alireza/thesis1/navigation_go2/go2_ws/install/unitree_go/include/unitree_go/msg/detail/sport_mode_state__rosidl_typesupport_introspection_cpp.hpp
-- Installing: /home/alireza/thesis1/navigation_go2/go2_ws/install/unitree_go/include/unitree_go/msg/detail/height_map__rosidl_typesupport_introspection_cpp.hpp
-- Installing: /home/alireza/thesis1/navigation_go2/go2_ws/install/unitree_go/include/unitree_go/msg/detail/uwb_state__rosidl_typesupport_introspection_cpp.hpp
-- Installing: /home/alireza/thesis1/navigation_go2/go2_ws/install/unitree_go/include/unitree_go/msg/detail/interface_config__rosidl_typesupport_introspection_cpp.hpp
-- Installing: /home/alireza/thesis1/navigation_go2/go2_ws/install/unitree_go/include/unitree_go/msg/detail/motor_cmds__type_support.cpp
-- Installing: /home/alireza/thesis1/navigation_go2/go2_ws/install/unitree_go/include/unitree_go/msg/detail/go2_front_video_data__rosidl_typesupport_introspection_cpp.hpp
-- Installing: /home/alireza/thesis1/navigation_go2/go2_ws/install/unitree_go/include/unitree_go/msg/detail/time_spec__type_support.cpp
-- Installing: /home/alireza/thesis1/navigation_go2/go2_ws/install/unitree_go/include/unitree_go/msg/detail/go2_front_video_data__type_support.cpp
-- Installing: /home/alireza/thesis1/navigation_go2/go2_ws/install/unitree_go/include/unitree_go/msg/detail/bms_cmd__rosidl_typesupport_introspection_cpp.hpp
-- Installing: /home/alireza/thesis1/navigation_go2/go2_ws/install/unitree_go/include/unitree_go/msg/detail/bms_state__type_support.cpp
-- Installing: /home/alireza/thesis1/navigation_go2/go2_ws/install/unitree_go/include/unitree_go/msg/detail/motor_states__type_support.cpp
-- Installing: /home/alireza/thesis1/navigation_go2/go2_ws/install/unitree_go/include/unitree_go/msg/detail/imu_state__rosidl_typesupport_introspection_cpp.hpp
-- Installing: /home/alireza/thesis1/navigation_go2/go2_ws/install/unitree_go/include/unitree_go/msg/detail/path_point__rosidl_typesupport_introspection_cpp.hpp
-- Installing: /home/alireza/thesis1/navigation_go2/go2_ws/install/unitree_go/include/unitree_go/msg/detail/lidar_state__type_support.cpp
-- Installing: /home/alireza/thesis1/navigation_go2/go2_ws/install/unitree_go/include/unitree_go/msg/detail/uwb_switch__rosidl_typesupport_introspection_cpp.hpp
-- Installing: /home/alireza/thesis1/navigation_go2/go2_ws/install/unitree_go/include/unitree_go/msg/detail/bms_cmd__type_support.cpp
-- Installing: /home/alireza/thesis1/navigation_go2/go2_ws/install/unitree_go/include/unitree_go/msg/detail/motor_cmds__rosidl_typesupport_introspection_cpp.hpp
-- Installing: /home/alireza/thesis1/navigation_go2/go2_ws/install/unitree_go/include/unitree_go/msg/detail/lidar_state__rosidl_typesupport_introspection_cpp.hpp
-- Installing: /home/alireza/thesis1/navigation_go2/go2_ws/install/unitree_go/include/unitree_go/msg/detail/uwb_switch__type_support.cpp
-- Installing: /home/alireza/thesis1/navigation_go2/go2_ws/install/unitree_go/include/unitree_go/msg/detail/error__type_support.cpp
-- Installing: /home/alireza/thesis1/navigation_go2/go2_ws/install/unitree_go/include/unitree_go/msg/detail/imu_state__type_support.cpp
-- Installing: /home/alireza/thesis1/navigation_go2/go2_ws/install/unitree_go/include/unitree_go/msg/detail/low_cmd__rosidl_typesupport_introspection_cpp.hpp
-- Installing: /home/alireza/thesis1/navigation_go2/go2_ws/install/unitree_go/include/unitree_go/msg/detail/low_state__rosidl_typesupport_introspection_cpp.hpp
-- Installing: /home/alireza/thesis1/navigation_go2/go2_ws/install/unitree_go/include/unitree_go/msg/detail/interface_config__type_support.cpp
-- Installing: /home/alireza/thesis1/navigation_go2/go2_ws/install/unitree_go/include/unitree_go/msg/detail/audio_data__rosidl_typesupport_introspection_cpp.hpp
-- Installing: /home/alireza/thesis1/navigation_go2/go2_ws/install/unitree_go/include/unitree_go/msg/detail/req__rosidl_typesupport_introspection_cpp.hpp
-- Installing: /home/alireza/thesis1/navigation_go2/go2_ws/install/unitree_go/include/unitree_go/msg/detail/wireless_controller__type_support.cpp
-- Installing: /home/alireza/thesis1/navigation_go2/go2_ws/install/unitree_go/include/unitree_go/msg/detail/path_point__type_support.cpp
-- Installing: /home/alireza/thesis1/navigation_go2/go2_ws/install/unitree_go/include/unitree_go/msg/detail/motor_cmd__rosidl_typesupport_introspection_cpp.hpp
-- Installing: /home/alireza/thesis1/navigation_go2/go2_ws/install/unitree_go/lib/libunitree_go__rosidl_typesupport_introspection_cpp.so
-- Set runtime path of "/home/alireza/thesis1/navigation_go2/go2_ws/install/unitree_go/lib/libunitree_go__rosidl_typesupport_introspection_cpp.so" to ""
-- Installing: /home/alireza/thesis1/navigation_go2/go2_ws/install/unitree_go/lib/libunitree_go__rosidl_typesupport_cpp.so
-- Set runtime path of "/home/alireza/thesis1/navigation_go2/go2_ws/install/unitree_go/lib/libunitree_go__rosidl_typesupport_cpp.so" to ""
-- Installing: /home/alireza/thesis1/navigation_go2/go2_ws/install/unitree_go/share/unitree_go/environment/pythonpath.sh
-- Installing: /home/alireza/thesis1/navigation_go2/go2_ws/install/unitree_go/share/unitree_go/environment/pythonpath.dsv
-- Installing: /home/alireza/thesis1/navigation_go2/go2_ws/install/unitree_go/lib/python3.8/site-packages/unitree_go/__init__.py
Compiling '/home/alireza/thesis1/navigation_go2/go2_ws/install/unitree_go/lib/python3.8/site-packages/unitree_go/__init__.py'...
-- Installing: /home/alireza/thesis1/navigation_go2/go2_ws/install/unitree_go/lib/python3.8/site-packages/unitree_go/msg
-- Installing: /home/alireza/thesis1/navigation_go2/go2_ws/install/unitree_go/lib/python3.8/site-packages/unitree_go/msg/_height_map.py
-- Installing: /home/alireza/thesis1/navigation_go2/go2_ws/install/unitree_go/lib/python3.8/site-packages/unitree_go/msg/_audio_data.py
-- Installing: /home/alireza/thesis1/navigation_go2/go2_ws/install/unitree_go/lib/python3.8/site-packages/unitree_go/msg/_uwb_state_s.c
-- Installing: /home/alireza/thesis1/navigation_go2/go2_ws/install/unitree_go/lib/python3.8/site-packages/unitree_go/msg/_go2_front_video_data_s.c
-- Installing: /home/alireza/thesis1/navigation_go2/go2_ws/install/unitree_go/lib/python3.8/site-packages/unitree_go/msg/_error_s.c
-- Installing: /home/alireza/thesis1/navigation_go2/go2_ws/install/unitree_go/lib/python3.8/site-packages/unitree_go/msg/_low_cmd_s.c
-- Installing: /home/alireza/thesis1/navigation_go2/go2_ws/install/unitree_go/lib/python3.8/site-packages/unitree_go/msg/_wireless_controller_s.c
-- Installing: /home/alireza/thesis1/navigation_go2/go2_ws/install/unitree_go/lib/python3.8/site-packages/unitree_go/msg/_sport_mode_state_s.c
-- Installing: /home/alireza/thesis1/navigation_go2/go2_ws/install/unitree_go/lib/python3.8/site-packages/unitree_go/msg/_motor_cmd.py
-- Installing: /home/alireza/thesis1/navigation_go2/go2_ws/install/unitree_go/lib/python3.8/site-packages/unitree_go/msg/_go2_front_video_data.py
-- Installing: /home/alireza/thesis1/navigation_go2/go2_ws/install/unitree_go/lib/python3.8/site-packages/unitree_go/msg/_imu_state.py
-- Installing: /home/alireza/thesis1/navigation_go2/go2_ws/install/unitree_go/lib/python3.8/site-packages/unitree_go/msg/_uwb_state.py
-- Installing: /home/alireza/thesis1/navigation_go2/go2_ws/install/unitree_go/lib/python3.8/site-packages/unitree_go/msg/_sport_mode_cmd_s.c
-- Installing: /home/alireza/thesis1/navigation_go2/go2_ws/install/unitree_go/lib/python3.8/site-packages/unitree_go/msg/_motor_state.py
-- Installing: /home/alireza/thesis1/navigation_go2/go2_ws/install/unitree_go/lib/python3.8/site-packages/unitree_go/msg/_imu_state_s.c
-- Installing: /home/alireza/thesis1/navigation_go2/go2_ws/install/unitree_go/lib/python3.8/site-packages/unitree_go/msg/__init__.py
-- Installing: /home/alireza/thesis1/navigation_go2/go2_ws/install/unitree_go/lib/python3.8/site-packages/unitree_go/msg/_motor_cmds.py
-- Installing: /home/alireza/thesis1/navigation_go2/go2_ws/install/unitree_go/lib/python3.8/site-packages/unitree_go/msg/_bms_cmd_s.c
-- Installing: /home/alireza/thesis1/navigation_go2/go2_ws/install/unitree_go/lib/python3.8/site-packages/unitree_go/msg/_req_s.c
-- Installing: /home/alireza/thesis1/navigation_go2/go2_ws/install/unitree_go/lib/python3.8/site-packages/unitree_go/msg/_sport_mode_state.py
-- Installing: /home/alireza/thesis1/navigation_go2/go2_ws/install/unitree_go/lib/python3.8/site-packages/unitree_go/msg/_res.py
-- Installing: /home/alireza/thesis1/navigation_go2/go2_ws/install/unitree_go/lib/python3.8/site-packages/unitree_go/msg/_req.py
-- Installing: /home/alireza/thesis1/navigation_go2/go2_ws/install/unitree_go/lib/python3.8/site-packages/unitree_go/msg/_motor_cmd_s.c
-- Installing: /home/alireza/thesis1/navigation_go2/go2_ws/install/unitree_go/lib/python3.8/site-packages/unitree_go/msg/_low_state.py
-- Installing: /home/alireza/thesis1/navigation_go2/go2_ws/install/unitree_go/lib/python3.8/site-packages/unitree_go/msg/_sport_mode_cmd.py
-- Installing: /home/alireza/thesis1/navigation_go2/go2_ws/install/unitree_go/lib/python3.8/site-packages/unitree_go/msg/_uwb_switch.py
-- Installing: /home/alireza/thesis1/navigation_go2/go2_ws/install/unitree_go/lib/python3.8/site-packages/unitree_go/msg/_low_cmd.py
-- Installing: /home/alireza/thesis1/navigation_go2/go2_ws/install/unitree_go/lib/python3.8/site-packages/unitree_go/msg/_interface_config.py
-- Installing: /home/alireza/thesis1/navigation_go2/go2_ws/install/unitree_go/lib/python3.8/site-packages/unitree_go/msg/_motor_states_s.c
-- Installing: /home/alireza/thesis1/navigation_go2/go2_ws/install/unitree_go/lib/python3.8/site-packages/unitree_go/msg/_height_map_s.c
-- Installing: /home/alireza/thesis1/navigation_go2/go2_ws/install/unitree_go/lib/python3.8/site-packages/unitree_go/msg/_bms_state_s.c
-- Installing: /home/alireza/thesis1/navigation_go2/go2_ws/install/unitree_go/lib/python3.8/site-packages/unitree_go/msg/_error.py
-- Installing: /home/alireza/thesis1/navigation_go2/go2_ws/install/unitree_go/lib/python3.8/site-packages/unitree_go/msg/_motor_state_s.c
-- Installing: /home/alireza/thesis1/navigation_go2/go2_ws/install/unitree_go/lib/python3.8/site-packages/unitree_go/msg/_lidar_state.py
-- Installing: /home/alireza/thesis1/navigation_go2/go2_ws/install/unitree_go/lib/python3.8/site-packages/unitree_go/msg/_motor_cmds_s.c
-- Installing: /home/alireza/thesis1/navigation_go2/go2_ws/install/unitree_go/lib/python3.8/site-packages/unitree_go/msg/_wireless_controller.py
-- Installing: /home/alireza/thesis1/navigation_go2/go2_ws/install/unitree_go/lib/python3.8/site-packages/unitree_go/msg/_lidar_state_s.c
-- Installing: /home/alireza/thesis1/navigation_go2/go2_ws/install/unitree_go/lib/python3.8/site-packages/unitree_go/msg/_time_spec_s.c
-- Installing: /home/alireza/thesis1/navigation_go2/go2_ws/install/unitree_go/lib/python3.8/site-packages/unitree_go/msg/_uwb_switch_s.c
-- Installing: /home/alireza/thesis1/navigation_go2/go2_ws/install/unitree_go/lib/python3.8/site-packages/unitree_go/msg/_time_spec.py
-- Installing: /home/alireza/thesis1/navigation_go2/go2_ws/install/unitree_go/lib/python3.8/site-packages/unitree_go/msg/_res_s.c
-- Installing: /home/alireza/thesis1/navigation_go2/go2_ws/install/unitree_go/lib/python3.8/site-packages/unitree_go/msg/_bms_state.py
-- Installing: /home/alireza/thesis1/navigation_go2/go2_ws/install/unitree_go/lib/python3.8/site-packages/unitree_go/msg/_path_point.py
-- Installing: /home/alireza/thesis1/navigation_go2/go2_ws/install/unitree_go/lib/python3.8/site-packages/unitree_go/msg/_audio_data_s.c
-- Installing: /home/alireza/thesis1/navigation_go2/go2_ws/install/unitree_go/lib/python3.8/site-packages/unitree_go/msg/_motor_states.py
-- Installing: /home/alireza/thesis1/navigation_go2/go2_ws/install/unitree_go/lib/python3.8/site-packages/unitree_go/msg/_path_point_s.c
-- Installing: /home/alireza/thesis1/navigation_go2/go2_ws/install/unitree_go/lib/python3.8/site-packages/unitree_go/msg/_bms_cmd.py
-- Installing: /home/alireza/thesis1/navigation_go2/go2_ws/install/unitree_go/lib/python3.8/site-packages/unitree_go/msg/_interface_config_s.c
-- Installing: /home/alireza/thesis1/navigation_go2/go2_ws/install/unitree_go/lib/python3.8/site-packages/unitree_go/msg/_low_state_s.c
-- Installing: /home/alireza/thesis1/navigation_go2/go2_ws/install/unitree_go/lib/python3.8/site-packages/unitree_go/unitree_go_s__rosidl_typesupport_fastrtps_c.cpython-38-x86_64-linux-gnu.so
-- Set runtime path of "/home/alireza/thesis1/navigation_go2/go2_ws/install/unitree_go/lib/python3.8/site-packages/unitree_go/unitree_go_s__rosidl_typesupport_fastrtps_c.cpython-38-x86_64-linux-gnu.so" to ""
-- Installing: /home/alireza/thesis1/navigation_go2/go2_ws/install/unitree_go/lib/python3.8/site-packages/unitree_go/unitree_go_s__rosidl_typesupport_introspection_c.cpython-38-x86_64-linux-gnu.so
-- Set runtime path of "/home/alireza/thesis1/navigation_go2/go2_ws/install/unitree_go/lib/python3.8/site-packages/unitree_go/unitree_go_s__rosidl_typesupport_introspection_c.cpython-38-x86_64-linux-gnu.so" to ""
-- Installing: /home/alireza/thesis1/navigation_go2/go2_ws/install/unitree_go/lib/python3.8/site-packages/unitree_go/unitree_go_s__rosidl_typesupport_c.cpython-38-x86_64-linux-gnu.so
-- Set runtime path of "/home/alireza/thesis1/navigation_go2/go2_ws/install/unitree_go/lib/python3.8/site-packages/unitree_go/unitree_go_s__rosidl_typesupport_c.cpython-38-x86_64-linux-gnu.so" to ""
-- Installing: /home/alireza/thesis1/navigation_go2/go2_ws/install/unitree_go/lib/libunitree_go__python.so
-- Set runtime path of "/home/alireza/thesis1/navigation_go2/go2_ws/install/unitree_go/lib/libunitree_go__python.so" to ""
-- Installing: /home/alireza/thesis1/navigation_go2/go2_ws/install/unitree_go/share/unitree_go/msg/AudioData.idl
-- Installing: /home/alireza/thesis1/navigation_go2/go2_ws/install/unitree_go/share/unitree_go/msg/BmsCmd.idl
-- Installing: /home/alireza/thesis1/navigation_go2/go2_ws/install/unitree_go/share/unitree_go/msg/BmsState.idl
-- Installing: /home/alireza/thesis1/navigation_go2/go2_ws/install/unitree_go/share/unitree_go/msg/Error.idl
-- Installing: /home/alireza/thesis1/navigation_go2/go2_ws/install/unitree_go/share/unitree_go/msg/Go2FrontVideoData.idl
-- Installing: /home/alireza/thesis1/navigation_go2/go2_ws/install/unitree_go/share/unitree_go/msg/HeightMap.idl
-- Installing: /home/alireza/thesis1/navigation_go2/go2_ws/install/unitree_go/share/unitree_go/msg/IMUState.idl
-- Installing: /home/alireza/thesis1/navigation_go2/go2_ws/install/unitree_go/share/unitree_go/msg/InterfaceConfig.idl
-- Installing: /home/alireza/thesis1/navigation_go2/go2_ws/install/unitree_go/share/unitree_go/msg/LidarState.idl
-- Installing: /home/alireza/thesis1/navigation_go2/go2_ws/install/unitree_go/share/unitree_go/msg/LowCmd.idl
-- Installing: /home/alireza/thesis1/navigation_go2/go2_ws/install/unitree_go/share/unitree_go/msg/LowState.idl
-- Installing: /home/alireza/thesis1/navigation_go2/go2_ws/install/unitree_go/share/unitree_go/msg/MotorCmd.idl
-- Installing: /home/alireza/thesis1/navigation_go2/go2_ws/install/unitree_go/share/unitree_go/msg/MotorCmds.idl
-- Installing: /home/alireza/thesis1/navigation_go2/go2_ws/install/unitree_go/share/unitree_go/msg/MotorState.idl
-- Installing: /home/alireza/thesis1/navigation_go2/go2_ws/install/unitree_go/share/unitree_go/msg/MotorStates.idl
-- Installing: /home/alireza/thesis1/navigation_go2/go2_ws/install/unitree_go/share/unitree_go/msg/PathPoint.idl
-- Installing: /home/alireza/thesis1/navigation_go2/go2_ws/install/unitree_go/share/unitree_go/msg/Req.idl
-- Installing: /home/alireza/thesis1/navigation_go2/go2_ws/install/unitree_go/share/unitree_go/msg/Res.idl
-- Installing: /home/alireza/thesis1/navigation_go2/go2_ws/install/unitree_go/share/unitree_go/msg/SportModeCmd.idl
-- Installing: /home/alireza/thesis1/navigation_go2/go2_ws/install/unitree_go/share/unitree_go/msg/SportModeState.idl
-- Installing: /home/alireza/thesis1/navigation_go2/go2_ws/install/unitree_go/share/unitree_go/msg/TimeSpec.idl
-- Installing: /home/alireza/thesis1/navigation_go2/go2_ws/install/unitree_go/share/unitree_go/msg/UwbState.idl
-- Installing: /home/alireza/thesis1/navigation_go2/go2_ws/install/unitree_go/share/unitree_go/msg/UwbSwitch.idl
-- Installing: /home/alireza/thesis1/navigation_go2/go2_ws/install/unitree_go/share/unitree_go/msg/WirelessController.idl
-- Installing: /home/alireza/thesis1/navigation_go2/go2_ws/install/unitree_go/share/unitree_go/msg/AudioData.msg
-- Installing: /home/alireza/thesis1/navigation_go2/go2_ws/install/unitree_go/share/unitree_go/msg/BmsCmd.msg
-- Installing: /home/alireza/thesis1/navigation_go2/go2_ws/install/unitree_go/share/unitree_go/msg/BmsState.msg
-- Installing: /home/alireza/thesis1/navigation_go2/go2_ws/install/unitree_go/share/unitree_go/msg/Error.msg
-- Installing: /home/alireza/thesis1/navigation_go2/go2_ws/install/unitree_go/share/unitree_go/msg/Go2FrontVideoData.msg
-- Installing: /home/alireza/thesis1/navigation_go2/go2_ws/install/unitree_go/share/unitree_go/msg/HeightMap.msg
-- Installing: /home/alireza/thesis1/navigation_go2/go2_ws/install/unitree_go/share/unitree_go/msg/IMUState.msg
-- Installing: /home/alireza/thesis1/navigation_go2/go2_ws/install/unitree_go/share/unitree_go/msg/InterfaceConfig.msg
-- Installing: /home/alireza/thesis1/navigation_go2/go2_ws/install/unitree_go/share/unitree_go/msg/LidarState.msg
-- Installing: /home/alireza/thesis1/navigation_go2/go2_ws/install/unitree_go/share/unitree_go/msg/LowCmd.msg
-- Installing: /home/alireza/thesis1/navigation_go2/go2_ws/install/unitree_go/share/unitree_go/msg/LowState.msg
-- Installing: /home/alireza/thesis1/navigation_go2/go2_ws/install/unitree_go/share/unitree_go/msg/MotorCmd.msg
-- Installing: /home/alireza/thesis1/navigation_go2/go2_ws/install/unitree_go/share/unitree_go/msg/MotorCmds.msg
-- Installing: /home/alireza/thesis1/navigation_go2/go2_ws/install/unitree_go/share/unitree_go/msg/MotorState.msg
-- Installing: /home/alireza/thesis1/navigation_go2/go2_ws/install/unitree_go/share/unitree_go/msg/MotorStates.msg
-- Installing: /home/alireza/thesis1/navigation_go2/go2_ws/install/unitree_go/share/unitree_go/msg/PathPoint.msg
-- Installing: /home/alireza/thesis1/navigation_go2/go2_ws/install/unitree_go/share/unitree_go/msg/Req.msg
-- Installing: /home/alireza/thesis1/navigation_go2/go2_ws/install/unitree_go/share/unitree_go/msg/Res.msg
-- Installing: /home/alireza/thesis1/navigation_go2/go2_ws/install/unitree_go/share/unitree_go/msg/SportModeCmd.msg
-- Installing: /home/alireza/thesis1/navigation_go2/go2_ws/install/unitree_go/share/unitree_go/msg/SportModeState.msg
-- Installing: /home/alireza/thesis1/navigation_go2/go2_ws/install/unitree_go/share/unitree_go/msg/TimeSpec.msg
-- Installing: /home/alireza/thesis1/navigation_go2/go2_ws/install/unitree_go/share/unitree_go/msg/UwbState.msg
-- Installing: /home/alireza/thesis1/navigation_go2/go2_ws/install/unitree_go/share/unitree_go/msg/UwbSwitch.msg
-- Installing: /home/alireza/thesis1/navigation_go2/go2_ws/install/unitree_go/share/unitree_go/msg/WirelessController.msg
-- Installing: /home/alireza/thesis1/navigation_go2/go2_ws/install/unitree_go/share/ament_index/resource_index/package_run_dependencies/unitree_go
-- Installing: /home/alireza/thesis1/navigation_go2/go2_ws/install/unitree_go/share/ament_index/resource_index/parent_prefix_path/unitree_go
-- Installing: /home/alireza/thesis1/navigation_go2/go2_ws/install/unitree_go/share/unitree_go/environment/ament_prefix_path.sh
-- Installing: /home/alireza/thesis1/navigation_go2/go2_ws/install/unitree_go/share/unitree_go/environment/ament_prefix_path.dsv
-- Installing: /home/alireza/thesis1/navigation_go2/go2_ws/install/unitree_go/share/unitree_go/environment/path.sh
-- Installing: /home/alireza/thesis1/navigation_go2/go2_ws/install/unitree_go/share/unitree_go/environment/path.dsv
-- Installing: /home/alireza/thesis1/navigation_go2/go2_ws/install/unitree_go/share/unitree_go/local_setup.bash
-- Installing: /home/alireza/thesis1/navigation_go2/go2_ws/install/unitree_go/share/unitree_go/local_setup.sh
-- Installing: /home/alireza/thesis1/navigation_go2/go2_ws/install/unitree_go/share/unitree_go/local_setup.zsh
-- Installing: /home/alireza/thesis1/navigation_go2/go2_ws/install/unitree_go/share/unitree_go/local_setup.dsv
-- Installing: /home/alireza/thesis1/navigation_go2/go2_ws/install/unitree_go/share/unitree_go/package.dsv
-- Installing: /home/alireza/thesis1/navigation_go2/go2_ws/install/unitree_go/share/ament_index/resource_index/packages/unitree_go
-- Installing: /home/alireza/thesis1/navigation_go2/go2_ws/install/unitree_go/share/unitree_go/cmake/unitree_go__rosidl_generator_cExport.cmake
-- Installing: /home/alireza/thesis1/navigation_go2/go2_ws/install/unitree_go/share/unitree_go/cmake/unitree_go__rosidl_generator_cExport-noconfig.cmake
-- Installing: /home/alireza/thesis1/navigation_go2/go2_ws/install/unitree_go/share/unitree_go/cmake/unitree_go__rosidl_typesupport_introspection_cExport.cmake
-- Installing: /home/alireza/thesis1/navigation_go2/go2_ws/install/unitree_go/share/unitree_go/cmake/unitree_go__rosidl_typesupport_introspection_cExport-noconfig.cmake
-- Installing: /home/alireza/thesis1/navigation_go2/go2_ws/install/unitree_go/share/unitree_go/cmake/unitree_go__rosidl_typesupport_cExport.cmake
-- Installing: /home/alireza/thesis1/navigation_go2/go2_ws/install/unitree_go/share/unitree_go/cmake/unitree_go__rosidl_typesupport_cExport-noconfig.cmake
-- Installing: /home/alireza/thesis1/navigation_go2/go2_ws/install/unitree_go/share/unitree_go/cmake/unitree_go__rosidl_generator_cppExport.cmake
-- Installing: /home/alireza/thesis1/navigation_go2/go2_ws/install/unitree_go/share/unitree_go/cmake/unitree_go__rosidl_typesupport_introspection_cppExport.cmake
-- Installing: /home/alireza/thesis1/navigation_go2/go2_ws/install/unitree_go/share/unitree_go/cmake/unitree_go__rosidl_typesupport_introspection_cppExport-noconfig.cmake
-- Installing: /home/alireza/thesis1/navigation_go2/go2_ws/install/unitree_go/share/unitree_go/cmake/unitree_go__rosidl_typesupport_cppExport.cmake
-- Installing: /home/alireza/thesis1/navigation_go2/go2_ws/install/unitree_go/share/unitree_go/cmake/unitree_go__rosidl_typesupport_cppExport-noconfig.cmake
-- Installing: /home/alireza/thesis1/navigation_go2/go2_ws/install/unitree_go/share/unitree_go/cmake/rosidl_cmake-extras.cmake
-- Installing: /home/alireza/thesis1/navigation_go2/go2_ws/install/unitree_go/share/unitree_go/cmake/ament_cmake_export_dependencies-extras.cmake
-- Installing: /home/alireza/thesis1/navigation_go2/go2_ws/install/unitree_go/share/unitree_go/cmake/ament_cmake_export_libraries-extras.cmake
-- Installing: /home/alireza/thesis1/navigation_go2/go2_ws/install/unitree_go/share/unitree_go/cmake/ament_cmake_export_targets-extras.cmake
-- Installing: /home/alireza/thesis1/navigation_go2/go2_ws/install/unitree_go/share/unitree_go/cmake/ament_cmake_export_include_directories-extras.cmake
-- Installing: /home/alireza/thesis1/navigation_go2/go2_ws/install/unitree_go/share/unitree_go/cmake/rosidl_cmake_export_typesupport_libraries-extras.cmake
-- Installing: /home/alireza/thesis1/navigation_go2/go2_ws/install/unitree_go/share/unitree_go/cmake/rosidl_cmake_export_typesupport_targets-extras.cmake
-- Installing: /home/alireza/thesis1/navigation_go2/go2_ws/install/unitree_go/share/unitree_go/cmake/unitree_goConfig.cmake
-- Installing: /home/alireza/thesis1/navigation_go2/go2_ws/install/unitree_go/share/unitree_go/cmake/unitree_goConfig-version.cmake
-- Installing: /home/alireza/thesis1/navigation_go2/go2_ws/install/unitree_go/share/unitree_go/package.xml
