[0.023s] Invoking command in '/home/alireza/thesis1/navigation_go2/go2_ws/build/unitree_go': CMAKE_PREFIX_PATH=/opt/ros/foxy /usr/bin/cmake /home/alireza/thesis1/navigation_go2/go2_ws/src/unitree_go -DCMAKE_INSTALL_PREFIX=/home/alireza/thesis1/navigation_go2/go2_ws/install/unitree_go
[0.044s] -- Found ament_cmake: 0.9.12 (/opt/ros/foxy/share/ament_cmake/cmake)
[0.071s] -- Using PYTHON_EXECUTABLE: /usr/bin/python3
[0.303s] -- Found geometry_msgs: 2.0.5 (/opt/ros/foxy/share/geometry_msgs/cmake)
[0.343s] -- Using all available rosidl_typesupport_c: rosidl_typesupport_fastrtps_c;rosidl_typesupport_introspection_c
[0.350s] -- Found rosidl_adapter: 1.3.1 (/opt/ros/foxy/share/rosidl_adapter/cmake)
[0.515s] -- Using all available rosidl_typesupport_cpp: rosidl_typesupport_fastrtps_cpp;rosidl_typesupport_introspection_cpp
[0.613s] -- Found rosidl_default_generators: 1.0.1 (/opt/ros/foxy/share/rosidl_default_generators/cmake)
[0.654s] -- Found PythonInterp: /usr/bin/python3 (found version "3.8.10") 
[1.100s] -- Found ament_cmake_ros: 0.9.2 (/opt/ros/foxy/share/ament_cmake_ros/cmake)
[1.536s] -- Using all available rosidl_typesupport_c: rosidl_typesupport_fastrtps_c;rosidl_typesupport_introspection_c
[1.706s] -- Using all available rosidl_typesupport_cpp: rosidl_typesupport_fastrtps_cpp;rosidl_typesupport_introspection_cpp
[1.744s] -- Found PythonInterp: /usr/bin/python3 (found suitable version "3.8.10", minimum required is "3.5") 
[1.746s] -- Found python_cmake_module: 0.8.1 (/opt/ros/foxy/share/python_cmake_module/cmake)
[1.789s] -- Found PythonLibs: /usr/lib/x86_64-linux-gnu/libpython3.8.so (found suitable version "3.8.10", minimum required is "3.5") 
[1.789s] -- Using PYTHON_EXECUTABLE: /usr/bin/python3
[1.789s] -- Using PYTHON_INCLUDE_DIRS: /usr/include/python3.8
[1.789s] -- Using PYTHON_LIBRARIES: /usr/lib/x86_64-linux-gnu/libpython3.8.so
[1.823s] -- Found PythonExtra: .so  
[1.966s] -- Found ament_lint_auto: 0.9.8 (/opt/ros/foxy/share/ament_lint_auto/cmake)
[2.007s] -- Added test 'copyright' to check source files copyright and LICENSE
[2.012s] -- Added test 'lint_cmake' to check CMake code style
[2.015s] -- Added test 'xmllint' to check XML markup files
[2.024s] -- Configuring done
[2.240s] -- Generating done
[2.287s] -- Build files have been written to: /home/alireza/thesis1/navigation_go2/go2_ws/build/unitree_go
[2.303s] Invoked command in '/home/alireza/thesis1/navigation_go2/go2_ws/build/unitree_go' returned '0': CMAKE_PREFIX_PATH=/opt/ros/foxy /usr/bin/cmake /home/alireza/thesis1/navigation_go2/go2_ws/src/unitree_go -DCMAKE_INSTALL_PREFIX=/home/alireza/thesis1/navigation_go2/go2_ws/install/unitree_go
[2.305s] Invoking command in '/home/alireza/thesis1/navigation_go2/go2_ws/build/unitree_go': CMAKE_PREFIX_PATH=/opt/ros/foxy /usr/bin/cmake --build /home/alireza/thesis1/navigation_go2/go2_ws/build/unitree_go -- -j8 -l8
[2.393s] Scanning dependencies of target unitree_go__cpp
[2.414s] [  1%] Generating C code for ROS interfaces
[2.426s] [  1%] Generating C++ code for ROS interfaces
[11.961s] [  1%] Built target unitree_go__cpp
[12.023s] [  2%] Generating C++ type support for eProsima Fast-RTPS
[12.053s] [  3%] Generating C++ type support dispatch for ROS interfaces
[12.110s] [  4%] Generating C++ introspection for ROS interfaces
[12.890s] Scanning dependencies of target unitree_go__rosidl_generator_c
[12.958s] [  4%] Building C object CMakeFiles/unitree_go__rosidl_generator_c.dir/rosidl_generator_c/unitree_go/msg/detail/audio_data__functions.c.o
[12.974s] [  4%] Building C object CMakeFiles/unitree_go__rosidl_generator_c.dir/rosidl_generator_c/unitree_go/msg/detail/bms_cmd__functions.c.o
[12.982s] [  5%] Building C object CMakeFiles/unitree_go__rosidl_generator_c.dir/rosidl_generator_c/unitree_go/msg/detail/bms_state__functions.c.o
[13.001s] [  5%] Building C object CMakeFiles/unitree_go__rosidl_generator_c.dir/rosidl_generator_c/unitree_go/msg/detail/error__functions.c.o
[13.126s] [  6%] Building C object CMakeFiles/unitree_go__rosidl_generator_c.dir/rosidl_generator_c/unitree_go/msg/detail/go2_front_video_data__functions.c.o
[13.253s] [  6%] Building C object CMakeFiles/unitree_go__rosidl_generator_c.dir/rosidl_generator_c/unitree_go/msg/detail/height_map__functions.c.o
[13.261s] [  7%] Building C object CMakeFiles/unitree_go__rosidl_generator_c.dir/rosidl_generator_c/unitree_go/msg/detail/imu_state__functions.c.o
[13.365s] [  7%] Building C object CMakeFiles/unitree_go__rosidl_generator_c.dir/rosidl_generator_c/unitree_go/msg/detail/interface_config__functions.c.o
[13.402s] [  8%] Building C object CMakeFiles/unitree_go__rosidl_generator_c.dir/rosidl_generator_c/unitree_go/msg/detail/lidar_state__functions.c.o
[13.480s] [  8%] Building C object CMakeFiles/unitree_go__rosidl_generator_c.dir/rosidl_generator_c/unitree_go/msg/detail/low_cmd__functions.c.o
[13.548s] [  9%] Building C object CMakeFiles/unitree_go__rosidl_generator_c.dir/rosidl_generator_c/unitree_go/msg/detail/low_state__functions.c.o
[13.579s] [  9%] Building C object CMakeFiles/unitree_go__rosidl_generator_c.dir/rosidl_generator_c/unitree_go/msg/detail/motor_cmd__functions.c.o
[13.665s] [ 10%] Building C object CMakeFiles/unitree_go__rosidl_generator_c.dir/rosidl_generator_c/unitree_go/msg/detail/motor_cmds__functions.c.o
[13.781s] [ 10%] Building C object CMakeFiles/unitree_go__rosidl_generator_c.dir/rosidl_generator_c/unitree_go/msg/detail/motor_state__functions.c.o
[13.859s] [ 11%] Building C object CMakeFiles/unitree_go__rosidl_generator_c.dir/rosidl_generator_c/unitree_go/msg/detail/motor_states__functions.c.o
[13.982s] [ 11%] Building C object CMakeFiles/unitree_go__rosidl_generator_c.dir/rosidl_generator_c/unitree_go/msg/detail/path_point__functions.c.o
[14.049s] [ 11%] Building C object CMakeFiles/unitree_go__rosidl_generator_c.dir/rosidl_generator_c/unitree_go/msg/detail/req__functions.c.o
[14.101s] [ 12%] Building C object CMakeFiles/unitree_go__rosidl_generator_c.dir/rosidl_generator_c/unitree_go/msg/detail/res__functions.c.o
[14.213s] [ 12%] Building C object CMakeFiles/unitree_go__rosidl_generator_c.dir/rosidl_generator_c/unitree_go/msg/detail/sport_mode_cmd__functions.c.o
[14.251s] [ 13%] Building C object CMakeFiles/unitree_go__rosidl_generator_c.dir/rosidl_generator_c/unitree_go/msg/detail/sport_mode_state__functions.c.o
[14.313s] [ 13%] Building C object CMakeFiles/unitree_go__rosidl_generator_c.dir/rosidl_generator_c/unitree_go/msg/detail/time_spec__functions.c.o
[14.544s] [ 14%] Building C object CMakeFiles/unitree_go__rosidl_generator_c.dir/rosidl_generator_c/unitree_go/msg/detail/uwb_state__functions.c.o
[14.614s] [ 14%] Building C object CMakeFiles/unitree_go__rosidl_generator_c.dir/rosidl_generator_c/unitree_go/msg/detail/uwb_switch__functions.c.o
[14.660s] [ 15%] Building C object CMakeFiles/unitree_go__rosidl_generator_c.dir/rosidl_generator_c/unitree_go/msg/detail/wireless_controller__functions.c.o
[15.065s] [ 15%] Linking C shared library libunitree_go__rosidl_generator_c.so
[15.369s] [ 15%] Built target unitree_go__rosidl_generator_c
[15.470s] [ 16%] Generating C introspection for ROS interfaces
[15.509s] [ 17%] Generating C type support dispatch for ROS interfaces
[20.268s] Scanning dependencies of target unitree_go__rosidl_typesupport_introspection_cpp
[20.335s] [ 17%] Building CXX object CMakeFiles/unitree_go__rosidl_typesupport_introspection_cpp.dir/rosidl_typesupport_introspection_cpp/unitree_go/msg/detail/audio_data__type_support.cpp.o
[20.364s] [ 18%] Building CXX object CMakeFiles/unitree_go__rosidl_typesupport_introspection_cpp.dir/rosidl_typesupport_introspection_cpp/unitree_go/msg/detail/bms_cmd__type_support.cpp.o
[20.375s] [ 18%] Building CXX object CMakeFiles/unitree_go__rosidl_typesupport_introspection_cpp.dir/rosidl_typesupport_introspection_cpp/unitree_go/msg/detail/bms_state__type_support.cpp.o
[21.302s] [ 19%] Building CXX object CMakeFiles/unitree_go__rosidl_typesupport_introspection_cpp.dir/rosidl_typesupport_introspection_cpp/unitree_go/msg/detail/error__type_support.cpp.o
[21.770s] Scanning dependencies of target unitree_go__rosidl_typesupport_cpp
[21.813s] [ 19%] Building CXX object CMakeFiles/unitree_go__rosidl_typesupport_cpp.dir/rosidl_typesupport_cpp/unitree_go/msg/audio_data__type_support.cpp.o
[21.862s] [ 20%] Building CXX object CMakeFiles/unitree_go__rosidl_typesupport_cpp.dir/rosidl_typesupport_cpp/unitree_go/msg/bms_cmd__type_support.cpp.o
[21.916s] [ 20%] Building CXX object CMakeFiles/unitree_go__rosidl_typesupport_introspection_cpp.dir/rosidl_typesupport_introspection_cpp/unitree_go/msg/detail/go2_front_video_data__type_support.cpp.o
[21.988s] [ 20%] Building CXX object CMakeFiles/unitree_go__rosidl_typesupport_cpp.dir/rosidl_typesupport_cpp/unitree_go/msg/bms_state__type_support.cpp.o
[22.424s] Scanning dependencies of target unitree_go__rosidl_typesupport_c
[22.511s] [ 20%] Building CXX object CMakeFiles/unitree_go__rosidl_typesupport_c.dir/rosidl_typesupport_c/unitree_go/msg/audio_data__type_support.cpp.o
[22.518s] Scanning dependencies of target unitree_go__rosidl_typesupport_fastrtps_cpp
[22.564s] [ 20%] Building CXX object CMakeFiles/unitree_go__rosidl_typesupport_fastrtps_cpp.dir/rosidl_typesupport_fastrtps_cpp/unitree_go/msg/detail/dds_fastrtps/audio_data__type_support.cpp.o
[22.708s] [ 21%] Building CXX object CMakeFiles/unitree_go__rosidl_typesupport_c.dir/rosidl_typesupport_c/unitree_go/msg/bms_cmd__type_support.cpp.o
[22.844s] [ 21%] Building CXX object CMakeFiles/unitree_go__rosidl_typesupport_c.dir/rosidl_typesupport_c/unitree_go/msg/bms_state__type_support.cpp.o
[22.934s] [ 21%] Building CXX object CMakeFiles/unitree_go__rosidl_typesupport_c.dir/rosidl_typesupport_c/unitree_go/msg/error__type_support.cpp.o
[22.958s] [ 22%] Building CXX object CMakeFiles/unitree_go__rosidl_typesupport_introspection_cpp.dir/rosidl_typesupport_introspection_cpp/unitree_go/msg/detail/height_map__type_support.cpp.o
[23.026s] [ 22%] Building CXX object CMakeFiles/unitree_go__rosidl_typesupport_cpp.dir/rosidl_typesupport_cpp/unitree_go/msg/height_map__type_support.cpp.o
[23.038s] [ 23%] Building CXX object CMakeFiles/unitree_go__rosidl_typesupport_c.dir/rosidl_typesupport_c/unitree_go/msg/go2_front_video_data__type_support.cpp.o
[23.192s] [ 23%] Building CXX object CMakeFiles/unitree_go__rosidl_typesupport_c.dir/rosidl_typesupport_c/unitree_go/msg/height_map__type_support.cpp.o
[23.303s] [ 24%] Building CXX object CMakeFiles/unitree_go__rosidl_typesupport_c.dir/rosidl_typesupport_c/unitree_go/msg/imu_state__type_support.cpp.o
[23.379s] [ 24%] Building CXX object CMakeFiles/unitree_go__rosidl_typesupport_c.dir/rosidl_typesupport_c/unitree_go/msg/interface_config__type_support.cpp.o
[23.481s] [ 25%] Building CXX object CMakeFiles/unitree_go__rosidl_typesupport_c.dir/rosidl_typesupport_c/unitree_go/msg/lidar_state__type_support.cpp.o
[23.605s] Scanning dependencies of target unitree_go__rosidl_typesupport_introspection_c
[23.608s] [ 25%] Building CXX object CMakeFiles/unitree_go__rosidl_typesupport_c.dir/rosidl_typesupport_c/unitree_go/msg/low_cmd__type_support.cpp.o
[23.658s] [ 25%] Building C object CMakeFiles/unitree_go__rosidl_typesupport_introspection_c.dir/rosidl_typesupport_introspection_c/unitree_go/msg/detail/audio_data__type_support.c.o
[23.691s] [ 26%] Building CXX object CMakeFiles/unitree_go__rosidl_typesupport_c.dir/rosidl_typesupport_c/unitree_go/msg/low_state__type_support.cpp.o
[23.712s] [ 27%] Building CXX object CMakeFiles/unitree_go__rosidl_typesupport_cpp.dir/rosidl_typesupport_cpp/unitree_go/msg/imu_state__type_support.cpp.o
[23.718s] [ 28%] Building CXX object CMakeFiles/unitree_go__rosidl_typesupport_fastrtps_cpp.dir/rosidl_typesupport_fastrtps_cpp/unitree_go/msg/detail/dds_fastrtps/bms_cmd__type_support.cpp.o
[23.751s] [ 28%] Building CXX object CMakeFiles/unitree_go__rosidl_typesupport_c.dir/rosidl_typesupport_c/unitree_go/msg/motor_cmd__type_support.cpp.o
[23.769s] [ 28%] Building CXX object CMakeFiles/unitree_go__rosidl_typesupport_introspection_cpp.dir/rosidl_typesupport_introspection_cpp/unitree_go/msg/detail/imu_state__type_support.cpp.o
[23.771s] [ 29%] Building C object CMakeFiles/unitree_go__rosidl_typesupport_introspection_c.dir/rosidl_typesupport_introspection_c/unitree_go/msg/detail/bms_cmd__type_support.c.o
[23.848s] [ 30%] Building CXX object CMakeFiles/unitree_go__rosidl_typesupport_c.dir/rosidl_typesupport_c/unitree_go/msg/motor_cmds__type_support.cpp.o
[23.882s] [ 30%] Building C object CMakeFiles/unitree_go__rosidl_typesupport_introspection_c.dir/rosidl_typesupport_introspection_c/unitree_go/msg/detail/bms_state__type_support.c.o
[23.956s] [ 30%] Building CXX object CMakeFiles/unitree_go__rosidl_typesupport_c.dir/rosidl_typesupport_c/unitree_go/msg/motor_state__type_support.cpp.o
[23.982s] [ 31%] Building C object CMakeFiles/unitree_go__rosidl_typesupport_introspection_c.dir/rosidl_typesupport_introspection_c/unitree_go/msg/detail/error__type_support.c.o
[24.058s] [ 32%] Building CXX object CMakeFiles/unitree_go__rosidl_typesupport_c.dir/rosidl_typesupport_c/unitree_go/msg/motor_states__type_support.cpp.o
[24.094s] [ 32%] Building C object CMakeFiles/unitree_go__rosidl_typesupport_introspection_c.dir/rosidl_typesupport_introspection_c/unitree_go/msg/detail/go2_front_video_data__type_support.c.o
[24.142s] [ 32%] Building CXX object CMakeFiles/unitree_go__rosidl_typesupport_c.dir/rosidl_typesupport_c/unitree_go/msg/path_point__type_support.cpp.o
[24.199s] [ 33%] Building CXX object CMakeFiles/unitree_go__rosidl_typesupport_c.dir/rosidl_typesupport_c/unitree_go/msg/req__type_support.cpp.o
[24.216s] [ 34%] Building C object CMakeFiles/unitree_go__rosidl_typesupport_introspection_c.dir/rosidl_typesupport_introspection_c/unitree_go/msg/detail/height_map__type_support.c.o
[24.337s] [ 34%] Building CXX object CMakeFiles/unitree_go__rosidl_typesupport_c.dir/rosidl_typesupport_c/unitree_go/msg/res__type_support.cpp.o
[24.344s] [ 34%] Building C object CMakeFiles/unitree_go__rosidl_typesupport_introspection_c.dir/rosidl_typesupport_introspection_c/unitree_go/msg/detail/imu_state__type_support.c.o
[24.372s] [ 34%] Building CXX object CMakeFiles/unitree_go__rosidl_typesupport_cpp.dir/rosidl_typesupport_cpp/unitree_go/msg/go2_front_video_data__type_support.cpp.o
[24.443s] [ 35%] Building C object CMakeFiles/unitree_go__rosidl_typesupport_introspection_c.dir/rosidl_typesupport_introspection_c/unitree_go/msg/detail/interface_config__type_support.c.o
[24.454s] [ 35%] Building CXX object CMakeFiles/unitree_go__rosidl_typesupport_c.dir/rosidl_typesupport_c/unitree_go/msg/sport_mode_cmd__type_support.cpp.o
[24.501s] [ 36%] Building CXX object CMakeFiles/unitree_go__rosidl_typesupport_introspection_cpp.dir/rosidl_typesupport_introspection_cpp/unitree_go/msg/detail/interface_config__type_support.cpp.o
[24.526s] [ 36%] Building C object CMakeFiles/unitree_go__rosidl_typesupport_introspection_c.dir/rosidl_typesupport_introspection_c/unitree_go/msg/detail/lidar_state__type_support.c.o
[24.528s] [ 37%] Building CXX object CMakeFiles/unitree_go__rosidl_typesupport_c.dir/rosidl_typesupport_c/unitree_go/msg/sport_mode_state__type_support.cpp.o
[24.603s] [ 38%] Building C object CMakeFiles/unitree_go__rosidl_typesupport_introspection_c.dir/rosidl_typesupport_introspection_c/unitree_go/msg/detail/low_cmd__type_support.c.o
[24.620s] [ 38%] Building CXX object CMakeFiles/unitree_go__rosidl_typesupport_c.dir/rosidl_typesupport_c/unitree_go/msg/time_spec__type_support.cpp.o
[24.696s] [ 38%] Building C object CMakeFiles/unitree_go__rosidl_typesupport_introspection_c.dir/rosidl_typesupport_introspection_c/unitree_go/msg/detail/low_state__type_support.c.o
[24.707s] [ 39%] Building CXX object CMakeFiles/unitree_go__rosidl_typesupport_c.dir/rosidl_typesupport_c/unitree_go/msg/uwb_state__type_support.cpp.o
[24.754s] [ 39%] Building CXX object CMakeFiles/unitree_go__rosidl_typesupport_fastrtps_cpp.dir/rosidl_typesupport_fastrtps_cpp/unitree_go/msg/detail/dds_fastrtps/bms_state__type_support.cpp.o
[24.786s] [ 39%] Building CXX object CMakeFiles/unitree_go__rosidl_typesupport_c.dir/rosidl_typesupport_c/unitree_go/msg/uwb_switch__type_support.cpp.o
[24.808s] [ 39%] Building C object CMakeFiles/unitree_go__rosidl_typesupport_introspection_c.dir/rosidl_typesupport_introspection_c/unitree_go/msg/detail/motor_cmd__type_support.c.o
[24.892s] [ 41%] Building CXX object CMakeFiles/unitree_go__rosidl_typesupport_c.dir/rosidl_typesupport_c/unitree_go/msg/wireless_controller__type_support.cpp.o
[24.892s] [ 41%] Building C object CMakeFiles/unitree_go__rosidl_typesupport_introspection_c.dir/rosidl_typesupport_introspection_c/unitree_go/msg/detail/motor_cmds__type_support.c.o
[24.963s] [ 41%] Building C object CMakeFiles/unitree_go__rosidl_typesupport_introspection_c.dir/rosidl_typesupport_introspection_c/unitree_go/msg/detail/motor_state__type_support.c.o
[25.004s] [ 41%] Linking CXX shared library libunitree_go__rosidl_typesupport_c.so
[25.105s] [ 42%] Building C object CMakeFiles/unitree_go__rosidl_typesupport_introspection_c.dir/rosidl_typesupport_introspection_c/unitree_go/msg/detail/motor_states__type_support.c.o
[25.109s] [ 43%] Building CXX object CMakeFiles/unitree_go__rosidl_typesupport_cpp.dir/rosidl_typesupport_cpp/unitree_go/msg/error__type_support.cpp.o
[25.141s] [ 43%] Built target unitree_go__rosidl_typesupport_c
[25.188s] [ 44%] Building C object CMakeFiles/unitree_go__rosidl_typesupport_introspection_c.dir/rosidl_typesupport_introspection_c/unitree_go/msg/detail/req__type_support.c.o
[25.251s] [ 44%] Building CXX object CMakeFiles/unitree_go__rosidl_typesupport_introspection_cpp.dir/rosidl_typesupport_introspection_cpp/unitree_go/msg/detail/lidar_state__type_support.cpp.o
[25.269s] [ 44%] Building C object CMakeFiles/unitree_go__rosidl_typesupport_introspection_c.dir/rosidl_typesupport_introspection_c/unitree_go/msg/detail/path_point__type_support.c.o
[25.336s] [ 44%] Building C object CMakeFiles/unitree_go__rosidl_typesupport_introspection_c.dir/rosidl_typesupport_introspection_c/unitree_go/msg/detail/res__type_support.c.o
[25.407s] [ 45%] Building C object CMakeFiles/unitree_go__rosidl_typesupport_introspection_c.dir/rosidl_typesupport_introspection_c/unitree_go/msg/detail/sport_mode_cmd__type_support.c.o
[25.480s] [ 45%] Building C object CMakeFiles/unitree_go__rosidl_typesupport_introspection_c.dir/rosidl_typesupport_introspection_c/unitree_go/msg/detail/sport_mode_state__type_support.c.o
[25.552s] [ 46%] Building C object CMakeFiles/unitree_go__rosidl_typesupport_introspection_c.dir/rosidl_typesupport_introspection_c/unitree_go/msg/detail/time_spec__type_support.c.o
[25.639s] [ 46%] Building C object CMakeFiles/unitree_go__rosidl_typesupport_introspection_c.dir/rosidl_typesupport_introspection_c/unitree_go/msg/detail/uwb_state__type_support.c.o
[25.703s] [ 47%] Building C object CMakeFiles/unitree_go__rosidl_typesupport_introspection_c.dir/rosidl_typesupport_introspection_c/unitree_go/msg/detail/uwb_switch__type_support.c.o
[25.733s] [ 48%] Building CXX object CMakeFiles/unitree_go__rosidl_typesupport_fastrtps_cpp.dir/rosidl_typesupport_fastrtps_cpp/unitree_go/msg/detail/dds_fastrtps/error__type_support.cpp.o
[25.770s] [ 48%] Building C object CMakeFiles/unitree_go__rosidl_typesupport_introspection_c.dir/rosidl_typesupport_introspection_c/unitree_go/msg/detail/wireless_controller__type_support.c.o
[25.790s] [ 49%] Building CXX object CMakeFiles/unitree_go__rosidl_typesupport_cpp.dir/rosidl_typesupport_cpp/unitree_go/msg/lidar_state__type_support.cpp.o
[25.839s] [ 49%] Linking C shared library libunitree_go__rosidl_typesupport_introspection_c.so
[25.928s] [ 49%] Built target unitree_go__rosidl_typesupport_introspection_c
[25.955s] [ 49%] Building CXX object CMakeFiles/unitree_go__rosidl_typesupport_introspection_cpp.dir/rosidl_typesupport_introspection_cpp/unitree_go/msg/detail/motor_cmd__type_support.cpp.o
[26.365s] [ 50%] Building CXX object CMakeFiles/unitree_go__rosidl_typesupport_cpp.dir/rosidl_typesupport_cpp/unitree_go/msg/low_state__type_support.cpp.o
[26.583s] [ 50%] Building CXX object CMakeFiles/unitree_go__rosidl_typesupport_fastrtps_cpp.dir/rosidl_typesupport_fastrtps_cpp/unitree_go/msg/detail/dds_fastrtps/go2_front_video_data__type_support.cpp.o
[26.600s] [ 51%] Building CXX object CMakeFiles/unitree_go__rosidl_typesupport_introspection_cpp.dir/rosidl_typesupport_introspection_cpp/unitree_go/msg/detail/motor_cmds__type_support.cpp.o
[26.853s] [ 51%] Building CXX object CMakeFiles/unitree_go__rosidl_typesupport_cpp.dir/rosidl_typesupport_cpp/unitree_go/msg/low_cmd__type_support.cpp.o
[27.297s] [ 51%] Building CXX object CMakeFiles/unitree_go__rosidl_typesupport_introspection_cpp.dir/rosidl_typesupport_introspection_cpp/unitree_go/msg/detail/motor_state__type_support.cpp.o
[27.465s] [ 51%] Building CXX object CMakeFiles/unitree_go__rosidl_typesupport_cpp.dir/rosidl_typesupport_cpp/unitree_go/msg/interface_config__type_support.cpp.o
[27.518s] [ 51%] Building CXX object CMakeFiles/unitree_go__rosidl_typesupport_fastrtps_cpp.dir/rosidl_typesupport_fastrtps_cpp/unitree_go/msg/detail/dds_fastrtps/imu_state__type_support.cpp.o
[27.938s] [ 52%] Building CXX object CMakeFiles/unitree_go__rosidl_typesupport_introspection_cpp.dir/rosidl_typesupport_introspection_cpp/unitree_go/msg/detail/motor_states__type_support.cpp.o
[28.071s] [ 53%] Building CXX object CMakeFiles/unitree_go__rosidl_typesupport_cpp.dir/rosidl_typesupport_cpp/unitree_go/msg/motor_cmds__type_support.cpp.o
[28.311s] [ 54%] Building CXX object CMakeFiles/unitree_go__rosidl_typesupport_fastrtps_cpp.dir/rosidl_typesupport_fastrtps_cpp/unitree_go/msg/detail/dds_fastrtps/height_map__type_support.cpp.o
[28.514s] [ 54%] Building CXX object CMakeFiles/unitree_go__rosidl_typesupport_cpp.dir/rosidl_typesupport_cpp/unitree_go/msg/motor_state__type_support.cpp.o
[28.632s] [ 54%] Building CXX object CMakeFiles/unitree_go__rosidl_typesupport_introspection_cpp.dir/rosidl_typesupport_introspection_cpp/unitree_go/msg/detail/path_point__type_support.cpp.o
[29.039s] [ 55%] Building CXX object CMakeFiles/unitree_go__rosidl_typesupport_cpp.dir/rosidl_typesupport_cpp/unitree_go/msg/motor_states__type_support.cpp.o
[29.173s] [ 55%] Building CXX object CMakeFiles/unitree_go__rosidl_typesupport_fastrtps_cpp.dir/rosidl_typesupport_fastrtps_cpp/unitree_go/msg/detail/dds_fastrtps/interface_config__type_support.cpp.o
[29.212s] [ 56%] Building CXX object CMakeFiles/unitree_go__rosidl_typesupport_introspection_cpp.dir/rosidl_typesupport_introspection_cpp/unitree_go/msg/detail/req__type_support.cpp.o
[29.515s] [ 56%] Building CXX object CMakeFiles/unitree_go__rosidl_typesupport_cpp.dir/rosidl_typesupport_cpp/unitree_go/msg/path_point__type_support.cpp.o
[29.801s] [ 56%] Building CXX object CMakeFiles/unitree_go__rosidl_typesupport_introspection_cpp.dir/rosidl_typesupport_introspection_cpp/unitree_go/msg/detail/low_state__type_support.cpp.o
[29.987s] [ 57%] Building CXX object CMakeFiles/unitree_go__rosidl_typesupport_cpp.dir/rosidl_typesupport_cpp/unitree_go/msg/req__type_support.cpp.o
[30.024s] [ 58%] Building CXX object CMakeFiles/unitree_go__rosidl_typesupport_fastrtps_cpp.dir/rosidl_typesupport_fastrtps_cpp/unitree_go/msg/detail/dds_fastrtps/low_state__type_support.cpp.o
[30.488s] [ 59%] Building CXX object CMakeFiles/unitree_go__rosidl_typesupport_introspection_cpp.dir/rosidl_typesupport_introspection_cpp/unitree_go/msg/detail/low_cmd__type_support.cpp.o
[30.571s] [ 59%] Building CXX object CMakeFiles/unitree_go__rosidl_typesupport_cpp.dir/rosidl_typesupport_cpp/unitree_go/msg/sport_mode_cmd__type_support.cpp.o
[30.794s] [ 59%] Building CXX object CMakeFiles/unitree_go__rosidl_typesupport_fastrtps_cpp.dir/rosidl_typesupport_fastrtps_cpp/unitree_go/msg/detail/dds_fastrtps/motor_cmd__type_support.cpp.o
[31.136s] [ 60%] Building CXX object CMakeFiles/unitree_go__rosidl_typesupport_cpp.dir/rosidl_typesupport_cpp/unitree_go/msg/sport_mode_state__type_support.cpp.o
[31.172s] [ 60%] Building CXX object CMakeFiles/unitree_go__rosidl_typesupport_introspection_cpp.dir/rosidl_typesupport_introspection_cpp/unitree_go/msg/detail/res__type_support.cpp.o
[31.493s] [ 61%] Building CXX object CMakeFiles/unitree_go__rosidl_typesupport_fastrtps_cpp.dir/rosidl_typesupport_fastrtps_cpp/unitree_go/msg/detail/dds_fastrtps/motor_cmds__type_support.cpp.o
[31.581s] [ 61%] Building CXX object CMakeFiles/unitree_go__rosidl_typesupport_cpp.dir/rosidl_typesupport_cpp/unitree_go/msg/res__type_support.cpp.o
[31.834s] [ 62%] Building CXX object CMakeFiles/unitree_go__rosidl_typesupport_introspection_cpp.dir/rosidl_typesupport_introspection_cpp/unitree_go/msg/detail/sport_mode_cmd__type_support.cpp.o
[32.001s] [ 62%] Building CXX object CMakeFiles/unitree_go__rosidl_typesupport_cpp.dir/rosidl_typesupport_cpp/unitree_go/msg/time_spec__type_support.cpp.o
[32.403s] [ 62%] Building CXX object CMakeFiles/unitree_go__rosidl_typesupport_fastrtps_cpp.dir/rosidl_typesupport_fastrtps_cpp/unitree_go/msg/detail/dds_fastrtps/motor_state__type_support.cpp.o
[32.444s] [ 63%] Building CXX object CMakeFiles/unitree_go__rosidl_typesupport_cpp.dir/rosidl_typesupport_cpp/unitree_go/msg/uwb_state__type_support.cpp.o
[32.468s] [ 63%] Building CXX object CMakeFiles/unitree_go__rosidl_typesupport_introspection_cpp.dir/rosidl_typesupport_introspection_cpp/unitree_go/msg/detail/sport_mode_state__type_support.cpp.o
[33.014s] [ 63%] Building CXX object CMakeFiles/unitree_go__rosidl_typesupport_cpp.dir/rosidl_typesupport_cpp/unitree_go/msg/uwb_switch__type_support.cpp.o
[33.015s] [ 64%] Building CXX object CMakeFiles/unitree_go__rosidl_typesupport_fastrtps_cpp.dir/rosidl_typesupport_fastrtps_cpp/unitree_go/msg/detail/dds_fastrtps/motor_states__type_support.cpp.o
[33.089s] [ 65%] Building CXX object CMakeFiles/unitree_go__rosidl_typesupport_introspection_cpp.dir/rosidl_typesupport_introspection_cpp/unitree_go/msg/detail/time_spec__type_support.cpp.o
[33.569s] [ 66%] Building CXX object CMakeFiles/unitree_go__rosidl_typesupport_cpp.dir/rosidl_typesupport_cpp/unitree_go/msg/wireless_controller__type_support.cpp.o
[33.650s] [ 66%] Building CXX object CMakeFiles/unitree_go__rosidl_typesupport_introspection_cpp.dir/rosidl_typesupport_introspection_cpp/unitree_go/msg/detail/uwb_state__type_support.cpp.o
[33.657s] [ 67%] Building CXX object CMakeFiles/unitree_go__rosidl_typesupport_fastrtps_cpp.dir/rosidl_typesupport_fastrtps_cpp/unitree_go/msg/detail/dds_fastrtps/req__type_support.cpp.o
[34.014s] [ 67%] Building CXX object CMakeFiles/unitree_go__rosidl_typesupport_cpp.dir/rosidl_typesupport_cpp/unitree_go/msg/motor_cmd__type_support.cpp.o
[34.129s] [ 68%] Building CXX object CMakeFiles/unitree_go__rosidl_typesupport_introspection_cpp.dir/rosidl_typesupport_introspection_cpp/unitree_go/msg/detail/uwb_switch__type_support.cpp.o
[34.406s] [ 69%] Building CXX object CMakeFiles/unitree_go__rosidl_typesupport_fastrtps_cpp.dir/rosidl_typesupport_fastrtps_cpp/unitree_go/msg/detail/dds_fastrtps/sport_mode_cmd__type_support.cpp.o
[34.509s] [ 69%] Linking CXX shared library libunitree_go__rosidl_typesupport_cpp.so
[34.609s] [ 69%] Built target unitree_go__rosidl_typesupport_cpp
[34.611s] [ 69%] Building CXX object CMakeFiles/unitree_go__rosidl_typesupport_introspection_cpp.dir/rosidl_typesupport_introspection_cpp/unitree_go/msg/detail/wireless_controller__type_support.cpp.o
[35.053s] [ 70%] Building CXX object CMakeFiles/unitree_go__rosidl_typesupport_fastrtps_cpp.dir/rosidl_typesupport_fastrtps_cpp/unitree_go/msg/detail/dds_fastrtps/time_spec__type_support.cpp.o
[35.183s] [ 71%] Linking CXX shared library libunitree_go__rosidl_typesupport_introspection_cpp.so
[35.325s] [ 71%] Built target unitree_go__rosidl_typesupport_introspection_cpp
[35.626s] [ 71%] Building CXX object CMakeFiles/unitree_go__rosidl_typesupport_fastrtps_cpp.dir/rosidl_typesupport_fastrtps_cpp/unitree_go/msg/detail/dds_fastrtps/uwb_switch__type_support.cpp.o
[36.227s] [ 72%] Building CXX object CMakeFiles/unitree_go__rosidl_typesupport_fastrtps_cpp.dir/rosidl_typesupport_fastrtps_cpp/unitree_go/msg/detail/dds_fastrtps/wireless_controller__type_support.cpp.o
[36.756s] [ 72%] Building CXX object CMakeFiles/unitree_go__rosidl_typesupport_fastrtps_cpp.dir/rosidl_typesupport_fastrtps_cpp/unitree_go/msg/detail/dds_fastrtps/uwb_state__type_support.cpp.o
[37.375s] [ 72%] Building CXX object CMakeFiles/unitree_go__rosidl_typesupport_fastrtps_cpp.dir/rosidl_typesupport_fastrtps_cpp/unitree_go/msg/detail/dds_fastrtps/sport_mode_state__type_support.cpp.o
[37.968s] [ 72%] Building CXX object CMakeFiles/unitree_go__rosidl_typesupport_fastrtps_cpp.dir/rosidl_typesupport_fastrtps_cpp/unitree_go/msg/detail/dds_fastrtps/path_point__type_support.cpp.o
[37.968s] [ 72%] Building CXX object CMakeFiles/unitree_go__rosidl_typesupport_fastrtps_cpp.dir/rosidl_typesupport_fastrtps_cpp/unitree_go/msg/detail/dds_fastrtps/res__type_support.cpp.o
[38.524s] [ 72%] Building CXX object CMakeFiles/unitree_go__rosidl_typesupport_fastrtps_cpp.dir/rosidl_typesupport_fastrtps_cpp/unitree_go/msg/detail/dds_fastrtps/low_cmd__type_support.cpp.o
[38.844s] [ 73%] Building CXX object CMakeFiles/unitree_go__rosidl_typesupport_fastrtps_cpp.dir/rosidl_typesupport_fastrtps_cpp/unitree_go/msg/detail/dds_fastrtps/lidar_state__type_support.cpp.o
[39.405s] [ 73%] Linking CXX shared library libunitree_go__rosidl_typesupport_fastrtps_cpp.so
[39.558s] [ 73%] Built target unitree_go__rosidl_typesupport_fastrtps_cpp
[39.573s] [ 74%] Generating C type support for eProsima Fast-RTPS
[41.775s] Scanning dependencies of target unitree_go__rosidl_typesupport_fastrtps_c
[41.793s] [ 74%] Building CXX object CMakeFiles/unitree_go__rosidl_typesupport_fastrtps_c.dir/rosidl_typesupport_fastrtps_c/unitree_go/msg/detail/audio_data__type_support_c.cpp.o
[41.794s] [ 75%] Building CXX object CMakeFiles/unitree_go__rosidl_typesupport_fastrtps_c.dir/rosidl_typesupport_fastrtps_c/unitree_go/msg/detail/bms_cmd__type_support_c.cpp.o
[42.236s] [ 75%] Building CXX object CMakeFiles/unitree_go__rosidl_typesupport_fastrtps_c.dir/rosidl_typesupport_fastrtps_c/unitree_go/msg/detail/interface_config__type_support_c.cpp.o
[42.246s] [ 76%] Building CXX object CMakeFiles/unitree_go__rosidl_typesupport_fastrtps_c.dir/rosidl_typesupport_fastrtps_c/unitree_go/msg/detail/lidar_state__type_support_c.cpp.o
[42.686s] [ 76%] Building CXX object CMakeFiles/unitree_go__rosidl_typesupport_fastrtps_c.dir/rosidl_typesupport_fastrtps_c/unitree_go/msg/detail/low_cmd__type_support_c.cpp.o
[42.690s] [ 76%] Building CXX object CMakeFiles/unitree_go__rosidl_typesupport_fastrtps_c.dir/rosidl_typesupport_fastrtps_c/unitree_go/msg/detail/imu_state__type_support_c.cpp.o
[42.733s] [ 77%] Building CXX object CMakeFiles/unitree_go__rosidl_typesupport_fastrtps_c.dir/rosidl_typesupport_fastrtps_c/unitree_go/msg/detail/low_state__type_support_c.cpp.o
[43.153s] [ 77%] Building CXX object CMakeFiles/unitree_go__rosidl_typesupport_fastrtps_c.dir/rosidl_typesupport_fastrtps_c/unitree_go/msg/detail/motor_cmd__type_support_c.cpp.o
[43.415s] [ 78%] Building CXX object CMakeFiles/unitree_go__rosidl_typesupport_fastrtps_c.dir/rosidl_typesupport_fastrtps_c/unitree_go/msg/detail/motor_cmds__type_support_c.cpp.o
[43.477s] [ 78%] Building CXX object CMakeFiles/unitree_go__rosidl_typesupport_fastrtps_c.dir/rosidl_typesupport_fastrtps_c/unitree_go/msg/detail/motor_state__type_support_c.cpp.o
[43.648s] [ 79%] Building CXX object CMakeFiles/unitree_go__rosidl_typesupport_fastrtps_c.dir/rosidl_typesupport_fastrtps_c/unitree_go/msg/detail/height_map__type_support_c.cpp.o
[43.650s] [ 80%] Building CXX object CMakeFiles/unitree_go__rosidl_typesupport_fastrtps_c.dir/rosidl_typesupport_fastrtps_c/unitree_go/msg/detail/motor_states__type_support_c.cpp.o
[43.974s] [ 80%] Building CXX object CMakeFiles/unitree_go__rosidl_typesupport_fastrtps_c.dir/rosidl_typesupport_fastrtps_c/unitree_go/msg/detail/path_point__type_support_c.cpp.o
[44.083s] [ 81%] Building CXX object CMakeFiles/unitree_go__rosidl_typesupport_fastrtps_c.dir/rosidl_typesupport_fastrtps_c/unitree_go/msg/detail/req__type_support_c.cpp.o
[44.378s] [ 81%] Building CXX object CMakeFiles/unitree_go__rosidl_typesupport_fastrtps_c.dir/rosidl_typesupport_fastrtps_c/unitree_go/msg/detail/res__type_support_c.cpp.o
[44.383s] [ 82%] Building CXX object CMakeFiles/unitree_go__rosidl_typesupport_fastrtps_c.dir/rosidl_typesupport_fastrtps_c/unitree_go/msg/detail/sport_mode_cmd__type_support_c.cpp.o
[44.678s] [ 82%] Building CXX object CMakeFiles/unitree_go__rosidl_typesupport_fastrtps_c.dir/rosidl_typesupport_fastrtps_c/unitree_go/msg/detail/sport_mode_state__type_support_c.cpp.o
[44.688s] [ 82%] Building CXX object CMakeFiles/unitree_go__rosidl_typesupport_fastrtps_c.dir/rosidl_typesupport_fastrtps_c/unitree_go/msg/detail/go2_front_video_data__type_support_c.cpp.o
[44.850s] [ 83%] Building CXX object CMakeFiles/unitree_go__rosidl_typesupport_fastrtps_c.dir/rosidl_typesupport_fastrtps_c/unitree_go/msg/detail/time_spec__type_support_c.cpp.o
[45.016s] [ 83%] Building CXX object CMakeFiles/unitree_go__rosidl_typesupport_fastrtps_c.dir/rosidl_typesupport_fastrtps_c/unitree_go/msg/detail/uwb_state__type_support_c.cpp.o
[45.081s] [ 83%] Building CXX object CMakeFiles/unitree_go__rosidl_typesupport_fastrtps_c.dir/rosidl_typesupport_fastrtps_c/unitree_go/msg/detail/uwb_switch__type_support_c.cpp.o
[45.437s] [ 84%] Building CXX object CMakeFiles/unitree_go__rosidl_typesupport_fastrtps_c.dir/rosidl_typesupport_fastrtps_c/unitree_go/msg/detail/wireless_controller__type_support_c.cpp.o
[45.465s] [ 85%] Building CXX object CMakeFiles/unitree_go__rosidl_typesupport_fastrtps_c.dir/rosidl_typesupport_fastrtps_c/unitree_go/msg/detail/error__type_support_c.cpp.o
[45.469s] [ 85%] Building CXX object CMakeFiles/unitree_go__rosidl_typesupport_fastrtps_c.dir/rosidl_typesupport_fastrtps_c/unitree_go/msg/detail/bms_state__type_support_c.cpp.o
[46.175s] [ 85%] Linking CXX shared library libunitree_go__rosidl_typesupport_fastrtps_c.so
[46.313s] [ 85%] Built target unitree_go__rosidl_typesupport_fastrtps_c
[46.325s] Scanning dependencies of target unitree_go
[46.338s] [ 85%] Built target unitree_go
[46.353s] Scanning dependencies of target unitree_go__py
[46.368s] [ 85%] Generating Python code for ROS interfaces
[50.598s] [ 85%] Built target unitree_go__py
[50.664s] Scanning dependencies of target unitree_go__python
[50.687s] [ 86%] Building C object CMakeFiles/unitree_go__python.dir/rosidl_generator_py/unitree_go/msg/_bms_state_s.c.o
[50.688s] [ 86%] Building C object CMakeFiles/unitree_go__python.dir/rosidl_generator_py/unitree_go/msg/_error_s.c.o
[50.689s] [ 87%] Building C object CMakeFiles/unitree_go__python.dir/rosidl_generator_py/unitree_go/msg/_audio_data_s.c.o
[50.689s] [ 87%] Building C object CMakeFiles/unitree_go__python.dir/rosidl_generator_py/unitree_go/msg/_bms_cmd_s.c.o
[50.824s] [ 87%] Building C object CMakeFiles/unitree_go__python.dir/rosidl_generator_py/unitree_go/msg/_interface_config_s.c.o
[50.876s] [ 88%] Building C object CMakeFiles/unitree_go__python.dir/rosidl_generator_py/unitree_go/msg/_lidar_state_s.c.o
[50.887s] [ 88%] Building C object CMakeFiles/unitree_go__python.dir/rosidl_generator_py/unitree_go/msg/_low_cmd_s.c.o
[50.901s] [ 89%] Building C object CMakeFiles/unitree_go__python.dir/rosidl_generator_py/unitree_go/msg/_low_state_s.c.o
[51.000s] [ 89%] Building C object CMakeFiles/unitree_go__python.dir/rosidl_generator_py/unitree_go/msg/_motor_cmd_s.c.o
[51.101s] [ 89%] Building C object CMakeFiles/unitree_go__python.dir/rosidl_generator_py/unitree_go/msg/_motor_cmds_s.c.o
[51.104s] [ 90%] Building C object CMakeFiles/unitree_go__python.dir/rosidl_generator_py/unitree_go/msg/_motor_state_s.c.o
[51.119s] [ 90%] Building C object CMakeFiles/unitree_go__python.dir/rosidl_generator_py/unitree_go/msg/_motor_states_s.c.o
[51.168s] [ 91%] Building C object CMakeFiles/unitree_go__python.dir/rosidl_generator_py/unitree_go/msg/_path_point_s.c.o
[51.291s] [ 91%] Building C object CMakeFiles/unitree_go__python.dir/rosidl_generator_py/unitree_go/msg/_req_s.c.o
[51.297s] [ 92%] Building C object CMakeFiles/unitree_go__python.dir/rosidl_generator_py/unitree_go/msg/_res_s.c.o
[51.310s] [ 92%] Building C object CMakeFiles/unitree_go__python.dir/rosidl_generator_py/unitree_go/msg/_sport_mode_cmd_s.c.o
[51.313s] [ 93%] Building C object CMakeFiles/unitree_go__python.dir/rosidl_generator_py/unitree_go/msg/_sport_mode_state_s.c.o
[51.468s] [ 93%] Building C object CMakeFiles/unitree_go__python.dir/rosidl_generator_py/unitree_go/msg/_time_spec_s.c.o
[51.489s] [ 94%] Building C object CMakeFiles/unitree_go__python.dir/rosidl_generator_py/unitree_go/msg/_uwb_state_s.c.o
[51.524s] [ 94%] Building C object CMakeFiles/unitree_go__python.dir/rosidl_generator_py/unitree_go/msg/_uwb_switch_s.c.o
[51.558s] [ 95%] Building C object CMakeFiles/unitree_go__python.dir/rosidl_generator_py/unitree_go/msg/_wireless_controller_s.c.o
[51.647s] [ 95%] Building C object CMakeFiles/unitree_go__python.dir/rosidl_generator_py/unitree_go/msg/_height_map_s.c.o
[51.648s] [ 96%] Building C object CMakeFiles/unitree_go__python.dir/rosidl_generator_py/unitree_go/msg/_imu_state_s.c.o
[51.661s] [ 97%] Building C object CMakeFiles/unitree_go__python.dir/rosidl_generator_py/unitree_go/msg/_go2_front_video_data_s.c.o
[51.857s] [ 97%] Linking C shared library rosidl_generator_py/unitree_go/libunitree_go__python.so
[51.941s] [ 97%] Built target unitree_go__python
[51.967s] Scanning dependencies of target unitree_go__rosidl_typesupport_introspection_c__pyext
[51.968s] Scanning dependencies of target unitree_go__rosidl_typesupport_c__pyext
[51.982s] Scanning dependencies of target unitree_go__rosidl_typesupport_fastrtps_c__pyext
[51.987s] [ 98%] Building C object CMakeFiles/unitree_go__rosidl_typesupport_introspection_c__pyext.dir/rosidl_generator_py/unitree_go/_unitree_go_s.ep.rosidl_typesupport_introspection_c.c.o
[51.989s] [ 99%] Building C object CMakeFiles/unitree_go__rosidl_typesupport_c__pyext.dir/rosidl_generator_py/unitree_go/_unitree_go_s.ep.rosidl_typesupport_c.c.o
[52.002s] [100%] Building C object CMakeFiles/unitree_go__rosidl_typesupport_fastrtps_c__pyext.dir/rosidl_generator_py/unitree_go/_unitree_go_s.ep.rosidl_typesupport_fastrtps_c.c.o
[52.206s] [100%] Linking CXX shared library rosidl_generator_py/unitree_go/unitree_go_s__rosidl_typesupport_fastrtps_c.cpython-38-x86_64-linux-gnu.so
[52.293s] [100%] Linking C shared library rosidl_generator_py/unitree_go/unitree_go_s__rosidl_typesupport_introspection_c.cpython-38-x86_64-linux-gnu.so
[52.304s] [100%] Built target unitree_go__rosidl_typesupport_fastrtps_c__pyext
[52.309s] [100%] Linking C shared library rosidl_generator_py/unitree_go/unitree_go_s__rosidl_typesupport_c.cpython-38-x86_64-linux-gnu.so
[52.351s] [100%] Built target unitree_go__rosidl_typesupport_introspection_c__pyext
[52.363s] [100%] Built target unitree_go__rosidl_typesupport_c__pyext
[52.380s] Invoked command in '/home/alireza/thesis1/navigation_go2/go2_ws/build/unitree_go' returned '0': CMAKE_PREFIX_PATH=/opt/ros/foxy /usr/bin/cmake --build /home/alireza/thesis1/navigation_go2/go2_ws/build/unitree_go -- -j8 -l8
[52.384s] Invoking command in '/home/alireza/thesis1/navigation_go2/go2_ws/build/unitree_go': CMAKE_PREFIX_PATH=/opt/ros/foxy /usr/bin/cmake --install /home/alireza/thesis1/navigation_go2/go2_ws/build/unitree_go
[52.395s] -- Install configuration: ""
[52.396s] -- Installing: /home/alireza/thesis1/navigation_go2/go2_ws/install/unitree_go/share/ament_index/resource_index/rosidl_interfaces/unitree_go
[52.396s] -- Installing: /home/alireza/thesis1/navigation_go2/go2_ws/install/unitree_go/include/unitree_go
[52.397s] -- Installing: /home/alireza/thesis1/navigation_go2/go2_ws/install/unitree_go/include/unitree_go/msg
[52.397s] -- Installing: /home/alireza/thesis1/navigation_go2/go2_ws/install/unitree_go/include/unitree_go/msg/motor_state.h
[52.398s] -- Installing: /home/alireza/thesis1/navigation_go2/go2_ws/install/unitree_go/include/unitree_go/msg/motor_states.h
[52.398s] -- Installing: /home/alireza/thesis1/navigation_go2/go2_ws/install/unitree_go/include/unitree_go/msg/sport_mode_cmd.h
[52.398s] -- Installing: /home/alireza/thesis1/navigation_go2/go2_ws/install/unitree_go/include/unitree_go/msg/wireless_controller.h
[52.399s] -- Installing: /home/alireza/thesis1/navigation_go2/go2_ws/install/unitree_go/include/unitree_go/msg/audio_data.h
[52.399s] -- Installing: /home/alireza/thesis1/navigation_go2/go2_ws/install/unitree_go/include/unitree_go/msg/bms_state.h
[52.399s] -- Installing: /home/alireza/thesis1/navigation_go2/go2_ws/install/unitree_go/include/unitree_go/msg/go2_front_video_data.h
[52.400s] -- Installing: /home/alireza/thesis1/navigation_go2/go2_ws/install/unitree_go/include/unitree_go/msg/path_point.h
[52.400s] -- Installing: /home/alireza/thesis1/navigation_go2/go2_ws/install/unitree_go/include/unitree_go/msg/motor_cmd.h
[52.401s] -- Installing: /home/alireza/thesis1/navigation_go2/go2_ws/install/unitree_go/include/unitree_go/msg/height_map.h
[52.401s] -- Installing: /home/alireza/thesis1/navigation_go2/go2_ws/install/unitree_go/include/unitree_go/msg/res.h
[52.402s] -- Installing: /home/alireza/thesis1/navigation_go2/go2_ws/install/unitree_go/include/unitree_go/msg/imu_state.h
[52.402s] -- Installing: /home/alireza/thesis1/navigation_go2/go2_ws/install/unitree_go/include/unitree_go/msg/low_state.h
[52.402s] -- Installing: /home/alireza/thesis1/navigation_go2/go2_ws/install/unitree_go/include/unitree_go/msg/detail
[52.402s] -- Installing: /home/alireza/thesis1/navigation_go2/go2_ws/install/unitree_go/include/unitree_go/msg/detail/imu_state__struct.h
[52.402s] -- Installing: /home/alireza/thesis1/navigation_go2/go2_ws/install/unitree_go/include/unitree_go/msg/detail/audio_data__type_support.h
[52.402s] -- Installing: /home/alireza/thesis1/navigation_go2/go2_ws/install/unitree_go/include/unitree_go/msg/detail/wireless_controller__struct.h
[52.402s] -- Installing: /home/alireza/thesis1/navigation_go2/go2_ws/install/unitree_go/include/unitree_go/msg/detail/sport_mode_cmd__functions.c
[52.402s] -- Installing: /home/alireza/thesis1/navigation_go2/go2_ws/install/unitree_go/include/unitree_go/msg/detail/motor_state__functions.h
[52.403s] -- Installing: /home/alireza/thesis1/navigation_go2/go2_ws/install/unitree_go/include/unitree_go/msg/detail/audio_data__functions.c
[52.403s] -- Installing: /home/alireza/thesis1/navigation_go2/go2_ws/install/unitree_go/include/unitree_go/msg/detail/height_map__functions.c
[52.403s] -- Installing: /home/alireza/thesis1/navigation_go2/go2_ws/install/unitree_go/include/unitree_go/msg/detail/res__functions.c
[52.403s] -- Installing: /home/alireza/thesis1/navigation_go2/go2_ws/install/unitree_go/include/unitree_go/msg/detail/bms_state__functions.h
[52.403s] -- Installing: /home/alireza/thesis1/navigation_go2/go2_ws/install/unitree_go/include/unitree_go/msg/detail/time_spec__functions.h
[52.403s] -- Installing: /home/alireza/thesis1/navigation_go2/go2_ws/install/unitree_go/include/unitree_go/msg/detail/path_point__functions.h
[52.403s] -- Installing: /home/alireza/thesis1/navigation_go2/go2_ws/install/unitree_go/include/unitree_go/msg/detail/bms_state__functions.c
[52.403s] -- Installing: /home/alireza/thesis1/navigation_go2/go2_ws/install/unitree_go/include/unitree_go/msg/detail/sport_mode_state__functions.c
[52.404s] -- Installing: /home/alireza/thesis1/navigation_go2/go2_ws/install/unitree_go/include/unitree_go/msg/detail/interface_config__struct.h
[52.404s] -- Installing: /home/alireza/thesis1/navigation_go2/go2_ws/install/unitree_go/include/unitree_go/msg/detail/res__struct.h
[52.404s] -- Installing: /home/alireza/thesis1/navigation_go2/go2_ws/install/unitree_go/include/unitree_go/msg/detail/error__struct.h
[52.404s] -- Installing: /home/alireza/thesis1/navigation_go2/go2_ws/install/unitree_go/include/unitree_go/msg/detail/bms_cmd__struct.h
[52.404s] -- Installing: /home/alireza/thesis1/navigation_go2/go2_ws/install/unitree_go/include/unitree_go/msg/detail/motor_state__struct.h
[52.404s] -- Installing: /home/alireza/thesis1/navigation_go2/go2_ws/install/unitree_go/include/unitree_go/msg/detail/motor_cmd__functions.c
[52.405s] -- Installing: /home/alireza/thesis1/navigation_go2/go2_ws/install/unitree_go/include/unitree_go/msg/detail/audio_data__functions.h
[52.405s] -- Installing: /home/alireza/thesis1/navigation_go2/go2_ws/install/unitree_go/include/unitree_go/msg/detail/motor_cmds__type_support.h
[52.405s] -- Installing: /home/alireza/thesis1/navigation_go2/go2_ws/install/unitree_go/include/unitree_go/msg/detail/motor_state__type_support.h
[52.405s] -- Installing: /home/alireza/thesis1/navigation_go2/go2_ws/install/unitree_go/include/unitree_go/msg/detail/low_cmd__functions.c
[52.405s] -- Installing: /home/alireza/thesis1/navigation_go2/go2_ws/install/unitree_go/include/unitree_go/msg/detail/uwb_state__functions.h
[52.405s] -- Installing: /home/alireza/thesis1/navigation_go2/go2_ws/install/unitree_go/include/unitree_go/msg/detail/req__functions.c
[52.405s] -- Installing: /home/alireza/thesis1/navigation_go2/go2_ws/install/unitree_go/include/unitree_go/msg/detail/uwb_switch__type_support.h
[52.405s] -- Installing: /home/alireza/thesis1/navigation_go2/go2_ws/install/unitree_go/include/unitree_go/msg/detail/height_map__functions.h
[52.406s] -- Installing: /home/alireza/thesis1/navigation_go2/go2_ws/install/unitree_go/include/unitree_go/msg/detail/motor_cmd__struct.h
[52.406s] -- Installing: /home/alireza/thesis1/navigation_go2/go2_ws/install/unitree_go/include/unitree_go/msg/detail/time_spec__struct.h
[52.406s] -- Installing: /home/alireza/thesis1/navigation_go2/go2_ws/install/unitree_go/include/unitree_go/msg/detail/low_state__functions.c
[52.406s] -- Installing: /home/alireza/thesis1/navigation_go2/go2_ws/install/unitree_go/include/unitree_go/msg/detail/wireless_controller__functions.h
[52.407s] -- Installing: /home/alireza/thesis1/navigation_go2/go2_ws/install/unitree_go/include/unitree_go/msg/detail/wireless_controller__functions.c
[52.407s] -- Installing: /home/alireza/thesis1/navigation_go2/go2_ws/install/unitree_go/include/unitree_go/msg/detail/sport_mode_state__functions.h
[52.407s] -- Installing: /home/alireza/thesis1/navigation_go2/go2_ws/install/unitree_go/include/unitree_go/msg/detail/motor_cmds__functions.c
[52.407s] -- Installing: /home/alireza/thesis1/navigation_go2/go2_ws/install/unitree_go/include/unitree_go/msg/detail/sport_mode_state__struct.h
[52.407s] -- Installing: /home/alireza/thesis1/navigation_go2/go2_ws/install/unitree_go/include/unitree_go/msg/detail/lidar_state__type_support.h
[52.407s] -- Installing: /home/alireza/thesis1/navigation_go2/go2_ws/install/unitree_go/include/unitree_go/msg/detail/go2_front_video_data__functions.h
[52.407s] -- Installing: /home/alireza/thesis1/navigation_go2/go2_ws/install/unitree_go/include/unitree_go/msg/detail/error__type_support.h
[52.408s] -- Installing: /home/alireza/thesis1/navigation_go2/go2_ws/install/unitree_go/include/unitree_go/msg/detail/motor_cmds__struct.h
[52.408s] -- Installing: /home/alireza/thesis1/navigation_go2/go2_ws/install/unitree_go/include/unitree_go/msg/detail/motor_cmd__functions.h
[52.408s] -- Installing: /home/alireza/thesis1/navigation_go2/go2_ws/install/unitree_go/include/unitree_go/msg/detail/uwb_switch__functions.h
[52.408s] -- Installing: /home/alireza/thesis1/navigation_go2/go2_ws/install/unitree_go/include/unitree_go/msg/detail/path_point__struct.h
[52.408s] -- Installing: /home/alireza/thesis1/navigation_go2/go2_ws/install/unitree_go/include/unitree_go/msg/detail/res__functions.h
[52.408s] -- Installing: /home/alireza/thesis1/navigation_go2/go2_ws/install/unitree_go/include/unitree_go/msg/detail/low_state__functions.h
[52.408s] -- Installing: /home/alireza/thesis1/navigation_go2/go2_ws/install/unitree_go/include/unitree_go/msg/detail/imu_state__functions.h
[52.408s] -- Installing: /home/alireza/thesis1/navigation_go2/go2_ws/install/unitree_go/include/unitree_go/msg/detail/sport_mode_cmd__functions.h
[52.408s] -- Installing: /home/alireza/thesis1/navigation_go2/go2_ws/install/unitree_go/include/unitree_go/msg/detail/bms_state__type_support.h
[52.409s] -- Installing: /home/alireza/thesis1/navigation_go2/go2_ws/install/unitree_go/include/unitree_go/msg/detail/path_point__type_support.h
[52.409s] -- Installing: /home/alireza/thesis1/navigation_go2/go2_ws/install/unitree_go/include/unitree_go/msg/detail/time_spec__functions.c
[52.409s] -- Installing: /home/alireza/thesis1/navigation_go2/go2_ws/install/unitree_go/include/unitree_go/msg/detail/lidar_state__struct.h
[52.409s] -- Installing: /home/alireza/thesis1/navigation_go2/go2_ws/install/unitree_go/include/unitree_go/msg/detail/go2_front_video_data__struct.h
[52.409s] -- Installing: /home/alireza/thesis1/navigation_go2/go2_ws/install/unitree_go/include/unitree_go/msg/detail/motor_states__functions.c
[52.409s] -- Installing: /home/alireza/thesis1/navigation_go2/go2_ws/install/unitree_go/include/unitree_go/msg/detail/uwb_switch__struct.h
[52.409s] -- Installing: /home/alireza/thesis1/navigation_go2/go2_ws/install/unitree_go/include/unitree_go/msg/detail/req__struct.h
[52.409s] -- Installing: /home/alireza/thesis1/navigation_go2/go2_ws/install/unitree_go/include/unitree_go/msg/detail/imu_state__functions.c
[52.410s] -- Installing: /home/alireza/thesis1/navigation_go2/go2_ws/install/unitree_go/include/unitree_go/msg/detail/lidar_state__functions.h
[52.410s] -- Installing: /home/alireza/thesis1/navigation_go2/go2_ws/install/unitree_go/include/unitree_go/msg/detail/lidar_state__functions.c
[52.410s] -- Installing: /home/alireza/thesis1/navigation_go2/go2_ws/install/unitree_go/include/unitree_go/msg/detail/req__type_support.h
[52.410s] -- Installing: /home/alireza/thesis1/navigation_go2/go2_ws/install/unitree_go/include/unitree_go/msg/detail/sport_mode_cmd__type_support.h
[52.411s] -- Installing: /home/alireza/thesis1/navigation_go2/go2_ws/install/unitree_go/include/unitree_go/msg/detail/sport_mode_cmd__struct.h
[52.411s] -- Installing: /home/alireza/thesis1/navigation_go2/go2_ws/install/unitree_go/include/unitree_go/msg/detail/height_map__type_support.h
[52.411s] -- Installing: /home/alireza/thesis1/navigation_go2/go2_ws/install/unitree_go/include/unitree_go/msg/detail/error__functions.c
[52.411s] -- Installing: /home/alireza/thesis1/navigation_go2/go2_ws/install/unitree_go/include/unitree_go/msg/detail/audio_data__struct.h
[52.411s] -- Installing: /home/alireza/thesis1/navigation_go2/go2_ws/install/unitree_go/include/unitree_go/msg/detail/uwb_state__struct.h
[52.411s] -- Installing: /home/alireza/thesis1/navigation_go2/go2_ws/install/unitree_go/include/unitree_go/msg/detail/uwb_state__type_support.h
[52.411s] -- Installing: /home/alireza/thesis1/navigation_go2/go2_ws/install/unitree_go/include/unitree_go/msg/detail/imu_state__type_support.h
[52.411s] -- Installing: /home/alireza/thesis1/navigation_go2/go2_ws/install/unitree_go/include/unitree_go/msg/detail/motor_states__type_support.h
[52.412s] -- Installing: /home/alireza/thesis1/navigation_go2/go2_ws/install/unitree_go/include/unitree_go/msg/detail/interface_config__type_support.h
[52.412s] -- Installing: /home/alireza/thesis1/navigation_go2/go2_ws/install/unitree_go/include/unitree_go/msg/detail/time_spec__type_support.h
[52.412s] -- Installing: /home/alireza/thesis1/navigation_go2/go2_ws/install/unitree_go/include/unitree_go/msg/detail/uwb_switch__functions.c
[52.412s] -- Installing: /home/alireza/thesis1/navigation_go2/go2_ws/install/unitree_go/include/unitree_go/msg/detail/req__functions.h
[52.412s] -- Installing: /home/alireza/thesis1/navigation_go2/go2_ws/install/unitree_go/include/unitree_go/msg/detail/motor_cmd__type_support.h
[52.412s] -- Installing: /home/alireza/thesis1/navigation_go2/go2_ws/install/unitree_go/include/unitree_go/msg/detail/low_cmd__type_support.h
[52.412s] -- Installing: /home/alireza/thesis1/navigation_go2/go2_ws/install/unitree_go/include/unitree_go/msg/detail/go2_front_video_data__type_support.h
[52.412s] -- Installing: /home/alireza/thesis1/navigation_go2/go2_ws/install/unitree_go/include/unitree_go/msg/detail/motor_cmds__functions.h
[52.412s] -- Installing: /home/alireza/thesis1/navigation_go2/go2_ws/install/unitree_go/include/unitree_go/msg/detail/bms_state__struct.h
[52.412s] -- Installing: /home/alireza/thesis1/navigation_go2/go2_ws/install/unitree_go/include/unitree_go/msg/detail/height_map__struct.h
[52.412s] -- Installing: /home/alireza/thesis1/navigation_go2/go2_ws/install/unitree_go/include/unitree_go/msg/detail/low_cmd__struct.h
[52.413s] -- Installing: /home/alireza/thesis1/navigation_go2/go2_ws/install/unitree_go/include/unitree_go/msg/detail/low_state__struct.h
[52.413s] -- Installing: /home/alireza/thesis1/navigation_go2/go2_ws/install/unitree_go/include/unitree_go/msg/detail/bms_cmd__functions.c
[52.413s] -- Installing: /home/alireza/thesis1/navigation_go2/go2_ws/install/unitree_go/include/unitree_go/msg/detail/go2_front_video_data__functions.c
[52.413s] -- Installing: /home/alireza/thesis1/navigation_go2/go2_ws/install/unitree_go/include/unitree_go/msg/detail/motor_states__functions.h
[52.413s] -- Installing: /home/alireza/thesis1/navigation_go2/go2_ws/install/unitree_go/include/unitree_go/msg/detail/path_point__functions.c
[52.413s] -- Installing: /home/alireza/thesis1/navigation_go2/go2_ws/install/unitree_go/include/unitree_go/msg/detail/error__functions.h
[52.414s] -- Installing: /home/alireza/thesis1/navigation_go2/go2_ws/install/unitree_go/include/unitree_go/msg/detail/low_cmd__functions.h
[52.414s] -- Installing: /home/alireza/thesis1/navigation_go2/go2_ws/install/unitree_go/include/unitree_go/msg/detail/wireless_controller__type_support.h
[52.414s] -- Installing: /home/alireza/thesis1/navigation_go2/go2_ws/install/unitree_go/include/unitree_go/msg/detail/bms_cmd__functions.h
[52.414s] -- Installing: /home/alireza/thesis1/navigation_go2/go2_ws/install/unitree_go/include/unitree_go/msg/detail/bms_cmd__type_support.h
[52.414s] -- Installing: /home/alireza/thesis1/navigation_go2/go2_ws/install/unitree_go/include/unitree_go/msg/detail/uwb_state__functions.c
[52.414s] -- Installing: /home/alireza/thesis1/navigation_go2/go2_ws/install/unitree_go/include/unitree_go/msg/detail/interface_config__functions.h
[52.414s] -- Installing: /home/alireza/thesis1/navigation_go2/go2_ws/install/unitree_go/include/unitree_go/msg/detail/res__type_support.h
[52.414s] -- Installing: /home/alireza/thesis1/navigation_go2/go2_ws/install/unitree_go/include/unitree_go/msg/detail/motor_states__struct.h
[52.414s] -- Installing: /home/alireza/thesis1/navigation_go2/go2_ws/install/unitree_go/include/unitree_go/msg/detail/motor_state__functions.c
[52.415s] -- Installing: /home/alireza/thesis1/navigation_go2/go2_ws/install/unitree_go/include/unitree_go/msg/detail/sport_mode_state__type_support.h
[52.415s] -- Installing: /home/alireza/thesis1/navigation_go2/go2_ws/install/unitree_go/include/unitree_go/msg/detail/low_state__type_support.h
[52.415s] -- Installing: /home/alireza/thesis1/navigation_go2/go2_ws/install/unitree_go/include/unitree_go/msg/detail/interface_config__functions.c
[52.416s] -- Installing: /home/alireza/thesis1/navigation_go2/go2_ws/install/unitree_go/include/unitree_go/msg/time_spec.h
[52.416s] -- Installing: /home/alireza/thesis1/navigation_go2/go2_ws/install/unitree_go/include/unitree_go/msg/bms_cmd.h
[52.416s] -- Installing: /home/alireza/thesis1/navigation_go2/go2_ws/install/unitree_go/include/unitree_go/msg/error.h
[52.416s] -- Installing: /home/alireza/thesis1/navigation_go2/go2_ws/install/unitree_go/include/unitree_go/msg/req.h
[52.416s] -- Installing: /home/alireza/thesis1/navigation_go2/go2_ws/install/unitree_go/include/unitree_go/msg/low_cmd.h
[52.416s] -- Installing: /home/alireza/thesis1/navigation_go2/go2_ws/install/unitree_go/include/unitree_go/msg/motor_cmds.h
[52.416s] -- Installing: /home/alireza/thesis1/navigation_go2/go2_ws/install/unitree_go/include/unitree_go/msg/rosidl_generator_c__visibility_control.h
[52.416s] -- Installing: /home/alireza/thesis1/navigation_go2/go2_ws/install/unitree_go/include/unitree_go/msg/uwb_switch.h
[52.416s] -- Installing: /home/alireza/thesis1/navigation_go2/go2_ws/install/unitree_go/include/unitree_go/msg/interface_config.h
[52.417s] -- Installing: /home/alireza/thesis1/navigation_go2/go2_ws/install/unitree_go/include/unitree_go/msg/sport_mode_state.h
[52.417s] -- Installing: /home/alireza/thesis1/navigation_go2/go2_ws/install/unitree_go/include/unitree_go/msg/lidar_state.h
[52.417s] -- Installing: /home/alireza/thesis1/navigation_go2/go2_ws/install/unitree_go/include/unitree_go/msg/uwb_state.h
[52.418s] -- Installing: /home/alireza/thesis1/navigation_go2/go2_ws/install/unitree_go/share/unitree_go/environment/library_path.sh
[52.418s] -- Installing: /home/alireza/thesis1/navigation_go2/go2_ws/install/unitree_go/share/unitree_go/environment/library_path.dsv
[52.418s] -- Installing: /home/alireza/thesis1/navigation_go2/go2_ws/install/unitree_go/lib/libunitree_go__rosidl_generator_c.so
[52.419s] -- Set runtime path of "/home/alireza/thesis1/navigation_go2/go2_ws/install/unitree_go/lib/libunitree_go__rosidl_generator_c.so" to ""
[52.419s] -- Up-to-date: /home/alireza/thesis1/navigation_go2/go2_ws/install/unitree_go/include/unitree_go
[52.419s] -- Up-to-date: /home/alireza/thesis1/navigation_go2/go2_ws/install/unitree_go/include/unitree_go/msg
[52.419s] -- Up-to-date: /home/alireza/thesis1/navigation_go2/go2_ws/install/unitree_go/include/unitree_go/msg/detail
[52.419s] -- Installing: /home/alireza/thesis1/navigation_go2/go2_ws/install/unitree_go/include/unitree_go/msg/detail/error__rosidl_typesupport_fastrtps_c.h
[52.420s] -- Installing: /home/alireza/thesis1/navigation_go2/go2_ws/install/unitree_go/include/unitree_go/msg/detail/uwb_state__rosidl_typesupport_fastrtps_c.h
[52.420s] -- Installing: /home/alireza/thesis1/navigation_go2/go2_ws/install/unitree_go/include/unitree_go/msg/detail/sport_mode_state__rosidl_typesupport_fastrtps_c.h
[52.420s] -- Installing: /home/alireza/thesis1/navigation_go2/go2_ws/install/unitree_go/include/unitree_go/msg/detail/height_map__rosidl_typesupport_fastrtps_c.h
[52.420s] -- Installing: /home/alireza/thesis1/navigation_go2/go2_ws/install/unitree_go/include/unitree_go/msg/detail/imu_state__rosidl_typesupport_fastrtps_c.h
[52.420s] -- Installing: /home/alireza/thesis1/navigation_go2/go2_ws/install/unitree_go/include/unitree_go/msg/detail/motor_states__rosidl_typesupport_fastrtps_c.h
[52.420s] -- Installing: /home/alireza/thesis1/navigation_go2/go2_ws/install/unitree_go/include/unitree_go/msg/detail/lidar_state__rosidl_typesupport_fastrtps_c.h
[52.420s] -- Installing: /home/alireza/thesis1/navigation_go2/go2_ws/install/unitree_go/include/unitree_go/msg/detail/res__rosidl_typesupport_fastrtps_c.h
[52.420s] -- Installing: /home/alireza/thesis1/navigation_go2/go2_ws/install/unitree_go/include/unitree_go/msg/detail/motor_cmds__rosidl_typesupport_fastrtps_c.h
[52.420s] -- Installing: /home/alireza/thesis1/navigation_go2/go2_ws/install/unitree_go/include/unitree_go/msg/detail/wireless_controller__rosidl_typesupport_fastrtps_c.h
[52.421s] -- Installing: /home/alireza/thesis1/navigation_go2/go2_ws/install/unitree_go/include/unitree_go/msg/detail/motor_cmd__rosidl_typesupport_fastrtps_c.h
[52.421s] -- Installing: /home/alireza/thesis1/navigation_go2/go2_ws/install/unitree_go/include/unitree_go/msg/detail/go2_front_video_data__rosidl_typesupport_fastrtps_c.h
[52.421s] -- Installing: /home/alireza/thesis1/navigation_go2/go2_ws/install/unitree_go/include/unitree_go/msg/detail/uwb_switch__rosidl_typesupport_fastrtps_c.h
[52.421s] -- Installing: /home/alireza/thesis1/navigation_go2/go2_ws/install/unitree_go/include/unitree_go/msg/detail/audio_data__rosidl_typesupport_fastrtps_c.h
[52.422s] -- Installing: /home/alireza/thesis1/navigation_go2/go2_ws/install/unitree_go/include/unitree_go/msg/detail/sport_mode_cmd__rosidl_typesupport_fastrtps_c.h
[52.422s] -- Installing: /home/alireza/thesis1/navigation_go2/go2_ws/install/unitree_go/include/unitree_go/msg/detail/low_cmd__rosidl_typesupport_fastrtps_c.h
[52.422s] -- Installing: /home/alireza/thesis1/navigation_go2/go2_ws/install/unitree_go/include/unitree_go/msg/detail/low_state__rosidl_typesupport_fastrtps_c.h
[52.422s] -- Installing: /home/alireza/thesis1/navigation_go2/go2_ws/install/unitree_go/include/unitree_go/msg/detail/time_spec__rosidl_typesupport_fastrtps_c.h
[52.422s] -- Installing: /home/alireza/thesis1/navigation_go2/go2_ws/install/unitree_go/include/unitree_go/msg/detail/motor_state__rosidl_typesupport_fastrtps_c.h
[52.422s] -- Installing: /home/alireza/thesis1/navigation_go2/go2_ws/install/unitree_go/include/unitree_go/msg/detail/bms_state__rosidl_typesupport_fastrtps_c.h
[52.422s] -- Installing: /home/alireza/thesis1/navigation_go2/go2_ws/install/unitree_go/include/unitree_go/msg/detail/path_point__rosidl_typesupport_fastrtps_c.h
[52.422s] -- Installing: /home/alireza/thesis1/navigation_go2/go2_ws/install/unitree_go/include/unitree_go/msg/detail/bms_cmd__rosidl_typesupport_fastrtps_c.h
[52.423s] -- Installing: /home/alireza/thesis1/navigation_go2/go2_ws/install/unitree_go/include/unitree_go/msg/detail/req__rosidl_typesupport_fastrtps_c.h
[52.423s] -- Installing: /home/alireza/thesis1/navigation_go2/go2_ws/install/unitree_go/include/unitree_go/msg/detail/interface_config__rosidl_typesupport_fastrtps_c.h
[52.424s] -- Installing: /home/alireza/thesis1/navigation_go2/go2_ws/install/unitree_go/include/unitree_go/msg/rosidl_typesupport_fastrtps_c__visibility_control.h
[52.424s] -- Installing: /home/alireza/thesis1/navigation_go2/go2_ws/install/unitree_go/lib/libunitree_go__rosidl_typesupport_fastrtps_c.so
[52.425s] -- Set runtime path of "/home/alireza/thesis1/navigation_go2/go2_ws/install/unitree_go/lib/libunitree_go__rosidl_typesupport_fastrtps_c.so" to ""
[52.425s] -- Up-to-date: /home/alireza/thesis1/navigation_go2/go2_ws/install/unitree_go/include/unitree_go
[52.425s] -- Up-to-date: /home/alireza/thesis1/navigation_go2/go2_ws/install/unitree_go/include/unitree_go/msg
[52.426s] -- Installing: /home/alireza/thesis1/navigation_go2/go2_ws/install/unitree_go/include/unitree_go/msg/rosidl_typesupport_fastrtps_cpp__visibility_control.h
[52.426s] -- Up-to-date: /home/alireza/thesis1/navigation_go2/go2_ws/install/unitree_go/include/unitree_go/msg/detail
[52.427s] -- Installing: /home/alireza/thesis1/navigation_go2/go2_ws/install/unitree_go/include/unitree_go/msg/detail/req__rosidl_typesupport_fastrtps_cpp.hpp
[52.427s] -- Installing: /home/alireza/thesis1/navigation_go2/go2_ws/install/unitree_go/include/unitree_go/msg/detail/imu_state__rosidl_typesupport_fastrtps_cpp.hpp
[52.427s] -- Installing: /home/alireza/thesis1/navigation_go2/go2_ws/install/unitree_go/include/unitree_go/msg/detail/motor_states__rosidl_typesupport_fastrtps_cpp.hpp
[52.427s] -- Installing: /home/alireza/thesis1/navigation_go2/go2_ws/install/unitree_go/include/unitree_go/msg/detail/bms_cmd__rosidl_typesupport_fastrtps_cpp.hpp
[52.427s] -- Installing: /home/alireza/thesis1/navigation_go2/go2_ws/install/unitree_go/include/unitree_go/msg/detail/interface_config__rosidl_typesupport_fastrtps_cpp.hpp
[52.428s] -- Installing: /home/alireza/thesis1/navigation_go2/go2_ws/install/unitree_go/include/unitree_go/msg/detail/go2_front_video_data__rosidl_typesupport_fastrtps_cpp.hpp
[52.428s] -- Installing: /home/alireza/thesis1/navigation_go2/go2_ws/install/unitree_go/include/unitree_go/msg/detail/lidar_state__rosidl_typesupport_fastrtps_cpp.hpp
[52.428s] -- Installing: /home/alireza/thesis1/navigation_go2/go2_ws/install/unitree_go/include/unitree_go/msg/detail/error__rosidl_typesupport_fastrtps_cpp.hpp
[52.428s] -- Installing: /home/alireza/thesis1/navigation_go2/go2_ws/install/unitree_go/include/unitree_go/msg/detail/motor_state__rosidl_typesupport_fastrtps_cpp.hpp
[52.429s] -- Installing: /home/alireza/thesis1/navigation_go2/go2_ws/install/unitree_go/include/unitree_go/msg/detail/sport_mode_cmd__rosidl_typesupport_fastrtps_cpp.hpp
[52.429s] -- Installing: /home/alireza/thesis1/navigation_go2/go2_ws/install/unitree_go/include/unitree_go/msg/detail/uwb_switch__rosidl_typesupport_fastrtps_cpp.hpp
[52.430s] -- Installing: /home/alireza/thesis1/navigation_go2/go2_ws/install/unitree_go/include/unitree_go/msg/detail/bms_state__rosidl_typesupport_fastrtps_cpp.hpp
[52.430s] -- Installing: /home/alireza/thesis1/navigation_go2/go2_ws/install/unitree_go/include/unitree_go/msg/detail/path_point__rosidl_typesupport_fastrtps_cpp.hpp
[52.430s] -- Installing: /home/alireza/thesis1/navigation_go2/go2_ws/install/unitree_go/include/unitree_go/msg/detail/motor_cmds__rosidl_typesupport_fastrtps_cpp.hpp
[52.431s] -- Installing: /home/alireza/thesis1/navigation_go2/go2_ws/install/unitree_go/include/unitree_go/msg/detail/motor_cmd__rosidl_typesupport_fastrtps_cpp.hpp
[52.431s] -- Installing: /home/alireza/thesis1/navigation_go2/go2_ws/install/unitree_go/include/unitree_go/msg/detail/uwb_state__rosidl_typesupport_fastrtps_cpp.hpp
[52.432s] -- Installing: /home/alireza/thesis1/navigation_go2/go2_ws/install/unitree_go/include/unitree_go/msg/detail/sport_mode_state__rosidl_typesupport_fastrtps_cpp.hpp
[52.432s] -- Installing: /home/alireza/thesis1/navigation_go2/go2_ws/install/unitree_go/include/unitree_go/msg/detail/dds_fastrtps
[52.432s] -- Installing: /home/alireza/thesis1/navigation_go2/go2_ws/install/unitree_go/include/unitree_go/msg/detail/res__rosidl_typesupport_fastrtps_cpp.hpp
[52.433s] -- Installing: /home/alireza/thesis1/navigation_go2/go2_ws/install/unitree_go/include/unitree_go/msg/detail/height_map__rosidl_typesupport_fastrtps_cpp.hpp
[52.433s] -- Installing: /home/alireza/thesis1/navigation_go2/go2_ws/install/unitree_go/include/unitree_go/msg/detail/low_cmd__rosidl_typesupport_fastrtps_cpp.hpp
[52.434s] -- Installing: /home/alireza/thesis1/navigation_go2/go2_ws/install/unitree_go/include/unitree_go/msg/detail/wireless_controller__rosidl_typesupport_fastrtps_cpp.hpp
[52.434s] -- Installing: /home/alireza/thesis1/navigation_go2/go2_ws/install/unitree_go/include/unitree_go/msg/detail/low_state__rosidl_typesupport_fastrtps_cpp.hpp
[52.434s] -- Installing: /home/alireza/thesis1/navigation_go2/go2_ws/install/unitree_go/include/unitree_go/msg/detail/time_spec__rosidl_typesupport_fastrtps_cpp.hpp
[52.434s] -- Installing: /home/alireza/thesis1/navigation_go2/go2_ws/install/unitree_go/include/unitree_go/msg/detail/audio_data__rosidl_typesupport_fastrtps_cpp.hpp
[52.435s] -- Installing: /home/alireza/thesis1/navigation_go2/go2_ws/install/unitree_go/lib/libunitree_go__rosidl_typesupport_fastrtps_cpp.so
[52.435s] -- Set runtime path of "/home/alireza/thesis1/navigation_go2/go2_ws/install/unitree_go/lib/libunitree_go__rosidl_typesupport_fastrtps_cpp.so" to ""
[52.435s] -- Up-to-date: /home/alireza/thesis1/navigation_go2/go2_ws/install/unitree_go/include/unitree_go
[52.436s] -- Up-to-date: /home/alireza/thesis1/navigation_go2/go2_ws/install/unitree_go/include/unitree_go/msg
[52.436s] -- Installing: /home/alireza/thesis1/navigation_go2/go2_ws/install/unitree_go/include/unitree_go/msg/rosidl_typesupport_introspection_c__visibility_control.h
[52.436s] -- Up-to-date: /home/alireza/thesis1/navigation_go2/go2_ws/install/unitree_go/include/unitree_go/msg/detail
[52.437s] -- Installing: /home/alireza/thesis1/navigation_go2/go2_ws/install/unitree_go/include/unitree_go/msg/detail/bms_cmd__type_support.c
[52.437s] -- Installing: /home/alireza/thesis1/navigation_go2/go2_ws/install/unitree_go/include/unitree_go/msg/detail/low_cmd__rosidl_typesupport_introspection_c.h
[52.437s] -- Installing: /home/alireza/thesis1/navigation_go2/go2_ws/install/unitree_go/include/unitree_go/msg/detail/uwb_state__type_support.c
[52.437s] -- Installing: /home/alireza/thesis1/navigation_go2/go2_ws/install/unitree_go/include/unitree_go/msg/detail/motor_cmds__type_support.c
[52.437s] -- Installing: /home/alireza/thesis1/navigation_go2/go2_ws/install/unitree_go/include/unitree_go/msg/detail/imu_state__rosidl_typesupport_introspection_c.h
[52.438s] -- Installing: /home/alireza/thesis1/navigation_go2/go2_ws/install/unitree_go/include/unitree_go/msg/detail/uwb_state__rosidl_typesupport_introspection_c.h
[52.438s] -- Installing: /home/alireza/thesis1/navigation_go2/go2_ws/install/unitree_go/include/unitree_go/msg/detail/motor_state__type_support.c
[52.438s] -- Installing: /home/alireza/thesis1/navigation_go2/go2_ws/install/unitree_go/include/unitree_go/msg/detail/lidar_state__type_support.c
[52.439s] -- Installing: /home/alireza/thesis1/navigation_go2/go2_ws/install/unitree_go/include/unitree_go/msg/detail/bms_state__rosidl_typesupport_introspection_c.h
[52.439s] -- Installing: /home/alireza/thesis1/navigation_go2/go2_ws/install/unitree_go/include/unitree_go/msg/detail/height_map__rosidl_typesupport_introspection_c.h
[52.439s] -- Installing: /home/alireza/thesis1/navigation_go2/go2_ws/install/unitree_go/include/unitree_go/msg/detail/path_point__type_support.c
[52.439s] -- Installing: /home/alireza/thesis1/navigation_go2/go2_ws/install/unitree_go/include/unitree_go/msg/detail/bms_state__type_support.c
[52.440s] -- Installing: /home/alireza/thesis1/navigation_go2/go2_ws/install/unitree_go/include/unitree_go/msg/detail/wireless_controller__rosidl_typesupport_introspection_c.h
[52.440s] -- Installing: /home/alireza/thesis1/navigation_go2/go2_ws/install/unitree_go/include/unitree_go/msg/detail/low_cmd__type_support.c
[52.440s] -- Installing: /home/alireza/thesis1/navigation_go2/go2_ws/install/unitree_go/include/unitree_go/msg/detail/height_map__type_support.c
[52.440s] -- Installing: /home/alireza/thesis1/navigation_go2/go2_ws/install/unitree_go/include/unitree_go/msg/detail/wireless_controller__type_support.c
[52.441s] -- Installing: /home/alireza/thesis1/navigation_go2/go2_ws/install/unitree_go/include/unitree_go/msg/detail/sport_mode_state__rosidl_typesupport_introspection_c.h
[52.441s] -- Installing: /home/alireza/thesis1/navigation_go2/go2_ws/install/unitree_go/include/unitree_go/msg/detail/motor_state__rosidl_typesupport_introspection_c.h
[52.441s] -- Installing: /home/alireza/thesis1/navigation_go2/go2_ws/install/unitree_go/include/unitree_go/msg/detail/go2_front_video_data__rosidl_typesupport_introspection_c.h
[52.441s] -- Installing: /home/alireza/thesis1/navigation_go2/go2_ws/install/unitree_go/include/unitree_go/msg/detail/bms_cmd__rosidl_typesupport_introspection_c.h
[52.441s] -- Installing: /home/alireza/thesis1/navigation_go2/go2_ws/install/unitree_go/include/unitree_go/msg/detail/motor_cmd__rosidl_typesupport_introspection_c.h
[52.441s] -- Installing: /home/alireza/thesis1/navigation_go2/go2_ws/install/unitree_go/include/unitree_go/msg/detail/sport_mode_cmd__rosidl_typesupport_introspection_c.h
[52.442s] -- Installing: /home/alireza/thesis1/navigation_go2/go2_ws/install/unitree_go/include/unitree_go/msg/detail/low_state__rosidl_typesupport_introspection_c.h
[52.442s] -- Installing: /home/alireza/thesis1/navigation_go2/go2_ws/install/unitree_go/include/unitree_go/msg/detail/motor_cmd__type_support.c
[52.442s] -- Installing: /home/alireza/thesis1/navigation_go2/go2_ws/install/unitree_go/include/unitree_go/msg/detail/imu_state__type_support.c
[52.443s] -- Installing: /home/alireza/thesis1/navigation_go2/go2_ws/install/unitree_go/include/unitree_go/msg/detail/interface_config__rosidl_typesupport_introspection_c.h
[52.443s] -- Installing: /home/alireza/thesis1/navigation_go2/go2_ws/install/unitree_go/include/unitree_go/msg/detail/interface_config__type_support.c
[52.443s] -- Installing: /home/alireza/thesis1/navigation_go2/go2_ws/install/unitree_go/include/unitree_go/msg/detail/go2_front_video_data__type_support.c
[52.443s] -- Installing: /home/alireza/thesis1/navigation_go2/go2_ws/install/unitree_go/include/unitree_go/msg/detail/uwb_switch__rosidl_typesupport_introspection_c.h
[52.444s] -- Installing: /home/alireza/thesis1/navigation_go2/go2_ws/install/unitree_go/include/unitree_go/msg/detail/res__type_support.c
[52.444s] -- Installing: /home/alireza/thesis1/navigation_go2/go2_ws/install/unitree_go/include/unitree_go/msg/detail/audio_data__type_support.c
[52.444s] -- Installing: /home/alireza/thesis1/navigation_go2/go2_ws/install/unitree_go/include/unitree_go/msg/detail/time_spec__type_support.c
[52.444s] -- Installing: /home/alireza/thesis1/navigation_go2/go2_ws/install/unitree_go/include/unitree_go/msg/detail/low_state__type_support.c
[52.445s] -- Installing: /home/alireza/thesis1/navigation_go2/go2_ws/install/unitree_go/include/unitree_go/msg/detail/motor_cmds__rosidl_typesupport_introspection_c.h
[52.445s] -- Installing: /home/alireza/thesis1/navigation_go2/go2_ws/install/unitree_go/include/unitree_go/msg/detail/time_spec__rosidl_typesupport_introspection_c.h
[52.445s] -- Installing: /home/alireza/thesis1/navigation_go2/go2_ws/install/unitree_go/include/unitree_go/msg/detail/error__rosidl_typesupport_introspection_c.h
[52.445s] -- Installing: /home/alireza/thesis1/navigation_go2/go2_ws/install/unitree_go/include/unitree_go/msg/detail/uwb_switch__type_support.c
[52.446s] -- Installing: /home/alireza/thesis1/navigation_go2/go2_ws/install/unitree_go/include/unitree_go/msg/detail/req__type_support.c
[52.446s] -- Installing: /home/alireza/thesis1/navigation_go2/go2_ws/install/unitree_go/include/unitree_go/msg/detail/motor_states__rosidl_typesupport_introspection_c.h
[52.446s] -- Installing: /home/alireza/thesis1/navigation_go2/go2_ws/install/unitree_go/include/unitree_go/msg/detail/req__rosidl_typesupport_introspection_c.h
[52.447s] -- Installing: /home/alireza/thesis1/navigation_go2/go2_ws/install/unitree_go/include/unitree_go/msg/detail/motor_states__type_support.c
[52.447s] -- Installing: /home/alireza/thesis1/navigation_go2/go2_ws/install/unitree_go/include/unitree_go/msg/detail/error__type_support.c
[52.447s] -- Installing: /home/alireza/thesis1/navigation_go2/go2_ws/install/unitree_go/include/unitree_go/msg/detail/sport_mode_cmd__type_support.c
[52.447s] -- Installing: /home/alireza/thesis1/navigation_go2/go2_ws/install/unitree_go/include/unitree_go/msg/detail/lidar_state__rosidl_typesupport_introspection_c.h
[52.448s] -- Installing: /home/alireza/thesis1/navigation_go2/go2_ws/install/unitree_go/include/unitree_go/msg/detail/audio_data__rosidl_typesupport_introspection_c.h
[52.448s] -- Installing: /home/alireza/thesis1/navigation_go2/go2_ws/install/unitree_go/include/unitree_go/msg/detail/sport_mode_state__type_support.c
[52.448s] -- Installing: /home/alireza/thesis1/navigation_go2/go2_ws/install/unitree_go/include/unitree_go/msg/detail/res__rosidl_typesupport_introspection_c.h
[52.448s] -- Installing: /home/alireza/thesis1/navigation_go2/go2_ws/install/unitree_go/include/unitree_go/msg/detail/path_point__rosidl_typesupport_introspection_c.h
[52.449s] -- Installing: /home/alireza/thesis1/navigation_go2/go2_ws/install/unitree_go/lib/libunitree_go__rosidl_typesupport_introspection_c.so
[52.449s] -- Set runtime path of "/home/alireza/thesis1/navigation_go2/go2_ws/install/unitree_go/lib/libunitree_go__rosidl_typesupport_introspection_c.so" to ""
[52.449s] -- Installing: /home/alireza/thesis1/navigation_go2/go2_ws/install/unitree_go/lib/libunitree_go__rosidl_typesupport_c.so
[52.449s] -- Set runtime path of "/home/alireza/thesis1/navigation_go2/go2_ws/install/unitree_go/lib/libunitree_go__rosidl_typesupport_c.so" to ""
[52.450s] -- Up-to-date: /home/alireza/thesis1/navigation_go2/go2_ws/install/unitree_go/include/unitree_go
[52.450s] -- Up-to-date: /home/alireza/thesis1/navigation_go2/go2_ws/install/unitree_go/include/unitree_go/msg
[52.450s] -- Installing: /home/alireza/thesis1/navigation_go2/go2_ws/install/unitree_go/include/unitree_go/msg/uwb_switch.hpp
[52.450s] -- Installing: /home/alireza/thesis1/navigation_go2/go2_ws/install/unitree_go/include/unitree_go/msg/res.hpp
[52.450s] -- Installing: /home/alireza/thesis1/navigation_go2/go2_ws/install/unitree_go/include/unitree_go/msg/motor_states.hpp
[52.451s] -- Installing: /home/alireza/thesis1/navigation_go2/go2_ws/install/unitree_go/include/unitree_go/msg/path_point.hpp
[52.451s] -- Installing: /home/alireza/thesis1/navigation_go2/go2_ws/install/unitree_go/include/unitree_go/msg/wireless_controller.hpp
[52.451s] -- Installing: /home/alireza/thesis1/navigation_go2/go2_ws/install/unitree_go/include/unitree_go/msg/motor_cmd.hpp
[52.451s] -- Installing: /home/alireza/thesis1/navigation_go2/go2_ws/install/unitree_go/include/unitree_go/msg/sport_mode_cmd.hpp
[52.452s] -- Installing: /home/alireza/thesis1/navigation_go2/go2_ws/install/unitree_go/include/unitree_go/msg/uwb_state.hpp
[52.452s] -- Installing: /home/alireza/thesis1/navigation_go2/go2_ws/install/unitree_go/include/unitree_go/msg/rosidl_generator_cpp__visibility_control.hpp
[52.452s] -- Installing: /home/alireza/thesis1/navigation_go2/go2_ws/install/unitree_go/include/unitree_go/msg/motor_cmds.hpp
[52.452s] -- Installing: /home/alireza/thesis1/navigation_go2/go2_ws/install/unitree_go/include/unitree_go/msg/height_map.hpp
[52.452s] -- Installing: /home/alireza/thesis1/navigation_go2/go2_ws/install/unitree_go/include/unitree_go/msg/req.hpp
[52.452s] -- Installing: /home/alireza/thesis1/navigation_go2/go2_ws/install/unitree_go/include/unitree_go/msg/audio_data.hpp
[52.452s] -- Installing: /home/alireza/thesis1/navigation_go2/go2_ws/install/unitree_go/include/unitree_go/msg/lidar_state.hpp
[52.452s] -- Up-to-date: /home/alireza/thesis1/navigation_go2/go2_ws/install/unitree_go/include/unitree_go/msg/detail
[52.453s] -- Installing: /home/alireza/thesis1/navigation_go2/go2_ws/install/unitree_go/include/unitree_go/msg/detail/wireless_controller__type_support.hpp
[52.453s] -- Installing: /home/alireza/thesis1/navigation_go2/go2_ws/install/unitree_go/include/unitree_go/msg/detail/res__traits.hpp
[52.453s] -- Installing: /home/alireza/thesis1/navigation_go2/go2_ws/install/unitree_go/include/unitree_go/msg/detail/req__type_support.hpp
[52.453s] -- Installing: /home/alireza/thesis1/navigation_go2/go2_ws/install/unitree_go/include/unitree_go/msg/detail/error__type_support.hpp
[52.453s] -- Installing: /home/alireza/thesis1/navigation_go2/go2_ws/install/unitree_go/include/unitree_go/msg/detail/lidar_state__builder.hpp
[52.453s] -- Installing: /home/alireza/thesis1/navigation_go2/go2_ws/install/unitree_go/include/unitree_go/msg/detail/sport_mode_cmd__type_support.hpp
[52.454s] -- Installing: /home/alireza/thesis1/navigation_go2/go2_ws/install/unitree_go/include/unitree_go/msg/detail/res__builder.hpp
[52.454s] -- Installing: /home/alireza/thesis1/navigation_go2/go2_ws/install/unitree_go/include/unitree_go/msg/detail/wireless_controller__traits.hpp
[52.454s] -- Installing: /home/alireza/thesis1/navigation_go2/go2_ws/install/unitree_go/include/unitree_go/msg/detail/motor_state__struct.hpp
[52.454s] -- Installing: /home/alireza/thesis1/navigation_go2/go2_ws/install/unitree_go/include/unitree_go/msg/detail/height_map__builder.hpp
[52.454s] -- Installing: /home/alireza/thesis1/navigation_go2/go2_ws/install/unitree_go/include/unitree_go/msg/detail/time_spec__traits.hpp
[52.454s] -- Installing: /home/alireza/thesis1/navigation_go2/go2_ws/install/unitree_go/include/unitree_go/msg/detail/bms_state__struct.hpp
[52.454s] -- Installing: /home/alireza/thesis1/navigation_go2/go2_ws/install/unitree_go/include/unitree_go/msg/detail/sport_mode_state__struct.hpp
[52.455s] -- Installing: /home/alireza/thesis1/navigation_go2/go2_ws/install/unitree_go/include/unitree_go/msg/detail/motor_cmds__traits.hpp
[52.455s] -- Installing: /home/alireza/thesis1/navigation_go2/go2_ws/install/unitree_go/include/unitree_go/msg/detail/go2_front_video_data__type_support.hpp
[52.455s] -- Installing: /home/alireza/thesis1/navigation_go2/go2_ws/install/unitree_go/include/unitree_go/msg/detail/uwb_switch__traits.hpp
[52.455s] -- Installing: /home/alireza/thesis1/navigation_go2/go2_ws/install/unitree_go/include/unitree_go/msg/detail/bms_cmd__traits.hpp
[52.455s] -- Installing: /home/alireza/thesis1/navigation_go2/go2_ws/install/unitree_go/include/unitree_go/msg/detail/interface_config__struct.hpp
[52.455s] -- Installing: /home/alireza/thesis1/navigation_go2/go2_ws/install/unitree_go/include/unitree_go/msg/detail/lidar_state__struct.hpp
[52.455s] -- Installing: /home/alireza/thesis1/navigation_go2/go2_ws/install/unitree_go/include/unitree_go/msg/detail/low_cmd__type_support.hpp
[52.455s] -- Installing: /home/alireza/thesis1/navigation_go2/go2_ws/install/unitree_go/include/unitree_go/msg/detail/go2_front_video_data__builder.hpp
[52.456s] -- Installing: /home/alireza/thesis1/navigation_go2/go2_ws/install/unitree_go/include/unitree_go/msg/detail/bms_cmd__builder.hpp
[52.456s] -- Installing: /home/alireza/thesis1/navigation_go2/go2_ws/install/unitree_go/include/unitree_go/msg/detail/audio_data__struct.hpp
[52.456s] -- Installing: /home/alireza/thesis1/navigation_go2/go2_ws/install/unitree_go/include/unitree_go/msg/detail/interface_config__type_support.hpp
[52.456s] -- Installing: /home/alireza/thesis1/navigation_go2/go2_ws/install/unitree_go/include/unitree_go/msg/detail/req__struct.hpp
[52.456s] -- Installing: /home/alireza/thesis1/navigation_go2/go2_ws/install/unitree_go/include/unitree_go/msg/detail/go2_front_video_data__traits.hpp
[52.456s] -- Installing: /home/alireza/thesis1/navigation_go2/go2_ws/install/unitree_go/include/unitree_go/msg/detail/motor_states__type_support.hpp
[52.456s] -- Installing: /home/alireza/thesis1/navigation_go2/go2_ws/install/unitree_go/include/unitree_go/msg/detail/low_cmd__builder.hpp
[52.456s] -- Installing: /home/alireza/thesis1/navigation_go2/go2_ws/install/unitree_go/include/unitree_go/msg/detail/req__builder.hpp
[52.457s] -- Installing: /home/alireza/thesis1/navigation_go2/go2_ws/install/unitree_go/include/unitree_go/msg/detail/height_map__struct.hpp
[52.457s] -- Installing: /home/alireza/thesis1/navigation_go2/go2_ws/install/unitree_go/include/unitree_go/msg/detail/lidar_state__traits.hpp
[52.457s] -- Installing: /home/alireza/thesis1/navigation_go2/go2_ws/install/unitree_go/include/unitree_go/msg/detail/error__traits.hpp
[52.457s] -- Installing: /home/alireza/thesis1/navigation_go2/go2_ws/install/unitree_go/include/unitree_go/msg/detail/time_spec__struct.hpp
[52.457s] -- Installing: /home/alireza/thesis1/navigation_go2/go2_ws/install/unitree_go/include/unitree_go/msg/detail/height_map__traits.hpp
[52.457s] -- Installing: /home/alireza/thesis1/navigation_go2/go2_ws/install/unitree_go/include/unitree_go/msg/detail/motor_cmds__type_support.hpp
[52.457s] -- Installing: /home/alireza/thesis1/navigation_go2/go2_ws/install/unitree_go/include/unitree_go/msg/detail/motor_states__struct.hpp
[52.457s] -- Installing: /home/alireza/thesis1/navigation_go2/go2_ws/install/unitree_go/include/unitree_go/msg/detail/uwb_switch__struct.hpp
[52.458s] -- Installing: /home/alireza/thesis1/navigation_go2/go2_ws/install/unitree_go/include/unitree_go/msg/detail/motor_state__type_support.hpp
[52.458s] -- Installing: /home/alireza/thesis1/navigation_go2/go2_ws/install/unitree_go/include/unitree_go/msg/detail/interface_config__traits.hpp
[52.458s] -- Installing: /home/alireza/thesis1/navigation_go2/go2_ws/install/unitree_go/include/unitree_go/msg/detail/error__struct.hpp
[52.458s] -- Installing: /home/alireza/thesis1/navigation_go2/go2_ws/install/unitree_go/include/unitree_go/msg/detail/motor_states__builder.hpp
[52.458s] -- Installing: /home/alireza/thesis1/navigation_go2/go2_ws/install/unitree_go/include/unitree_go/msg/detail/sport_mode_cmd__traits.hpp
[52.458s] -- Installing: /home/alireza/thesis1/navigation_go2/go2_ws/install/unitree_go/include/unitree_go/msg/detail/bms_cmd__type_support.hpp
[52.458s] -- Installing: /home/alireza/thesis1/navigation_go2/go2_ws/install/unitree_go/include/unitree_go/msg/detail/lidar_state__type_support.hpp
[52.458s] -- Installing: /home/alireza/thesis1/navigation_go2/go2_ws/install/unitree_go/include/unitree_go/msg/detail/motor_cmd__builder.hpp
[52.459s] -- Installing: /home/alireza/thesis1/navigation_go2/go2_ws/install/unitree_go/include/unitree_go/msg/detail/low_cmd__traits.hpp
[52.459s] -- Installing: /home/alireza/thesis1/navigation_go2/go2_ws/install/unitree_go/include/unitree_go/msg/detail/sport_mode_state__type_support.hpp
[52.459s] -- Installing: /home/alireza/thesis1/navigation_go2/go2_ws/install/unitree_go/include/unitree_go/msg/detail/low_state__type_support.hpp
[52.459s] -- Installing: /home/alireza/thesis1/navigation_go2/go2_ws/install/unitree_go/include/unitree_go/msg/detail/uwb_state__type_support.hpp
[52.459s] -- Installing: /home/alireza/thesis1/navigation_go2/go2_ws/install/unitree_go/include/unitree_go/msg/detail/path_point__builder.hpp
[52.459s] -- Installing: /home/alireza/thesis1/navigation_go2/go2_ws/install/unitree_go/include/unitree_go/msg/detail/uwb_state__struct.hpp
[52.459s] -- Installing: /home/alireza/thesis1/navigation_go2/go2_ws/install/unitree_go/include/unitree_go/msg/detail/audio_data__builder.hpp
[52.460s] -- Installing: /home/alireza/thesis1/navigation_go2/go2_ws/install/unitree_go/include/unitree_go/msg/detail/bms_state__type_support.hpp
[52.460s] -- Installing: /home/alireza/thesis1/navigation_go2/go2_ws/install/unitree_go/include/unitree_go/msg/detail/req__traits.hpp
[52.460s] -- Installing: /home/alireza/thesis1/navigation_go2/go2_ws/install/unitree_go/include/unitree_go/msg/detail/motor_cmd__traits.hpp
[52.460s] -- Installing: /home/alireza/thesis1/navigation_go2/go2_ws/install/unitree_go/include/unitree_go/msg/detail/imu_state__traits.hpp
[52.460s] -- Installing: /home/alireza/thesis1/navigation_go2/go2_ws/install/unitree_go/include/unitree_go/msg/detail/error__builder.hpp
[52.460s] -- Installing: /home/alireza/thesis1/navigation_go2/go2_ws/install/unitree_go/include/unitree_go/msg/detail/motor_state__builder.hpp
[52.460s] -- Installing: /home/alireza/thesis1/navigation_go2/go2_ws/install/unitree_go/include/unitree_go/msg/detail/path_point__struct.hpp
[52.460s] -- Installing: /home/alireza/thesis1/navigation_go2/go2_ws/install/unitree_go/include/unitree_go/msg/detail/bms_state__traits.hpp
[52.461s] -- Installing: /home/alireza/thesis1/navigation_go2/go2_ws/install/unitree_go/include/unitree_go/msg/detail/audio_data__traits.hpp
[52.461s] -- Installing: /home/alireza/thesis1/navigation_go2/go2_ws/install/unitree_go/include/unitree_go/msg/detail/motor_states__traits.hpp
[52.461s] -- Installing: /home/alireza/thesis1/navigation_go2/go2_ws/install/unitree_go/include/unitree_go/msg/detail/low_cmd__struct.hpp
[52.461s] -- Installing: /home/alireza/thesis1/navigation_go2/go2_ws/install/unitree_go/include/unitree_go/msg/detail/audio_data__type_support.hpp
[52.461s] -- Installing: /home/alireza/thesis1/navigation_go2/go2_ws/install/unitree_go/include/unitree_go/msg/detail/motor_state__traits.hpp
[52.461s] -- Installing: /home/alireza/thesis1/navigation_go2/go2_ws/install/unitree_go/include/unitree_go/msg/detail/uwb_switch__builder.hpp
[52.461s] -- Installing: /home/alireza/thesis1/navigation_go2/go2_ws/install/unitree_go/include/unitree_go/msg/detail/sport_mode_cmd__struct.hpp
[52.461s] -- Installing: /home/alireza/thesis1/navigation_go2/go2_ws/install/unitree_go/include/unitree_go/msg/detail/bms_state__builder.hpp
[52.462s] -- Installing: /home/alireza/thesis1/navigation_go2/go2_ws/install/unitree_go/include/unitree_go/msg/detail/motor_cmd__struct.hpp
[52.462s] -- Installing: /home/alireza/thesis1/navigation_go2/go2_ws/install/unitree_go/include/unitree_go/msg/detail/low_state__traits.hpp
[52.462s] -- Installing: /home/alireza/thesis1/navigation_go2/go2_ws/install/unitree_go/include/unitree_go/msg/detail/height_map__type_support.hpp
[52.462s] -- Installing: /home/alireza/thesis1/navigation_go2/go2_ws/install/unitree_go/include/unitree_go/msg/detail/low_state__builder.hpp
[52.462s] -- Installing: /home/alireza/thesis1/navigation_go2/go2_ws/install/unitree_go/include/unitree_go/msg/detail/interface_config__builder.hpp
[52.462s] -- Installing: /home/alireza/thesis1/navigation_go2/go2_ws/install/unitree_go/include/unitree_go/msg/detail/motor_cmd__type_support.hpp
[52.462s] -- Installing: /home/alireza/thesis1/navigation_go2/go2_ws/install/unitree_go/include/unitree_go/msg/detail/imu_state__builder.hpp
[52.462s] -- Installing: /home/alireza/thesis1/navigation_go2/go2_ws/install/unitree_go/include/unitree_go/msg/detail/res__type_support.hpp
[52.463s] -- Installing: /home/alireza/thesis1/navigation_go2/go2_ws/install/unitree_go/include/unitree_go/msg/detail/imu_state__type_support.hpp
[52.463s] -- Installing: /home/alireza/thesis1/navigation_go2/go2_ws/install/unitree_go/include/unitree_go/msg/detail/res__struct.hpp
[52.463s] -- Installing: /home/alireza/thesis1/navigation_go2/go2_ws/install/unitree_go/include/unitree_go/msg/detail/path_point__traits.hpp
[52.463s] -- Installing: /home/alireza/thesis1/navigation_go2/go2_ws/install/unitree_go/include/unitree_go/msg/detail/motor_cmds__builder.hpp
[52.463s] -- Installing: /home/alireza/thesis1/navigation_go2/go2_ws/install/unitree_go/include/unitree_go/msg/detail/wireless_controller__builder.hpp
[52.463s] -- Installing: /home/alireza/thesis1/navigation_go2/go2_ws/install/unitree_go/include/unitree_go/msg/detail/sport_mode_state__traits.hpp
[52.463s] -- Installing: /home/alireza/thesis1/navigation_go2/go2_ws/install/unitree_go/include/unitree_go/msg/detail/low_state__struct.hpp
[52.463s] -- Installing: /home/alireza/thesis1/navigation_go2/go2_ws/install/unitree_go/include/unitree_go/msg/detail/uwb_state__builder.hpp
[52.464s] -- Installing: /home/alireza/thesis1/navigation_go2/go2_ws/install/unitree_go/include/unitree_go/msg/detail/go2_front_video_data__struct.hpp
[52.464s] -- Installing: /home/alireza/thesis1/navigation_go2/go2_ws/install/unitree_go/include/unitree_go/msg/detail/motor_cmds__struct.hpp
[52.464s] -- Installing: /home/alireza/thesis1/navigation_go2/go2_ws/install/unitree_go/include/unitree_go/msg/detail/imu_state__struct.hpp
[52.464s] -- Installing: /home/alireza/thesis1/navigation_go2/go2_ws/install/unitree_go/include/unitree_go/msg/detail/sport_mode_cmd__builder.hpp
[52.464s] -- Installing: /home/alireza/thesis1/navigation_go2/go2_ws/install/unitree_go/include/unitree_go/msg/detail/path_point__type_support.hpp
[52.464s] -- Installing: /home/alireza/thesis1/navigation_go2/go2_ws/install/unitree_go/include/unitree_go/msg/detail/wireless_controller__struct.hpp
[52.464s] -- Installing: /home/alireza/thesis1/navigation_go2/go2_ws/install/unitree_go/include/unitree_go/msg/detail/uwb_switch__type_support.hpp
[52.464s] -- Installing: /home/alireza/thesis1/navigation_go2/go2_ws/install/unitree_go/include/unitree_go/msg/detail/sport_mode_state__builder.hpp
[52.465s] -- Installing: /home/alireza/thesis1/navigation_go2/go2_ws/install/unitree_go/include/unitree_go/msg/detail/time_spec__type_support.hpp
[52.465s] -- Installing: /home/alireza/thesis1/navigation_go2/go2_ws/install/unitree_go/include/unitree_go/msg/detail/time_spec__builder.hpp
[52.465s] -- Installing: /home/alireza/thesis1/navigation_go2/go2_ws/install/unitree_go/include/unitree_go/msg/detail/uwb_state__traits.hpp
[52.465s] -- Installing: /home/alireza/thesis1/navigation_go2/go2_ws/install/unitree_go/include/unitree_go/msg/detail/bms_cmd__struct.hpp
[52.465s] -- Installing: /home/alireza/thesis1/navigation_go2/go2_ws/install/unitree_go/include/unitree_go/msg/low_cmd.hpp
[52.465s] -- Installing: /home/alireza/thesis1/navigation_go2/go2_ws/install/unitree_go/include/unitree_go/msg/time_spec.hpp
[52.465s] -- Installing: /home/alireza/thesis1/navigation_go2/go2_ws/install/unitree_go/include/unitree_go/msg/sport_mode_state.hpp
[52.465s] -- Installing: /home/alireza/thesis1/navigation_go2/go2_ws/install/unitree_go/include/unitree_go/msg/bms_state.hpp
[52.466s] -- Installing: /home/alireza/thesis1/navigation_go2/go2_ws/install/unitree_go/include/unitree_go/msg/low_state.hpp
[52.466s] -- Installing: /home/alireza/thesis1/navigation_go2/go2_ws/install/unitree_go/include/unitree_go/msg/bms_cmd.hpp
[52.466s] -- Installing: /home/alireza/thesis1/navigation_go2/go2_ws/install/unitree_go/include/unitree_go/msg/motor_state.hpp
[52.466s] -- Installing: /home/alireza/thesis1/navigation_go2/go2_ws/install/unitree_go/include/unitree_go/msg/go2_front_video_data.hpp
[52.466s] -- Installing: /home/alireza/thesis1/navigation_go2/go2_ws/install/unitree_go/include/unitree_go/msg/imu_state.hpp
[52.466s] -- Installing: /home/alireza/thesis1/navigation_go2/go2_ws/install/unitree_go/include/unitree_go/msg/interface_config.hpp
[52.466s] -- Installing: /home/alireza/thesis1/navigation_go2/go2_ws/install/unitree_go/include/unitree_go/msg/error.hpp
[52.466s] -- Up-to-date: /home/alireza/thesis1/navigation_go2/go2_ws/install/unitree_go/include/unitree_go
[52.467s] -- Up-to-date: /home/alireza/thesis1/navigation_go2/go2_ws/install/unitree_go/include/unitree_go/msg
[52.467s] -- Up-to-date: /home/alireza/thesis1/navigation_go2/go2_ws/install/unitree_go/include/unitree_go/msg/detail
[52.467s] -- Installing: /home/alireza/thesis1/navigation_go2/go2_ws/install/unitree_go/include/unitree_go/msg/detail/sport_mode_state__type_support.cpp
[52.467s] -- Installing: /home/alireza/thesis1/navigation_go2/go2_ws/install/unitree_go/include/unitree_go/msg/detail/motor_state__type_support.cpp
[52.467s] -- Installing: /home/alireza/thesis1/navigation_go2/go2_ws/install/unitree_go/include/unitree_go/msg/detail/sport_mode_cmd__type_support.cpp
[52.467s] -- Installing: /home/alireza/thesis1/navigation_go2/go2_ws/install/unitree_go/include/unitree_go/msg/detail/time_spec__rosidl_typesupport_introspection_cpp.hpp
[52.467s] -- Installing: /home/alireza/thesis1/navigation_go2/go2_ws/install/unitree_go/include/unitree_go/msg/detail/motor_states__rosidl_typesupport_introspection_cpp.hpp
[52.467s] -- Installing: /home/alireza/thesis1/navigation_go2/go2_ws/install/unitree_go/include/unitree_go/msg/detail/low_state__type_support.cpp
[52.468s] -- Installing: /home/alireza/thesis1/navigation_go2/go2_ws/install/unitree_go/include/unitree_go/msg/detail/height_map__type_support.cpp
[52.468s] -- Installing: /home/alireza/thesis1/navigation_go2/go2_ws/install/unitree_go/include/unitree_go/msg/detail/sport_mode_cmd__rosidl_typesupport_introspection_cpp.hpp
[52.468s] -- Installing: /home/alireza/thesis1/navigation_go2/go2_ws/install/unitree_go/include/unitree_go/msg/detail/res__rosidl_typesupport_introspection_cpp.hpp
[52.468s] -- Installing: /home/alireza/thesis1/navigation_go2/go2_ws/install/unitree_go/include/unitree_go/msg/detail/wireless_controller__rosidl_typesupport_introspection_cpp.hpp
[52.468s] -- Installing: /home/alireza/thesis1/navigation_go2/go2_ws/install/unitree_go/include/unitree_go/msg/detail/res__type_support.cpp
[52.468s] -- Installing: /home/alireza/thesis1/navigation_go2/go2_ws/install/unitree_go/include/unitree_go/msg/detail/low_cmd__type_support.cpp
[52.468s] -- Installing: /home/alireza/thesis1/navigation_go2/go2_ws/install/unitree_go/include/unitree_go/msg/detail/motor_state__rosidl_typesupport_introspection_cpp.hpp
[52.468s] -- Installing: /home/alireza/thesis1/navigation_go2/go2_ws/install/unitree_go/include/unitree_go/msg/detail/error__rosidl_typesupport_introspection_cpp.hpp
[52.469s] -- Installing: /home/alireza/thesis1/navigation_go2/go2_ws/install/unitree_go/include/unitree_go/msg/detail/req__type_support.cpp
[52.469s] -- Installing: /home/alireza/thesis1/navigation_go2/go2_ws/install/unitree_go/include/unitree_go/msg/detail/motor_cmd__type_support.cpp
[52.469s] -- Installing: /home/alireza/thesis1/navigation_go2/go2_ws/install/unitree_go/include/unitree_go/msg/detail/audio_data__type_support.cpp
[52.469s] -- Installing: /home/alireza/thesis1/navigation_go2/go2_ws/install/unitree_go/include/unitree_go/msg/detail/uwb_state__type_support.cpp
[52.469s] -- Installing: /home/alireza/thesis1/navigation_go2/go2_ws/install/unitree_go/include/unitree_go/msg/detail/bms_state__rosidl_typesupport_introspection_cpp.hpp
[52.469s] -- Installing: /home/alireza/thesis1/navigation_go2/go2_ws/install/unitree_go/include/unitree_go/msg/detail/sport_mode_state__rosidl_typesupport_introspection_cpp.hpp
[52.469s] -- Installing: /home/alireza/thesis1/navigation_go2/go2_ws/install/unitree_go/include/unitree_go/msg/detail/height_map__rosidl_typesupport_introspection_cpp.hpp
[52.469s] -- Installing: /home/alireza/thesis1/navigation_go2/go2_ws/install/unitree_go/include/unitree_go/msg/detail/uwb_state__rosidl_typesupport_introspection_cpp.hpp
[52.470s] -- Installing: /home/alireza/thesis1/navigation_go2/go2_ws/install/unitree_go/include/unitree_go/msg/detail/interface_config__rosidl_typesupport_introspection_cpp.hpp
[52.470s] -- Installing: /home/alireza/thesis1/navigation_go2/go2_ws/install/unitree_go/include/unitree_go/msg/detail/motor_cmds__type_support.cpp
[52.470s] -- Installing: /home/alireza/thesis1/navigation_go2/go2_ws/install/unitree_go/include/unitree_go/msg/detail/go2_front_video_data__rosidl_typesupport_introspection_cpp.hpp
[52.470s] -- Installing: /home/alireza/thesis1/navigation_go2/go2_ws/install/unitree_go/include/unitree_go/msg/detail/time_spec__type_support.cpp
[52.470s] -- Installing: /home/alireza/thesis1/navigation_go2/go2_ws/install/unitree_go/include/unitree_go/msg/detail/go2_front_video_data__type_support.cpp
[52.470s] -- Installing: /home/alireza/thesis1/navigation_go2/go2_ws/install/unitree_go/include/unitree_go/msg/detail/bms_cmd__rosidl_typesupport_introspection_cpp.hpp
[52.470s] -- Installing: /home/alireza/thesis1/navigation_go2/go2_ws/install/unitree_go/include/unitree_go/msg/detail/bms_state__type_support.cpp
[52.470s] -- Installing: /home/alireza/thesis1/navigation_go2/go2_ws/install/unitree_go/include/unitree_go/msg/detail/motor_states__type_support.cpp
[52.471s] -- Installing: /home/alireza/thesis1/navigation_go2/go2_ws/install/unitree_go/include/unitree_go/msg/detail/imu_state__rosidl_typesupport_introspection_cpp.hpp
[52.471s] -- Installing: /home/alireza/thesis1/navigation_go2/go2_ws/install/unitree_go/include/unitree_go/msg/detail/path_point__rosidl_typesupport_introspection_cpp.hpp
[52.471s] -- Installing: /home/alireza/thesis1/navigation_go2/go2_ws/install/unitree_go/include/unitree_go/msg/detail/lidar_state__type_support.cpp
[52.471s] -- Installing: /home/alireza/thesis1/navigation_go2/go2_ws/install/unitree_go/include/unitree_go/msg/detail/uwb_switch__rosidl_typesupport_introspection_cpp.hpp
[52.471s] -- Installing: /home/alireza/thesis1/navigation_go2/go2_ws/install/unitree_go/include/unitree_go/msg/detail/bms_cmd__type_support.cpp
[52.471s] -- Installing: /home/alireza/thesis1/navigation_go2/go2_ws/install/unitree_go/include/unitree_go/msg/detail/motor_cmds__rosidl_typesupport_introspection_cpp.hpp
[52.471s] -- Installing: /home/alireza/thesis1/navigation_go2/go2_ws/install/unitree_go/include/unitree_go/msg/detail/lidar_state__rosidl_typesupport_introspection_cpp.hpp
[52.472s] -- Installing: /home/alireza/thesis1/navigation_go2/go2_ws/install/unitree_go/include/unitree_go/msg/detail/uwb_switch__type_support.cpp
[52.472s] -- Installing: /home/alireza/thesis1/navigation_go2/go2_ws/install/unitree_go/include/unitree_go/msg/detail/error__type_support.cpp
[52.472s] -- Installing: /home/alireza/thesis1/navigation_go2/go2_ws/install/unitree_go/include/unitree_go/msg/detail/imu_state__type_support.cpp
[52.472s] -- Installing: /home/alireza/thesis1/navigation_go2/go2_ws/install/unitree_go/include/unitree_go/msg/detail/low_cmd__rosidl_typesupport_introspection_cpp.hpp
[52.472s] -- Installing: /home/alireza/thesis1/navigation_go2/go2_ws/install/unitree_go/include/unitree_go/msg/detail/low_state__rosidl_typesupport_introspection_cpp.hpp
[52.472s] -- Installing: /home/alireza/thesis1/navigation_go2/go2_ws/install/unitree_go/include/unitree_go/msg/detail/interface_config__type_support.cpp
[52.472s] -- Installing: /home/alireza/thesis1/navigation_go2/go2_ws/install/unitree_go/include/unitree_go/msg/detail/audio_data__rosidl_typesupport_introspection_cpp.hpp
[52.472s] -- Installing: /home/alireza/thesis1/navigation_go2/go2_ws/install/unitree_go/include/unitree_go/msg/detail/req__rosidl_typesupport_introspection_cpp.hpp
[52.473s] -- Installing: /home/alireza/thesis1/navigation_go2/go2_ws/install/unitree_go/include/unitree_go/msg/detail/wireless_controller__type_support.cpp
[52.473s] -- Installing: /home/alireza/thesis1/navigation_go2/go2_ws/install/unitree_go/include/unitree_go/msg/detail/path_point__type_support.cpp
[52.473s] -- Installing: /home/alireza/thesis1/navigation_go2/go2_ws/install/unitree_go/include/unitree_go/msg/detail/motor_cmd__rosidl_typesupport_introspection_cpp.hpp
[52.473s] -- Installing: /home/alireza/thesis1/navigation_go2/go2_ws/install/unitree_go/lib/libunitree_go__rosidl_typesupport_introspection_cpp.so
[52.473s] -- Set runtime path of "/home/alireza/thesis1/navigation_go2/go2_ws/install/unitree_go/lib/libunitree_go__rosidl_typesupport_introspection_cpp.so" to ""
[52.473s] -- Installing: /home/alireza/thesis1/navigation_go2/go2_ws/install/unitree_go/lib/libunitree_go__rosidl_typesupport_cpp.so
[52.473s] -- Set runtime path of "/home/alireza/thesis1/navigation_go2/go2_ws/install/unitree_go/lib/libunitree_go__rosidl_typesupport_cpp.so" to ""
[52.473s] -- Installing: /home/alireza/thesis1/navigation_go2/go2_ws/install/unitree_go/share/unitree_go/environment/pythonpath.sh
[52.474s] -- Installing: /home/alireza/thesis1/navigation_go2/go2_ws/install/unitree_go/share/unitree_go/environment/pythonpath.dsv
[52.474s] -- Installing: /home/alireza/thesis1/navigation_go2/go2_ws/install/unitree_go/lib/python3.8/site-packages/unitree_go/__init__.py
[52.490s] Compiling '/home/alireza/thesis1/navigation_go2/go2_ws/install/unitree_go/lib/python3.8/site-packages/unitree_go/__init__.py'...
[52.495s] -- Installing: /home/alireza/thesis1/navigation_go2/go2_ws/install/unitree_go/lib/python3.8/site-packages/unitree_go/msg
[52.495s] -- Installing: /home/alireza/thesis1/navigation_go2/go2_ws/install/unitree_go/lib/python3.8/site-packages/unitree_go/msg/_height_map.py
[52.496s] -- Installing: /home/alireza/thesis1/navigation_go2/go2_ws/install/unitree_go/lib/python3.8/site-packages/unitree_go/msg/_audio_data.py
[52.496s] -- Installing: /home/alireza/thesis1/navigation_go2/go2_ws/install/unitree_go/lib/python3.8/site-packages/unitree_go/msg/_uwb_state_s.c
[52.497s] -- Installing: /home/alireza/thesis1/navigation_go2/go2_ws/install/unitree_go/lib/python3.8/site-packages/unitree_go/msg/_go2_front_video_data_s.c
[52.497s] -- Installing: /home/alireza/thesis1/navigation_go2/go2_ws/install/unitree_go/lib/python3.8/site-packages/unitree_go/msg/_error_s.c
[52.497s] -- Installing: /home/alireza/thesis1/navigation_go2/go2_ws/install/unitree_go/lib/python3.8/site-packages/unitree_go/msg/_low_cmd_s.c
[52.497s] -- Installing: /home/alireza/thesis1/navigation_go2/go2_ws/install/unitree_go/lib/python3.8/site-packages/unitree_go/msg/_wireless_controller_s.c
[52.498s] -- Installing: /home/alireza/thesis1/navigation_go2/go2_ws/install/unitree_go/lib/python3.8/site-packages/unitree_go/msg/_sport_mode_state_s.c
[52.498s] -- Installing: /home/alireza/thesis1/navigation_go2/go2_ws/install/unitree_go/lib/python3.8/site-packages/unitree_go/msg/_motor_cmd.py
[52.498s] -- Installing: /home/alireza/thesis1/navigation_go2/go2_ws/install/unitree_go/lib/python3.8/site-packages/unitree_go/msg/_go2_front_video_data.py
[52.498s] -- Installing: /home/alireza/thesis1/navigation_go2/go2_ws/install/unitree_go/lib/python3.8/site-packages/unitree_go/msg/_imu_state.py
[52.499s] -- Installing: /home/alireza/thesis1/navigation_go2/go2_ws/install/unitree_go/lib/python3.8/site-packages/unitree_go/msg/_uwb_state.py
[52.499s] -- Installing: /home/alireza/thesis1/navigation_go2/go2_ws/install/unitree_go/lib/python3.8/site-packages/unitree_go/msg/_sport_mode_cmd_s.c
[52.499s] -- Installing: /home/alireza/thesis1/navigation_go2/go2_ws/install/unitree_go/lib/python3.8/site-packages/unitree_go/msg/_motor_state.py
[52.499s] -- Installing: /home/alireza/thesis1/navigation_go2/go2_ws/install/unitree_go/lib/python3.8/site-packages/unitree_go/msg/_imu_state_s.c
[52.500s] -- Installing: /home/alireza/thesis1/navigation_go2/go2_ws/install/unitree_go/lib/python3.8/site-packages/unitree_go/msg/__init__.py
[52.500s] -- Installing: /home/alireza/thesis1/navigation_go2/go2_ws/install/unitree_go/lib/python3.8/site-packages/unitree_go/msg/_motor_cmds.py
[52.500s] -- Installing: /home/alireza/thesis1/navigation_go2/go2_ws/install/unitree_go/lib/python3.8/site-packages/unitree_go/msg/_bms_cmd_s.c
[52.500s] -- Installing: /home/alireza/thesis1/navigation_go2/go2_ws/install/unitree_go/lib/python3.8/site-packages/unitree_go/msg/_req_s.c
[52.501s] -- Installing: /home/alireza/thesis1/navigation_go2/go2_ws/install/unitree_go/lib/python3.8/site-packages/unitree_go/msg/_sport_mode_state.py
[52.501s] -- Installing: /home/alireza/thesis1/navigation_go2/go2_ws/install/unitree_go/lib/python3.8/site-packages/unitree_go/msg/_res.py
[52.501s] -- Installing: /home/alireza/thesis1/navigation_go2/go2_ws/install/unitree_go/lib/python3.8/site-packages/unitree_go/msg/_req.py
[52.501s] -- Installing: /home/alireza/thesis1/navigation_go2/go2_ws/install/unitree_go/lib/python3.8/site-packages/unitree_go/msg/_motor_cmd_s.c
[52.502s] -- Installing: /home/alireza/thesis1/navigation_go2/go2_ws/install/unitree_go/lib/python3.8/site-packages/unitree_go/msg/_low_state.py
[52.502s] -- Installing: /home/alireza/thesis1/navigation_go2/go2_ws/install/unitree_go/lib/python3.8/site-packages/unitree_go/msg/_sport_mode_cmd.py
[52.502s] -- Installing: /home/alireza/thesis1/navigation_go2/go2_ws/install/unitree_go/lib/python3.8/site-packages/unitree_go/msg/_uwb_switch.py
[52.502s] -- Installing: /home/alireza/thesis1/navigation_go2/go2_ws/install/unitree_go/lib/python3.8/site-packages/unitree_go/msg/_low_cmd.py
[52.502s] -- Installing: /home/alireza/thesis1/navigation_go2/go2_ws/install/unitree_go/lib/python3.8/site-packages/unitree_go/msg/_interface_config.py
[52.502s] -- Installing: /home/alireza/thesis1/navigation_go2/go2_ws/install/unitree_go/lib/python3.8/site-packages/unitree_go/msg/_motor_states_s.c
[52.502s] -- Installing: /home/alireza/thesis1/navigation_go2/go2_ws/install/unitree_go/lib/python3.8/site-packages/unitree_go/msg/_height_map_s.c
[52.502s] -- Installing: /home/alireza/thesis1/navigation_go2/go2_ws/install/unitree_go/lib/python3.8/site-packages/unitree_go/msg/_bms_state_s.c
[52.503s] -- Installing: /home/alireza/thesis1/navigation_go2/go2_ws/install/unitree_go/lib/python3.8/site-packages/unitree_go/msg/_error.py
[52.503s] -- Installing: /home/alireza/thesis1/navigation_go2/go2_ws/install/unitree_go/lib/python3.8/site-packages/unitree_go/msg/_motor_state_s.c
[52.503s] -- Installing: /home/alireza/thesis1/navigation_go2/go2_ws/install/unitree_go/lib/python3.8/site-packages/unitree_go/msg/_lidar_state.py
[52.503s] -- Installing: /home/alireza/thesis1/navigation_go2/go2_ws/install/unitree_go/lib/python3.8/site-packages/unitree_go/msg/_motor_cmds_s.c
[52.503s] -- Installing: /home/alireza/thesis1/navigation_go2/go2_ws/install/unitree_go/lib/python3.8/site-packages/unitree_go/msg/_wireless_controller.py
[52.503s] -- Installing: /home/alireza/thesis1/navigation_go2/go2_ws/install/unitree_go/lib/python3.8/site-packages/unitree_go/msg/_lidar_state_s.c
[52.504s] -- Installing: /home/alireza/thesis1/navigation_go2/go2_ws/install/unitree_go/lib/python3.8/site-packages/unitree_go/msg/_time_spec_s.c
[52.504s] -- Installing: /home/alireza/thesis1/navigation_go2/go2_ws/install/unitree_go/lib/python3.8/site-packages/unitree_go/msg/_uwb_switch_s.c
[52.504s] -- Installing: /home/alireza/thesis1/navigation_go2/go2_ws/install/unitree_go/lib/python3.8/site-packages/unitree_go/msg/_time_spec.py
[52.504s] -- Installing: /home/alireza/thesis1/navigation_go2/go2_ws/install/unitree_go/lib/python3.8/site-packages/unitree_go/msg/_res_s.c
[52.504s] -- Installing: /home/alireza/thesis1/navigation_go2/go2_ws/install/unitree_go/lib/python3.8/site-packages/unitree_go/msg/_bms_state.py
[52.504s] -- Installing: /home/alireza/thesis1/navigation_go2/go2_ws/install/unitree_go/lib/python3.8/site-packages/unitree_go/msg/_path_point.py
[52.505s] -- Installing: /home/alireza/thesis1/navigation_go2/go2_ws/install/unitree_go/lib/python3.8/site-packages/unitree_go/msg/_audio_data_s.c
[52.505s] -- Installing: /home/alireza/thesis1/navigation_go2/go2_ws/install/unitree_go/lib/python3.8/site-packages/unitree_go/msg/_motor_states.py
[52.505s] -- Installing: /home/alireza/thesis1/navigation_go2/go2_ws/install/unitree_go/lib/python3.8/site-packages/unitree_go/msg/_path_point_s.c
[52.505s] -- Installing: /home/alireza/thesis1/navigation_go2/go2_ws/install/unitree_go/lib/python3.8/site-packages/unitree_go/msg/_bms_cmd.py
[52.505s] -- Installing: /home/alireza/thesis1/navigation_go2/go2_ws/install/unitree_go/lib/python3.8/site-packages/unitree_go/msg/_interface_config_s.c
[52.505s] -- Installing: /home/alireza/thesis1/navigation_go2/go2_ws/install/unitree_go/lib/python3.8/site-packages/unitree_go/msg/_low_state_s.c
[52.505s] -- Installing: /home/alireza/thesis1/navigation_go2/go2_ws/install/unitree_go/lib/python3.8/site-packages/unitree_go/unitree_go_s__rosidl_typesupport_fastrtps_c.cpython-38-x86_64-linux-gnu.so
[52.506s] -- Set runtime path of "/home/alireza/thesis1/navigation_go2/go2_ws/install/unitree_go/lib/python3.8/site-packages/unitree_go/unitree_go_s__rosidl_typesupport_fastrtps_c.cpython-38-x86_64-linux-gnu.so" to ""
[52.506s] -- Installing: /home/alireza/thesis1/navigation_go2/go2_ws/install/unitree_go/lib/python3.8/site-packages/unitree_go/unitree_go_s__rosidl_typesupport_introspection_c.cpython-38-x86_64-linux-gnu.so
[52.506s] -- Set runtime path of "/home/alireza/thesis1/navigation_go2/go2_ws/install/unitree_go/lib/python3.8/site-packages/unitree_go/unitree_go_s__rosidl_typesupport_introspection_c.cpython-38-x86_64-linux-gnu.so" to ""
[52.506s] -- Installing: /home/alireza/thesis1/navigation_go2/go2_ws/install/unitree_go/lib/python3.8/site-packages/unitree_go/unitree_go_s__rosidl_typesupport_c.cpython-38-x86_64-linux-gnu.so
[52.506s] -- Set runtime path of "/home/alireza/thesis1/navigation_go2/go2_ws/install/unitree_go/lib/python3.8/site-packages/unitree_go/unitree_go_s__rosidl_typesupport_c.cpython-38-x86_64-linux-gnu.so" to ""
[52.507s] -- Installing: /home/alireza/thesis1/navigation_go2/go2_ws/install/unitree_go/lib/libunitree_go__python.so
[52.507s] -- Set runtime path of "/home/alireza/thesis1/navigation_go2/go2_ws/install/unitree_go/lib/libunitree_go__python.so" to ""
[52.507s] -- Installing: /home/alireza/thesis1/navigation_go2/go2_ws/install/unitree_go/share/unitree_go/msg/AudioData.idl
[52.507s] -- Installing: /home/alireza/thesis1/navigation_go2/go2_ws/install/unitree_go/share/unitree_go/msg/BmsCmd.idl
[52.508s] -- Installing: /home/alireza/thesis1/navigation_go2/go2_ws/install/unitree_go/share/unitree_go/msg/BmsState.idl
[52.508s] -- Installing: /home/alireza/thesis1/navigation_go2/go2_ws/install/unitree_go/share/unitree_go/msg/Error.idl
[52.508s] -- Installing: /home/alireza/thesis1/navigation_go2/go2_ws/install/unitree_go/share/unitree_go/msg/Go2FrontVideoData.idl
[52.508s] -- Installing: /home/alireza/thesis1/navigation_go2/go2_ws/install/unitree_go/share/unitree_go/msg/HeightMap.idl
[52.508s] -- Installing: /home/alireza/thesis1/navigation_go2/go2_ws/install/unitree_go/share/unitree_go/msg/IMUState.idl
[52.509s] -- Installing: /home/alireza/thesis1/navigation_go2/go2_ws/install/unitree_go/share/unitree_go/msg/InterfaceConfig.idl
[52.509s] -- Installing: /home/alireza/thesis1/navigation_go2/go2_ws/install/unitree_go/share/unitree_go/msg/LidarState.idl
[52.509s] -- Installing: /home/alireza/thesis1/navigation_go2/go2_ws/install/unitree_go/share/unitree_go/msg/LowCmd.idl
[52.509s] -- Installing: /home/alireza/thesis1/navigation_go2/go2_ws/install/unitree_go/share/unitree_go/msg/LowState.idl
[52.509s] -- Installing: /home/alireza/thesis1/navigation_go2/go2_ws/install/unitree_go/share/unitree_go/msg/MotorCmd.idl
[52.509s] -- Installing: /home/alireza/thesis1/navigation_go2/go2_ws/install/unitree_go/share/unitree_go/msg/MotorCmds.idl
[52.509s] -- Installing: /home/alireza/thesis1/navigation_go2/go2_ws/install/unitree_go/share/unitree_go/msg/MotorState.idl
[52.509s] -- Installing: /home/alireza/thesis1/navigation_go2/go2_ws/install/unitree_go/share/unitree_go/msg/MotorStates.idl
[52.510s] -- Installing: /home/alireza/thesis1/navigation_go2/go2_ws/install/unitree_go/share/unitree_go/msg/PathPoint.idl
[52.510s] -- Installing: /home/alireza/thesis1/navigation_go2/go2_ws/install/unitree_go/share/unitree_go/msg/Req.idl
[52.510s] -- Installing: /home/alireza/thesis1/navigation_go2/go2_ws/install/unitree_go/share/unitree_go/msg/Res.idl
[52.510s] -- Installing: /home/alireza/thesis1/navigation_go2/go2_ws/install/unitree_go/share/unitree_go/msg/SportModeCmd.idl
[52.510s] -- Installing: /home/alireza/thesis1/navigation_go2/go2_ws/install/unitree_go/share/unitree_go/msg/SportModeState.idl
[52.511s] -- Installing: /home/alireza/thesis1/navigation_go2/go2_ws/install/unitree_go/share/unitree_go/msg/TimeSpec.idl
[52.511s] -- Installing: /home/alireza/thesis1/navigation_go2/go2_ws/install/unitree_go/share/unitree_go/msg/UwbState.idl
[52.511s] -- Installing: /home/alireza/thesis1/navigation_go2/go2_ws/install/unitree_go/share/unitree_go/msg/UwbSwitch.idl
[52.511s] -- Installing: /home/alireza/thesis1/navigation_go2/go2_ws/install/unitree_go/share/unitree_go/msg/WirelessController.idl
[52.511s] -- Installing: /home/alireza/thesis1/navigation_go2/go2_ws/install/unitree_go/share/unitree_go/msg/AudioData.msg
[52.511s] -- Installing: /home/alireza/thesis1/navigation_go2/go2_ws/install/unitree_go/share/unitree_go/msg/BmsCmd.msg
[52.512s] -- Installing: /home/alireza/thesis1/navigation_go2/go2_ws/install/unitree_go/share/unitree_go/msg/BmsState.msg
[52.512s] -- Installing: /home/alireza/thesis1/navigation_go2/go2_ws/install/unitree_go/share/unitree_go/msg/Error.msg
[52.512s] -- Installing: /home/alireza/thesis1/navigation_go2/go2_ws/install/unitree_go/share/unitree_go/msg/Go2FrontVideoData.msg
[52.512s] -- Installing: /home/alireza/thesis1/navigation_go2/go2_ws/install/unitree_go/share/unitree_go/msg/HeightMap.msg
[52.512s] -- Installing: /home/alireza/thesis1/navigation_go2/go2_ws/install/unitree_go/share/unitree_go/msg/IMUState.msg
[52.513s] -- Installing: /home/alireza/thesis1/navigation_go2/go2_ws/install/unitree_go/share/unitree_go/msg/InterfaceConfig.msg
[52.513s] -- Installing: /home/alireza/thesis1/navigation_go2/go2_ws/install/unitree_go/share/unitree_go/msg/LidarState.msg
[52.513s] -- Installing: /home/alireza/thesis1/navigation_go2/go2_ws/install/unitree_go/share/unitree_go/msg/LowCmd.msg
[52.513s] -- Installing: /home/alireza/thesis1/navigation_go2/go2_ws/install/unitree_go/share/unitree_go/msg/LowState.msg
[52.513s] -- Installing: /home/alireza/thesis1/navigation_go2/go2_ws/install/unitree_go/share/unitree_go/msg/MotorCmd.msg
[52.513s] -- Installing: /home/alireza/thesis1/navigation_go2/go2_ws/install/unitree_go/share/unitree_go/msg/MotorCmds.msg
[52.514s] -- Installing: /home/alireza/thesis1/navigation_go2/go2_ws/install/unitree_go/share/unitree_go/msg/MotorState.msg
[52.514s] -- Installing: /home/alireza/thesis1/navigation_go2/go2_ws/install/unitree_go/share/unitree_go/msg/MotorStates.msg
[52.514s] -- Installing: /home/alireza/thesis1/navigation_go2/go2_ws/install/unitree_go/share/unitree_go/msg/PathPoint.msg
[52.514s] -- Installing: /home/alireza/thesis1/navigation_go2/go2_ws/install/unitree_go/share/unitree_go/msg/Req.msg
[52.514s] -- Installing: /home/alireza/thesis1/navigation_go2/go2_ws/install/unitree_go/share/unitree_go/msg/Res.msg
[52.515s] -- Installing: /home/alireza/thesis1/navigation_go2/go2_ws/install/unitree_go/share/unitree_go/msg/SportModeCmd.msg
[52.515s] -- Installing: /home/alireza/thesis1/navigation_go2/go2_ws/install/unitree_go/share/unitree_go/msg/SportModeState.msg
[52.515s] -- Installing: /home/alireza/thesis1/navigation_go2/go2_ws/install/unitree_go/share/unitree_go/msg/TimeSpec.msg
[52.515s] -- Installing: /home/alireza/thesis1/navigation_go2/go2_ws/install/unitree_go/share/unitree_go/msg/UwbState.msg
[52.516s] -- Installing: /home/alireza/thesis1/navigation_go2/go2_ws/install/unitree_go/share/unitree_go/msg/UwbSwitch.msg
[52.516s] -- Installing: /home/alireza/thesis1/navigation_go2/go2_ws/install/unitree_go/share/unitree_go/msg/WirelessController.msg
[52.516s] -- Installing: /home/alireza/thesis1/navigation_go2/go2_ws/install/unitree_go/share/ament_index/resource_index/package_run_dependencies/unitree_go
[52.516s] -- Installing: /home/alireza/thesis1/navigation_go2/go2_ws/install/unitree_go/share/ament_index/resource_index/parent_prefix_path/unitree_go
[52.517s] -- Installing: /home/alireza/thesis1/navigation_go2/go2_ws/install/unitree_go/share/unitree_go/environment/ament_prefix_path.sh
[52.517s] -- Installing: /home/alireza/thesis1/navigation_go2/go2_ws/install/unitree_go/share/unitree_go/environment/ament_prefix_path.dsv
[52.517s] -- Installing: /home/alireza/thesis1/navigation_go2/go2_ws/install/unitree_go/share/unitree_go/environment/path.sh
[52.517s] -- Installing: /home/alireza/thesis1/navigation_go2/go2_ws/install/unitree_go/share/unitree_go/environment/path.dsv
[52.518s] -- Installing: /home/alireza/thesis1/navigation_go2/go2_ws/install/unitree_go/share/unitree_go/local_setup.bash
[52.518s] -- Installing: /home/alireza/thesis1/navigation_go2/go2_ws/install/unitree_go/share/unitree_go/local_setup.sh
[52.518s] -- Installing: /home/alireza/thesis1/navigation_go2/go2_ws/install/unitree_go/share/unitree_go/local_setup.zsh
[52.518s] -- Installing: /home/alireza/thesis1/navigation_go2/go2_ws/install/unitree_go/share/unitree_go/local_setup.dsv
[52.519s] -- Installing: /home/alireza/thesis1/navigation_go2/go2_ws/install/unitree_go/share/unitree_go/package.dsv
[52.519s] -- Installing: /home/alireza/thesis1/navigation_go2/go2_ws/install/unitree_go/share/ament_index/resource_index/packages/unitree_go
[52.519s] -- Installing: /home/alireza/thesis1/navigation_go2/go2_ws/install/unitree_go/share/unitree_go/cmake/unitree_go__rosidl_generator_cExport.cmake
[52.519s] -- Installing: /home/alireza/thesis1/navigation_go2/go2_ws/install/unitree_go/share/unitree_go/cmake/unitree_go__rosidl_generator_cExport-noconfig.cmake
[52.520s] -- Installing: /home/alireza/thesis1/navigation_go2/go2_ws/install/unitree_go/share/unitree_go/cmake/unitree_go__rosidl_typesupport_introspection_cExport.cmake
[52.520s] -- Installing: /home/alireza/thesis1/navigation_go2/go2_ws/install/unitree_go/share/unitree_go/cmake/unitree_go__rosidl_typesupport_introspection_cExport-noconfig.cmake
[52.520s] -- Installing: /home/alireza/thesis1/navigation_go2/go2_ws/install/unitree_go/share/unitree_go/cmake/unitree_go__rosidl_typesupport_cExport.cmake
[52.520s] -- Installing: /home/alireza/thesis1/navigation_go2/go2_ws/install/unitree_go/share/unitree_go/cmake/unitree_go__rosidl_typesupport_cExport-noconfig.cmake
[52.521s] -- Installing: /home/alireza/thesis1/navigation_go2/go2_ws/install/unitree_go/share/unitree_go/cmake/unitree_go__rosidl_generator_cppExport.cmake
[52.521s] -- Installing: /home/alireza/thesis1/navigation_go2/go2_ws/install/unitree_go/share/unitree_go/cmake/unitree_go__rosidl_typesupport_introspection_cppExport.cmake
[52.521s] -- Installing: /home/alireza/thesis1/navigation_go2/go2_ws/install/unitree_go/share/unitree_go/cmake/unitree_go__rosidl_typesupport_introspection_cppExport-noconfig.cmake
[52.521s] -- Installing: /home/alireza/thesis1/navigation_go2/go2_ws/install/unitree_go/share/unitree_go/cmake/unitree_go__rosidl_typesupport_cppExport.cmake
[52.522s] -- Installing: /home/alireza/thesis1/navigation_go2/go2_ws/install/unitree_go/share/unitree_go/cmake/unitree_go__rosidl_typesupport_cppExport-noconfig.cmake
[52.522s] -- Installing: /home/alireza/thesis1/navigation_go2/go2_ws/install/unitree_go/share/unitree_go/cmake/rosidl_cmake-extras.cmake
[52.522s] -- Installing: /home/alireza/thesis1/navigation_go2/go2_ws/install/unitree_go/share/unitree_go/cmake/ament_cmake_export_dependencies-extras.cmake
[52.523s] -- Installing: /home/alireza/thesis1/navigation_go2/go2_ws/install/unitree_go/share/unitree_go/cmake/ament_cmake_export_libraries-extras.cmake
[52.523s] -- Installing: /home/alireza/thesis1/navigation_go2/go2_ws/install/unitree_go/share/unitree_go/cmake/ament_cmake_export_targets-extras.cmake
[52.523s] -- Installing: /home/alireza/thesis1/navigation_go2/go2_ws/install/unitree_go/share/unitree_go/cmake/ament_cmake_export_include_directories-extras.cmake
[52.523s] -- Installing: /home/alireza/thesis1/navigation_go2/go2_ws/install/unitree_go/share/unitree_go/cmake/rosidl_cmake_export_typesupport_libraries-extras.cmake
[52.524s] -- Installing: /home/alireza/thesis1/navigation_go2/go2_ws/install/unitree_go/share/unitree_go/cmake/rosidl_cmake_export_typesupport_targets-extras.cmake
[52.524s] -- Installing: /home/alireza/thesis1/navigation_go2/go2_ws/install/unitree_go/share/unitree_go/cmake/unitree_goConfig.cmake
[52.524s] -- Installing: /home/alireza/thesis1/navigation_go2/go2_ws/install/unitree_go/share/unitree_go/cmake/unitree_goConfig-version.cmake
[52.524s] -- Installing: /home/alireza/thesis1/navigation_go2/go2_ws/install/unitree_go/share/unitree_go/package.xml
[52.527s] Invoked command in '/home/alireza/thesis1/navigation_go2/go2_ws/build/unitree_go' returned '0': CMAKE_PREFIX_PATH=/opt/ros/foxy /usr/bin/cmake --install /home/alireza/thesis1/navigation_go2/go2_ws/build/unitree_go
