[0.220s] DEBUG:colcon:Command line arguments: ['/usr/bin/colcon', 'build', '--cmake-args', '-DROS_EDITION=ROS2']
[0.220s] DEBUG:colcon:Parsed command line arguments: Namespace(allow_overriding=[], ament_cmake_args=None, base_paths=['.'], build_base='build', catkin_cmake_args=None, catkin_skip_building_tests=False, cmake_args=['-DROS_EDITION=ROS2'], cmake_clean_cache=False, cmake_clean_first=False, cmake_force_configure=False, cmake_target=None, cmake_target_skip_unavailable=False, continue_on_error=False, event_handlers=None, executor='parallel', ignore_user_meta=False, install_base='install', log_base=None, log_level=None, main=<bound method BuildVerb.main of <colcon_core.verb.build.BuildVerb object at 0x7ffb3c486520>>, merge_install=False, metas=['./colcon.meta'], packages_above=None, packages_above_and_dependencies=None, packages_above_depth=None, packages_end=None, packages_ignore=None, packages_ignore_regex=None, packages_select=None, packages_select_build_failed=False, packages_select_by_dep=None, packages_select_regex=None, packages_select_test_failures=False, packages_skip=None, packages_skip_build_finished=False, packages_skip_by_dep=None, packages_skip_regex=None, packages_skip_test_passed=False, packages_skip_up_to=None, packages_start=None, packages_up_to=None, packages_up_to_regex=None, parallel_workers=8, paths=None, symlink_install=False, test_result_base=None, verb_extension=<colcon_core.verb.build.BuildVerb object at 0x7ffb3c486520>, verb_name='build', verb_parser=<colcon_defaults.argument_parser.defaults.DefaultArgumentsDecorator object at 0x7ffb3c486a30>)
[0.407s] Level 1:colcon.colcon_core.package_discovery:discover_packages(colcon_meta) check parameters
[0.407s] Level 1:colcon.colcon_core.package_discovery:discover_packages(recursive) check parameters
[0.407s] Level 1:colcon.colcon_core.package_discovery:discover_packages(ignore) check parameters
[0.407s] Level 1:colcon.colcon_core.package_discovery:discover_packages(path) check parameters
[0.407s] Level 1:colcon.colcon_core.package_discovery:discover_packages(colcon_meta) discover
[0.407s] Level 1:colcon.colcon_core.package_discovery:discover_packages(recursive) discover
[0.407s] INFO:colcon.colcon_core.package_discovery:Crawling recursively for packages in '/home/alireza/thesis1/navigation_go2/go2_ws'
[0.407s] Level 1:colcon.colcon_core.package_identification:_identify(.) by extensions ['ignore', 'ignore_ament_install']
[0.407s] Level 1:colcon.colcon_core.package_identification:_identify(.) by extension 'ignore'
[0.407s] Level 1:colcon.colcon_core.package_identification:_identify(.) by extension 'ignore_ament_install'
[0.407s] Level 1:colcon.colcon_core.package_identification:_identify(.) by extensions ['colcon_pkg']
[0.407s] Level 1:colcon.colcon_core.package_identification:_identify(.) by extension 'colcon_pkg'
[0.407s] Level 1:colcon.colcon_core.package_identification:_identify(.) by extensions ['colcon_meta']
[0.408s] Level 1:colcon.colcon_core.package_identification:_identify(.) by extension 'colcon_meta'
[0.408s] Level 1:colcon.colcon_core.package_identification:_identify(.) by extensions ['ros']
[0.408s] Level 1:colcon.colcon_core.package_identification:_identify(.) by extension 'ros'
[0.421s] Level 1:colcon.colcon_core.package_identification:_identify(.) by extensions ['cmake', 'python']
[0.421s] Level 1:colcon.colcon_core.package_identification:_identify(.) by extension 'cmake'
[0.421s] Level 1:colcon.colcon_core.package_identification:_identify(.) by extension 'python'
[0.421s] Level 1:colcon.colcon_core.package_identification:_identify(.) by extensions ['python_setup_py']
[0.421s] Level 1:colcon.colcon_core.package_identification:_identify(.) by extension 'python_setup_py'
[0.421s] Level 1:colcon.colcon_core.package_identification:_identify(build) by extensions ['ignore', 'ignore_ament_install']
[0.421s] Level 1:colcon.colcon_core.package_identification:_identify(build) by extension 'ignore'
[0.421s] Level 1:colcon.colcon_core.package_identification:_identify(build) ignored
[0.421s] Level 1:colcon.colcon_core.package_identification:_identify(install) by extensions ['ignore', 'ignore_ament_install']
[0.421s] Level 1:colcon.colcon_core.package_identification:_identify(install) by extension 'ignore'
[0.422s] Level 1:colcon.colcon_core.package_identification:_identify(install) ignored
[0.422s] Level 1:colcon.colcon_core.package_identification:_identify(log) by extensions ['ignore', 'ignore_ament_install']
[0.422s] Level 1:colcon.colcon_core.package_identification:_identify(log) by extension 'ignore'
[0.422s] Level 1:colcon.colcon_core.package_identification:_identify(log) ignored
[0.422s] Level 1:colcon.colcon_core.package_identification:_identify(src) by extensions ['ignore', 'ignore_ament_install']
[0.422s] Level 1:colcon.colcon_core.package_identification:_identify(src) by extension 'ignore'
[0.422s] Level 1:colcon.colcon_core.package_identification:_identify(src) by extension 'ignore_ament_install'
[0.422s] Level 1:colcon.colcon_core.package_identification:_identify(src) by extensions ['colcon_pkg']
[0.422s] Level 1:colcon.colcon_core.package_identification:_identify(src) by extension 'colcon_pkg'
[0.422s] Level 1:colcon.colcon_core.package_identification:_identify(src) by extensions ['colcon_meta']
[0.422s] Level 1:colcon.colcon_core.package_identification:_identify(src) by extension 'colcon_meta'
[0.422s] Level 1:colcon.colcon_core.package_identification:_identify(src) by extensions ['ros']
[0.422s] Level 1:colcon.colcon_core.package_identification:_identify(src) by extension 'ros'
[0.423s] Level 1:colcon.colcon_core.package_identification:_identify(src) by extensions ['cmake', 'python']
[0.423s] Level 1:colcon.colcon_core.package_identification:_identify(src) by extension 'cmake'
[0.423s] Level 1:colcon.colcon_core.package_identification:_identify(src) by extension 'python'
[0.423s] Level 1:colcon.colcon_core.package_identification:_identify(src) by extensions ['python_setup_py']
[0.423s] Level 1:colcon.colcon_core.package_identification:_identify(src) by extension 'python_setup_py'
[0.423s] Level 1:colcon.colcon_core.package_identification:_identify(src/go2_description) by extensions ['ignore', 'ignore_ament_install']
[0.423s] Level 1:colcon.colcon_core.package_identification:_identify(src/go2_description) by extension 'ignore'
[0.423s] Level 1:colcon.colcon_core.package_identification:_identify(src/go2_description) by extension 'ignore_ament_install'
[0.423s] Level 1:colcon.colcon_core.package_identification:_identify(src/go2_description) by extensions ['colcon_pkg']
[0.423s] Level 1:colcon.colcon_core.package_identification:_identify(src/go2_description) by extension 'colcon_pkg'
[0.423s] Level 1:colcon.colcon_core.package_identification:_identify(src/go2_description) by extensions ['colcon_meta']
[0.423s] Level 1:colcon.colcon_core.package_identification:_identify(src/go2_description) by extension 'colcon_meta'
[0.423s] Level 1:colcon.colcon_core.package_identification:_identify(src/go2_description) by extensions ['ros']
[0.423s] Level 1:colcon.colcon_core.package_identification:_identify(src/go2_description) by extension 'ros'
[0.426s] DEBUG:colcon.colcon_core.package_identification:Package 'src/go2_description' with type 'ros.ament_cmake' and name 'go2_description'
[0.426s] Level 1:colcon.colcon_core.package_identification:_identify(src/go2_gazebo) by extensions ['ignore', 'ignore_ament_install']
[0.427s] Level 1:colcon.colcon_core.package_identification:_identify(src/go2_gazebo) by extension 'ignore'
[0.427s] Level 1:colcon.colcon_core.package_identification:_identify(src/go2_gazebo) by extension 'ignore_ament_install'
[0.427s] Level 1:colcon.colcon_core.package_identification:_identify(src/go2_gazebo) by extensions ['colcon_pkg']
[0.427s] Level 1:colcon.colcon_core.package_identification:_identify(src/go2_gazebo) by extension 'colcon_pkg'
[0.427s] Level 1:colcon.colcon_core.package_identification:_identify(src/go2_gazebo) by extensions ['colcon_meta']
[0.427s] Level 1:colcon.colcon_core.package_identification:_identify(src/go2_gazebo) by extension 'colcon_meta'
[0.427s] Level 1:colcon.colcon_core.package_identification:_identify(src/go2_gazebo) by extensions ['ros']
[0.427s] Level 1:colcon.colcon_core.package_identification:_identify(src/go2_gazebo) by extension 'ros'
[0.428s] DEBUG:colcon.colcon_core.package_identification:Package 'src/go2_gazebo' with type 'ros.ament_cmake' and name 'go2_gazebo'
[0.428s] Level 1:colcon.colcon_core.package_identification:_identify(src/go2_real) by extensions ['ignore', 'ignore_ament_install']
[0.428s] Level 1:colcon.colcon_core.package_identification:_identify(src/go2_real) by extension 'ignore'
[0.428s] Level 1:colcon.colcon_core.package_identification:_identify(src/go2_real) by extension 'ignore_ament_install'
[0.428s] Level 1:colcon.colcon_core.package_identification:_identify(src/go2_real) by extensions ['colcon_pkg']
[0.428s] Level 1:colcon.colcon_core.package_identification:_identify(src/go2_real) by extension 'colcon_pkg'
[0.428s] Level 1:colcon.colcon_core.package_identification:_identify(src/go2_real) by extensions ['colcon_meta']
[0.428s] Level 1:colcon.colcon_core.package_identification:_identify(src/go2_real) by extension 'colcon_meta'
[0.428s] Level 1:colcon.colcon_core.package_identification:_identify(src/go2_real) by extensions ['ros']
[0.428s] Level 1:colcon.colcon_core.package_identification:_identify(src/go2_real) by extension 'ros'
[0.429s] DEBUG:colcon.colcon_core.package_identification:Package 'src/go2_real' with type 'ros.ament_cmake' and name 'go2_real'
[0.430s] Level 1:colcon.colcon_core.package_identification:_identify(src/livox_ros_driver2) by extensions ['ignore', 'ignore_ament_install']
[0.430s] Level 1:colcon.colcon_core.package_identification:_identify(src/livox_ros_driver2) by extension 'ignore'
[0.430s] Level 1:colcon.colcon_core.package_identification:_identify(src/livox_ros_driver2) by extension 'ignore_ament_install'
[0.430s] Level 1:colcon.colcon_core.package_identification:_identify(src/livox_ros_driver2) by extensions ['colcon_pkg']
[0.430s] Level 1:colcon.colcon_core.package_identification:_identify(src/livox_ros_driver2) by extension 'colcon_pkg'
[0.430s] Level 1:colcon.colcon_core.package_identification:_identify(src/livox_ros_driver2) by extensions ['colcon_meta']
[0.430s] Level 1:colcon.colcon_core.package_identification:_identify(src/livox_ros_driver2) by extension 'colcon_meta'
[0.430s] Level 1:colcon.colcon_core.package_identification:_identify(src/livox_ros_driver2) by extensions ['ros']
[0.430s] Level 1:colcon.colcon_core.package_identification:_identify(src/livox_ros_driver2) by extension 'ros'
[0.431s] DEBUG:colcon.colcon_core.package_identification:Package 'src/livox_ros_driver2' with type 'ros.ament_cmake' and name 'livox_ros_driver2'
[0.432s] Level 1:colcon.colcon_core.package_identification:_identify(src/pointcloud_to_laserscan) by extensions ['ignore', 'ignore_ament_install']
[0.432s] Level 1:colcon.colcon_core.package_identification:_identify(src/pointcloud_to_laserscan) by extension 'ignore'
[0.432s] Level 1:colcon.colcon_core.package_identification:_identify(src/pointcloud_to_laserscan) by extension 'ignore_ament_install'
[0.432s] Level 1:colcon.colcon_core.package_identification:_identify(src/pointcloud_to_laserscan) by extensions ['colcon_pkg']
[0.432s] Level 1:colcon.colcon_core.package_identification:_identify(src/pointcloud_to_laserscan) by extension 'colcon_pkg'
[0.432s] Level 1:colcon.colcon_core.package_identification:_identify(src/pointcloud_to_laserscan) by extensions ['colcon_meta']
[0.432s] Level 1:colcon.colcon_core.package_identification:_identify(src/pointcloud_to_laserscan) by extension 'colcon_meta'
[0.432s] Level 1:colcon.colcon_core.package_identification:_identify(src/pointcloud_to_laserscan) by extensions ['ros']
[0.432s] Level 1:colcon.colcon_core.package_identification:_identify(src/pointcloud_to_laserscan) by extension 'ros'
[0.433s] DEBUG:colcon.colcon_core.package_identification:Package 'src/pointcloud_to_laserscan' with type 'ros.ament_cmake' and name 'pointcloud_to_laserscan'
[0.434s] Level 1:colcon.colcon_core.package_identification:_identify(src/unitree_api) by extensions ['ignore', 'ignore_ament_install']
[0.434s] Level 1:colcon.colcon_core.package_identification:_identify(src/unitree_api) by extension 'ignore'
[0.434s] Level 1:colcon.colcon_core.package_identification:_identify(src/unitree_api) by extension 'ignore_ament_install'
[0.434s] Level 1:colcon.colcon_core.package_identification:_identify(src/unitree_api) by extensions ['colcon_pkg']
[0.434s] Level 1:colcon.colcon_core.package_identification:_identify(src/unitree_api) by extension 'colcon_pkg'
[0.434s] Level 1:colcon.colcon_core.package_identification:_identify(src/unitree_api) by extensions ['colcon_meta']
[0.434s] Level 1:colcon.colcon_core.package_identification:_identify(src/unitree_api) by extension 'colcon_meta'
[0.434s] Level 1:colcon.colcon_core.package_identification:_identify(src/unitree_api) by extensions ['ros']
[0.434s] Level 1:colcon.colcon_core.package_identification:_identify(src/unitree_api) by extension 'ros'
[0.435s] DEBUG:colcon.colcon_core.package_identification:Package 'src/unitree_api' with type 'ros.ament_cmake' and name 'unitree_api'
[0.435s] Level 1:colcon.colcon_core.package_identification:_identify(src/unitree_go) by extensions ['ignore', 'ignore_ament_install']
[0.435s] Level 1:colcon.colcon_core.package_identification:_identify(src/unitree_go) by extension 'ignore'
[0.435s] Level 1:colcon.colcon_core.package_identification:_identify(src/unitree_go) by extension 'ignore_ament_install'
[0.435s] Level 1:colcon.colcon_core.package_identification:_identify(src/unitree_go) by extensions ['colcon_pkg']
[0.435s] Level 1:colcon.colcon_core.package_identification:_identify(src/unitree_go) by extension 'colcon_pkg'
[0.435s] Level 1:colcon.colcon_core.package_identification:_identify(src/unitree_go) by extensions ['colcon_meta']
[0.435s] Level 1:colcon.colcon_core.package_identification:_identify(src/unitree_go) by extension 'colcon_meta'
[0.435s] Level 1:colcon.colcon_core.package_identification:_identify(src/unitree_go) by extensions ['ros']
[0.435s] Level 1:colcon.colcon_core.package_identification:_identify(src/unitree_go) by extension 'ros'
[0.436s] DEBUG:colcon.colcon_core.package_identification:Package 'src/unitree_go' with type 'ros.ament_cmake' and name 'unitree_go'
[0.436s] Level 1:colcon.colcon_core.package_identification:_identify(src/unitree_hg) by extensions ['ignore', 'ignore_ament_install']
[0.436s] Level 1:colcon.colcon_core.package_identification:_identify(src/unitree_hg) by extension 'ignore'
[0.436s] Level 1:colcon.colcon_core.package_identification:_identify(src/unitree_hg) by extension 'ignore_ament_install'
[0.436s] Level 1:colcon.colcon_core.package_identification:_identify(src/unitree_hg) by extensions ['colcon_pkg']
[0.436s] Level 1:colcon.colcon_core.package_identification:_identify(src/unitree_hg) by extension 'colcon_pkg'
[0.436s] Level 1:colcon.colcon_core.package_identification:_identify(src/unitree_hg) by extensions ['colcon_meta']
[0.436s] Level 1:colcon.colcon_core.package_identification:_identify(src/unitree_hg) by extension 'colcon_meta'
[0.436s] Level 1:colcon.colcon_core.package_identification:_identify(src/unitree_hg) by extensions ['ros']
[0.436s] Level 1:colcon.colcon_core.package_identification:_identify(src/unitree_hg) by extension 'ros'
[0.437s] DEBUG:colcon.colcon_core.package_identification:Package 'src/unitree_hg' with type 'ros.ament_cmake' and name 'unitree_hg'
[0.437s] Level 1:colcon.colcon_core.package_identification:_identify(src/unitree_ros2) by extensions ['ignore', 'ignore_ament_install']
[0.437s] Level 1:colcon.colcon_core.package_identification:_identify(src/unitree_ros2) by extension 'ignore'
[0.437s] Level 1:colcon.colcon_core.package_identification:_identify(src/unitree_ros2) by extension 'ignore_ament_install'
[0.438s] Level 1:colcon.colcon_core.package_identification:_identify(src/unitree_ros2) by extensions ['colcon_pkg']
[0.438s] Level 1:colcon.colcon_core.package_identification:_identify(src/unitree_ros2) by extension 'colcon_pkg'
[0.438s] Level 1:colcon.colcon_core.package_identification:_identify(src/unitree_ros2) by extensions ['colcon_meta']
[0.438s] Level 1:colcon.colcon_core.package_identification:_identify(src/unitree_ros2) by extension 'colcon_meta'
[0.438s] Level 1:colcon.colcon_core.package_identification:_identify(src/unitree_ros2) by extensions ['ros']
[0.438s] Level 1:colcon.colcon_core.package_identification:_identify(src/unitree_ros2) by extension 'ros'
[0.438s] Level 1:colcon.colcon_core.package_identification:_identify(src/unitree_ros2) by extensions ['cmake', 'python']
[0.438s] Level 1:colcon.colcon_core.package_identification:_identify(src/unitree_ros2) by extension 'cmake'
[0.438s] Level 1:colcon.colcon_core.package_identification:_identify(src/unitree_ros2) by extension 'python'
[0.438s] Level 1:colcon.colcon_core.package_identification:_identify(src/unitree_ros2) by extensions ['python_setup_py']
[0.438s] Level 1:colcon.colcon_core.package_identification:_identify(src/unitree_ros2) by extension 'python_setup_py'
[0.438s] Level 1:colcon.colcon_core.package_identification:_identify(src/unitree_ros2/cyclonedds_ws) by extensions ['ignore', 'ignore_ament_install']
[0.438s] Level 1:colcon.colcon_core.package_identification:_identify(src/unitree_ros2/cyclonedds_ws) by extension 'ignore'
[0.438s] Level 1:colcon.colcon_core.package_identification:_identify(src/unitree_ros2/cyclonedds_ws) by extension 'ignore_ament_install'
[0.438s] Level 1:colcon.colcon_core.package_identification:_identify(src/unitree_ros2/cyclonedds_ws) by extensions ['colcon_pkg']
[0.438s] Level 1:colcon.colcon_core.package_identification:_identify(src/unitree_ros2/cyclonedds_ws) by extension 'colcon_pkg'
[0.438s] Level 1:colcon.colcon_core.package_identification:_identify(src/unitree_ros2/cyclonedds_ws) by extensions ['colcon_meta']
[0.439s] Level 1:colcon.colcon_core.package_identification:_identify(src/unitree_ros2/cyclonedds_ws) by extension 'colcon_meta'
[0.439s] Level 1:colcon.colcon_core.package_identification:_identify(src/unitree_ros2/cyclonedds_ws) by extensions ['ros']
[0.439s] Level 1:colcon.colcon_core.package_identification:_identify(src/unitree_ros2/cyclonedds_ws) by extension 'ros'
[0.439s] Level 1:colcon.colcon_core.package_identification:_identify(src/unitree_ros2/cyclonedds_ws) by extensions ['cmake', 'python']
[0.439s] Level 1:colcon.colcon_core.package_identification:_identify(src/unitree_ros2/cyclonedds_ws) by extension 'cmake'
[0.439s] Level 1:colcon.colcon_core.package_identification:_identify(src/unitree_ros2/cyclonedds_ws) by extension 'python'
[0.439s] Level 1:colcon.colcon_core.package_identification:_identify(src/unitree_ros2/cyclonedds_ws) by extensions ['python_setup_py']
[0.439s] Level 1:colcon.colcon_core.package_identification:_identify(src/unitree_ros2/cyclonedds_ws) by extension 'python_setup_py'
[0.439s] Level 1:colcon.colcon_core.package_identification:_identify(src/unitree_ros2/cyclonedds_ws/build) by extensions ['ignore', 'ignore_ament_install']
[0.439s] Level 1:colcon.colcon_core.package_identification:_identify(src/unitree_ros2/cyclonedds_ws/build) by extension 'ignore'
[0.439s] Level 1:colcon.colcon_core.package_identification:_identify(src/unitree_ros2/cyclonedds_ws/build) ignored
[0.439s] Level 1:colcon.colcon_core.package_identification:_identify(src/unitree_ros2/cyclonedds_ws/install) by extensions ['ignore', 'ignore_ament_install']
[0.440s] Level 1:colcon.colcon_core.package_identification:_identify(src/unitree_ros2/cyclonedds_ws/install) by extension 'ignore'
[0.440s] Level 1:colcon.colcon_core.package_identification:_identify(src/unitree_ros2/cyclonedds_ws/install) ignored
[0.440s] Level 1:colcon.colcon_core.package_identification:_identify(src/unitree_ros2/cyclonedds_ws/log) by extensions ['ignore', 'ignore_ament_install']
[0.440s] Level 1:colcon.colcon_core.package_identification:_identify(src/unitree_ros2/cyclonedds_ws/log) by extension 'ignore'
[0.440s] Level 1:colcon.colcon_core.package_identification:_identify(src/unitree_ros2/cyclonedds_ws/log) ignored
[0.440s] Level 1:colcon.colcon_core.package_identification:_identify(src/unitree_ros2/cyclonedds_ws/src) by extensions ['ignore', 'ignore_ament_install']
[0.440s] Level 1:colcon.colcon_core.package_identification:_identify(src/unitree_ros2/cyclonedds_ws/src) by extension 'ignore'
[0.440s] Level 1:colcon.colcon_core.package_identification:_identify(src/unitree_ros2/cyclonedds_ws/src) by extension 'ignore_ament_install'
[0.440s] Level 1:colcon.colcon_core.package_identification:_identify(src/unitree_ros2/cyclonedds_ws/src) by extensions ['colcon_pkg']
[0.440s] Level 1:colcon.colcon_core.package_identification:_identify(src/unitree_ros2/cyclonedds_ws/src) by extension 'colcon_pkg'
[0.440s] Level 1:colcon.colcon_core.package_identification:_identify(src/unitree_ros2/cyclonedds_ws/src) by extensions ['colcon_meta']
[0.440s] Level 1:colcon.colcon_core.package_identification:_identify(src/unitree_ros2/cyclonedds_ws/src) by extension 'colcon_meta'
[0.440s] Level 1:colcon.colcon_core.package_identification:_identify(src/unitree_ros2/cyclonedds_ws/src) by extensions ['ros']
[0.440s] Level 1:colcon.colcon_core.package_identification:_identify(src/unitree_ros2/cyclonedds_ws/src) by extension 'ros'
[0.440s] Level 1:colcon.colcon_core.package_identification:_identify(src/unitree_ros2/cyclonedds_ws/src) by extensions ['cmake', 'python']
[0.441s] Level 1:colcon.colcon_core.package_identification:_identify(src/unitree_ros2/cyclonedds_ws/src) by extension 'cmake'
[0.441s] Level 1:colcon.colcon_core.package_identification:_identify(src/unitree_ros2/cyclonedds_ws/src) by extension 'python'
[0.441s] Level 1:colcon.colcon_core.package_identification:_identify(src/unitree_ros2/cyclonedds_ws/src) by extensions ['python_setup_py']
[0.441s] Level 1:colcon.colcon_core.package_identification:_identify(src/unitree_ros2/cyclonedds_ws/src) by extension 'python_setup_py'
[0.441s] Level 1:colcon.colcon_core.package_identification:_identify(src/unitree_ros2/cyclonedds_ws/src/cyclonedds) by extensions ['ignore', 'ignore_ament_install']
[0.441s] Level 1:colcon.colcon_core.package_identification:_identify(src/unitree_ros2/cyclonedds_ws/src/cyclonedds) by extension 'ignore'
[0.441s] Level 1:colcon.colcon_core.package_identification:_identify(src/unitree_ros2/cyclonedds_ws/src/cyclonedds) ignored
[0.441s] Level 1:colcon.colcon_core.package_identification:_identify(src/unitree_ros2/cyclonedds_ws/src/rmw_cyclonedds) by extensions ['ignore', 'ignore_ament_install']
[0.441s] Level 1:colcon.colcon_core.package_identification:_identify(src/unitree_ros2/cyclonedds_ws/src/rmw_cyclonedds) by extension 'ignore'
[0.441s] Level 1:colcon.colcon_core.package_identification:_identify(src/unitree_ros2/cyclonedds_ws/src/rmw_cyclonedds) ignored
[0.441s] Level 1:colcon.colcon_core.package_identification:_identify(src/unitree_ros2/cyclonedds_ws/src/unitree) by extensions ['ignore', 'ignore_ament_install']
[0.441s] Level 1:colcon.colcon_core.package_identification:_identify(src/unitree_ros2/cyclonedds_ws/src/unitree) by extension 'ignore'
[0.441s] Level 1:colcon.colcon_core.package_identification:_identify(src/unitree_ros2/cyclonedds_ws/src/unitree) ignored
[0.442s] Level 1:colcon.colcon_core.package_identification:_identify(src/unitree_ros2/docs) by extensions ['ignore', 'ignore_ament_install']
[0.442s] Level 1:colcon.colcon_core.package_identification:_identify(src/unitree_ros2/docs) by extension 'ignore'
[0.442s] Level 1:colcon.colcon_core.package_identification:_identify(src/unitree_ros2/docs) by extension 'ignore_ament_install'
[0.442s] Level 1:colcon.colcon_core.package_identification:_identify(src/unitree_ros2/docs) by extensions ['colcon_pkg']
[0.442s] Level 1:colcon.colcon_core.package_identification:_identify(src/unitree_ros2/docs) by extension 'colcon_pkg'
[0.442s] Level 1:colcon.colcon_core.package_identification:_identify(src/unitree_ros2/docs) by extensions ['colcon_meta']
[0.442s] Level 1:colcon.colcon_core.package_identification:_identify(src/unitree_ros2/docs) by extension 'colcon_meta'
[0.442s] Level 1:colcon.colcon_core.package_identification:_identify(src/unitree_ros2/docs) by extensions ['ros']
[0.442s] Level 1:colcon.colcon_core.package_identification:_identify(src/unitree_ros2/docs) by extension 'ros'
[0.442s] Level 1:colcon.colcon_core.package_identification:_identify(src/unitree_ros2/docs) by extensions ['cmake', 'python']
[0.442s] Level 1:colcon.colcon_core.package_identification:_identify(src/unitree_ros2/docs) by extension 'cmake'
[0.442s] Level 1:colcon.colcon_core.package_identification:_identify(src/unitree_ros2/docs) by extension 'python'
[0.442s] Level 1:colcon.colcon_core.package_identification:_identify(src/unitree_ros2/docs) by extensions ['python_setup_py']
[0.442s] Level 1:colcon.colcon_core.package_identification:_identify(src/unitree_ros2/docs) by extension 'python_setup_py'
[0.442s] Level 1:colcon.colcon_core.package_identification:_identify(src/unitree_ros2/docs/image) by extensions ['ignore', 'ignore_ament_install']
[0.442s] Level 1:colcon.colcon_core.package_identification:_identify(src/unitree_ros2/docs/image) by extension 'ignore'
[0.443s] Level 1:colcon.colcon_core.package_identification:_identify(src/unitree_ros2/docs/image) by extension 'ignore_ament_install'
[0.443s] Level 1:colcon.colcon_core.package_identification:_identify(src/unitree_ros2/docs/image) by extensions ['colcon_pkg']
[0.443s] Level 1:colcon.colcon_core.package_identification:_identify(src/unitree_ros2/docs/image) by extension 'colcon_pkg'
[0.443s] Level 1:colcon.colcon_core.package_identification:_identify(src/unitree_ros2/docs/image) by extensions ['colcon_meta']
[0.443s] Level 1:colcon.colcon_core.package_identification:_identify(src/unitree_ros2/docs/image) by extension 'colcon_meta'
[0.443s] Level 1:colcon.colcon_core.package_identification:_identify(src/unitree_ros2/docs/image) by extensions ['ros']
[0.443s] Level 1:colcon.colcon_core.package_identification:_identify(src/unitree_ros2/docs/image) by extension 'ros'
[0.443s] Level 1:colcon.colcon_core.package_identification:_identify(src/unitree_ros2/docs/image) by extensions ['cmake', 'python']
[0.443s] Level 1:colcon.colcon_core.package_identification:_identify(src/unitree_ros2/docs/image) by extension 'cmake'
[0.443s] Level 1:colcon.colcon_core.package_identification:_identify(src/unitree_ros2/docs/image) by extension 'python'
[0.443s] Level 1:colcon.colcon_core.package_identification:_identify(src/unitree_ros2/docs/image) by extensions ['python_setup_py']
[0.443s] Level 1:colcon.colcon_core.package_identification:_identify(src/unitree_ros2/docs/image) by extension 'python_setup_py'
[0.443s] Level 1:colcon.colcon_core.package_identification:_identify(src/unitree_ros2/example) by extensions ['ignore', 'ignore_ament_install']
[0.443s] Level 1:colcon.colcon_core.package_identification:_identify(src/unitree_ros2/example) by extension 'ignore'
[0.443s] Level 1:colcon.colcon_core.package_identification:_identify(src/unitree_ros2/example) by extension 'ignore_ament_install'
[0.443s] Level 1:colcon.colcon_core.package_identification:_identify(src/unitree_ros2/example) by extensions ['colcon_pkg']
[0.444s] Level 1:colcon.colcon_core.package_identification:_identify(src/unitree_ros2/example) by extension 'colcon_pkg'
[0.444s] Level 1:colcon.colcon_core.package_identification:_identify(src/unitree_ros2/example) by extensions ['colcon_meta']
[0.444s] Level 1:colcon.colcon_core.package_identification:_identify(src/unitree_ros2/example) by extension 'colcon_meta'
[0.444s] Level 1:colcon.colcon_core.package_identification:_identify(src/unitree_ros2/example) by extensions ['ros']
[0.444s] Level 1:colcon.colcon_core.package_identification:_identify(src/unitree_ros2/example) by extension 'ros'
[0.444s] Level 1:colcon.colcon_core.package_identification:_identify(src/unitree_ros2/example) by extensions ['cmake', 'python']
[0.444s] Level 1:colcon.colcon_core.package_identification:_identify(src/unitree_ros2/example) by extension 'cmake'
[0.444s] Level 1:colcon.colcon_core.package_identification:_identify(src/unitree_ros2/example) by extension 'python'
[0.444s] Level 1:colcon.colcon_core.package_identification:_identify(src/unitree_ros2/example) by extensions ['python_setup_py']
[0.444s] Level 1:colcon.colcon_core.package_identification:_identify(src/unitree_ros2/example) by extension 'python_setup_py'
[0.444s] Level 1:colcon.colcon_core.package_identification:_identify(src/unitree_ros2/example/src) by extensions ['ignore', 'ignore_ament_install']
[0.444s] Level 1:colcon.colcon_core.package_identification:_identify(src/unitree_ros2/example/src) by extension 'ignore'
[0.444s] Level 1:colcon.colcon_core.package_identification:_identify(src/unitree_ros2/example/src) by extension 'ignore_ament_install'
[0.444s] Level 1:colcon.colcon_core.package_identification:_identify(src/unitree_ros2/example/src) by extensions ['colcon_pkg']
[0.444s] Level 1:colcon.colcon_core.package_identification:_identify(src/unitree_ros2/example/src) by extension 'colcon_pkg'
[0.444s] Level 1:colcon.colcon_core.package_identification:_identify(src/unitree_ros2/example/src) by extensions ['colcon_meta']
[0.444s] Level 1:colcon.colcon_core.package_identification:_identify(src/unitree_ros2/example/src) by extension 'colcon_meta'
[0.445s] Level 1:colcon.colcon_core.package_identification:_identify(src/unitree_ros2/example/src) by extensions ['ros']
[0.445s] Level 1:colcon.colcon_core.package_identification:_identify(src/unitree_ros2/example/src) by extension 'ros'
[0.446s] DEBUG:colcon.colcon_core.package_identification:Package 'src/unitree_ros2/example/src' with type 'ros.ament_cmake' and name 'unitree_ros2_example'
[0.446s] Level 1:colcon.colcon_core.package_discovery:discover_packages(recursive) using defaults
[0.446s] Level 1:colcon.colcon_core.package_discovery:discover_packages(ignore) discover
[0.446s] Level 1:colcon.colcon_core.package_discovery:discover_packages(ignore) using defaults
[0.446s] Level 1:colcon.colcon_core.package_discovery:discover_packages(path) discover
[0.446s] Level 1:colcon.colcon_core.package_discovery:discover_packages(path) using defaults
[0.467s] Level 1:colcon.colcon_core.package_discovery:discover_packages(prefix_path) check parameters
[0.467s] Level 1:colcon.colcon_core.package_discovery:discover_packages(prefix_path) discover
[0.470s] DEBUG:colcon.colcon_installed_package_information.package_discovery:Found 372 installed packages in /opt/ros/foxy
[0.473s] Level 1:colcon.colcon_core.package_discovery:discover_packages(prefix_path) using defaults
[0.578s] Level 5:colcon.colcon_core.verb:set package 'go2_description' build argument 'cmake_args' from command line to '['-DROS_EDITION=ROS2']'
[0.579s] Level 5:colcon.colcon_core.verb:set package 'go2_description' build argument 'cmake_target' from command line to 'None'
[0.579s] Level 5:colcon.colcon_core.verb:set package 'go2_description' build argument 'cmake_target_skip_unavailable' from command line to 'False'
[0.579s] Level 5:colcon.colcon_core.verb:set package 'go2_description' build argument 'cmake_clean_cache' from command line to 'False'
[0.579s] Level 5:colcon.colcon_core.verb:set package 'go2_description' build argument 'cmake_clean_first' from command line to 'False'
[0.579s] Level 5:colcon.colcon_core.verb:set package 'go2_description' build argument 'cmake_force_configure' from command line to 'False'
[0.579s] Level 5:colcon.colcon_core.verb:set package 'go2_description' build argument 'ament_cmake_args' from command line to 'None'
[0.579s] Level 5:colcon.colcon_core.verb:set package 'go2_description' build argument 'catkin_cmake_args' from command line to 'None'
[0.579s] Level 5:colcon.colcon_core.verb:set package 'go2_description' build argument 'catkin_skip_building_tests' from command line to 'False'
[0.579s] DEBUG:colcon.colcon_core.verb:Building package 'go2_description' with the following arguments: {'ament_cmake_args': None, 'build_base': '/home/alireza/thesis1/navigation_go2/go2_ws/build/go2_description', 'catkin_cmake_args': None, 'catkin_skip_building_tests': False, 'cmake_args': ['-DROS_EDITION=ROS2'], 'cmake_clean_cache': False, 'cmake_clean_first': False, 'cmake_force_configure': False, 'cmake_target': None, 'cmake_target_skip_unavailable': False, 'install_base': '/home/alireza/thesis1/navigation_go2/go2_ws/install/go2_description', 'merge_install': False, 'path': '/home/alireza/thesis1/navigation_go2/go2_ws/src/go2_description', 'symlink_install': False, 'test_result_base': None}
[0.579s] Level 5:colcon.colcon_core.verb:set package 'livox_ros_driver2' build argument 'cmake_args' from command line to '['-DROS_EDITION=ROS2']'
[0.579s] Level 5:colcon.colcon_core.verb:set package 'livox_ros_driver2' build argument 'cmake_target' from command line to 'None'
[0.579s] Level 5:colcon.colcon_core.verb:set package 'livox_ros_driver2' build argument 'cmake_target_skip_unavailable' from command line to 'False'
[0.579s] Level 5:colcon.colcon_core.verb:set package 'livox_ros_driver2' build argument 'cmake_clean_cache' from command line to 'False'
[0.579s] Level 5:colcon.colcon_core.verb:set package 'livox_ros_driver2' build argument 'cmake_clean_first' from command line to 'False'
[0.580s] Level 5:colcon.colcon_core.verb:set package 'livox_ros_driver2' build argument 'cmake_force_configure' from command line to 'False'
[0.580s] Level 5:colcon.colcon_core.verb:set package 'livox_ros_driver2' build argument 'ament_cmake_args' from command line to 'None'
[0.580s] Level 5:colcon.colcon_core.verb:set package 'livox_ros_driver2' build argument 'catkin_cmake_args' from command line to 'None'
[0.580s] Level 5:colcon.colcon_core.verb:set package 'livox_ros_driver2' build argument 'catkin_skip_building_tests' from command line to 'False'
[0.580s] DEBUG:colcon.colcon_core.verb:Building package 'livox_ros_driver2' with the following arguments: {'ament_cmake_args': None, 'build_base': '/home/alireza/thesis1/navigation_go2/go2_ws/build/livox_ros_driver2', 'catkin_cmake_args': None, 'catkin_skip_building_tests': False, 'cmake_args': ['-DROS_EDITION=ROS2'], 'cmake_clean_cache': False, 'cmake_clean_first': False, 'cmake_force_configure': False, 'cmake_target': None, 'cmake_target_skip_unavailable': False, 'install_base': '/home/alireza/thesis1/navigation_go2/go2_ws/install/livox_ros_driver2', 'merge_install': False, 'path': '/home/alireza/thesis1/navigation_go2/go2_ws/src/livox_ros_driver2', 'symlink_install': False, 'test_result_base': None}
[0.580s] Level 5:colcon.colcon_core.verb:set package 'pointcloud_to_laserscan' build argument 'cmake_args' from command line to '['-DROS_EDITION=ROS2']'
[0.580s] Level 5:colcon.colcon_core.verb:set package 'pointcloud_to_laserscan' build argument 'cmake_target' from command line to 'None'
[0.580s] Level 5:colcon.colcon_core.verb:set package 'pointcloud_to_laserscan' build argument 'cmake_target_skip_unavailable' from command line to 'False'
[0.580s] Level 5:colcon.colcon_core.verb:set package 'pointcloud_to_laserscan' build argument 'cmake_clean_cache' from command line to 'False'
[0.580s] Level 5:colcon.colcon_core.verb:set package 'pointcloud_to_laserscan' build argument 'cmake_clean_first' from command line to 'False'
[0.580s] Level 5:colcon.colcon_core.verb:set package 'pointcloud_to_laserscan' build argument 'cmake_force_configure' from command line to 'False'
[0.580s] Level 5:colcon.colcon_core.verb:set package 'pointcloud_to_laserscan' build argument 'ament_cmake_args' from command line to 'None'
[0.580s] Level 5:colcon.colcon_core.verb:set package 'pointcloud_to_laserscan' build argument 'catkin_cmake_args' from command line to 'None'
[0.580s] Level 5:colcon.colcon_core.verb:set package 'pointcloud_to_laserscan' build argument 'catkin_skip_building_tests' from command line to 'False'
[0.580s] DEBUG:colcon.colcon_core.verb:Building package 'pointcloud_to_laserscan' with the following arguments: {'ament_cmake_args': None, 'build_base': '/home/alireza/thesis1/navigation_go2/go2_ws/build/pointcloud_to_laserscan', 'catkin_cmake_args': None, 'catkin_skip_building_tests': False, 'cmake_args': ['-DROS_EDITION=ROS2'], 'cmake_clean_cache': False, 'cmake_clean_first': False, 'cmake_force_configure': False, 'cmake_target': None, 'cmake_target_skip_unavailable': False, 'install_base': '/home/alireza/thesis1/navigation_go2/go2_ws/install/pointcloud_to_laserscan', 'merge_install': False, 'path': '/home/alireza/thesis1/navigation_go2/go2_ws/src/pointcloud_to_laserscan', 'symlink_install': False, 'test_result_base': None}
[0.581s] Level 5:colcon.colcon_core.verb:set package 'unitree_api' build argument 'cmake_args' from command line to '['-DROS_EDITION=ROS2']'
[0.581s] Level 5:colcon.colcon_core.verb:set package 'unitree_api' build argument 'cmake_target' from command line to 'None'
[0.581s] Level 5:colcon.colcon_core.verb:set package 'unitree_api' build argument 'cmake_target_skip_unavailable' from command line to 'False'
[0.581s] Level 5:colcon.colcon_core.verb:set package 'unitree_api' build argument 'cmake_clean_cache' from command line to 'False'
[0.581s] Level 5:colcon.colcon_core.verb:set package 'unitree_api' build argument 'cmake_clean_first' from command line to 'False'
[0.581s] Level 5:colcon.colcon_core.verb:set package 'unitree_api' build argument 'cmake_force_configure' from command line to 'False'
[0.581s] Level 5:colcon.colcon_core.verb:set package 'unitree_api' build argument 'ament_cmake_args' from command line to 'None'
[0.581s] Level 5:colcon.colcon_core.verb:set package 'unitree_api' build argument 'catkin_cmake_args' from command line to 'None'
[0.581s] Level 5:colcon.colcon_core.verb:set package 'unitree_api' build argument 'catkin_skip_building_tests' from command line to 'False'
[0.581s] DEBUG:colcon.colcon_core.verb:Building package 'unitree_api' with the following arguments: {'ament_cmake_args': None, 'build_base': '/home/alireza/thesis1/navigation_go2/go2_ws/build/unitree_api', 'catkin_cmake_args': None, 'catkin_skip_building_tests': False, 'cmake_args': ['-DROS_EDITION=ROS2'], 'cmake_clean_cache': False, 'cmake_clean_first': False, 'cmake_force_configure': False, 'cmake_target': None, 'cmake_target_skip_unavailable': False, 'install_base': '/home/alireza/thesis1/navigation_go2/go2_ws/install/unitree_api', 'merge_install': False, 'path': '/home/alireza/thesis1/navigation_go2/go2_ws/src/unitree_api', 'symlink_install': False, 'test_result_base': None}
[0.581s] Level 5:colcon.colcon_core.verb:set package 'unitree_go' build argument 'cmake_args' from command line to '['-DROS_EDITION=ROS2']'
[0.581s] Level 5:colcon.colcon_core.verb:set package 'unitree_go' build argument 'cmake_target' from command line to 'None'
[0.581s] Level 5:colcon.colcon_core.verb:set package 'unitree_go' build argument 'cmake_target_skip_unavailable' from command line to 'False'
[0.582s] Level 5:colcon.colcon_core.verb:set package 'unitree_go' build argument 'cmake_clean_cache' from command line to 'False'
[0.582s] Level 5:colcon.colcon_core.verb:set package 'unitree_go' build argument 'cmake_clean_first' from command line to 'False'
[0.582s] Level 5:colcon.colcon_core.verb:set package 'unitree_go' build argument 'cmake_force_configure' from command line to 'False'
[0.582s] Level 5:colcon.colcon_core.verb:set package 'unitree_go' build argument 'ament_cmake_args' from command line to 'None'
[0.582s] Level 5:colcon.colcon_core.verb:set package 'unitree_go' build argument 'catkin_cmake_args' from command line to 'None'
[0.582s] Level 5:colcon.colcon_core.verb:set package 'unitree_go' build argument 'catkin_skip_building_tests' from command line to 'False'
[0.582s] DEBUG:colcon.colcon_core.verb:Building package 'unitree_go' with the following arguments: {'ament_cmake_args': None, 'build_base': '/home/alireza/thesis1/navigation_go2/go2_ws/build/unitree_go', 'catkin_cmake_args': None, 'catkin_skip_building_tests': False, 'cmake_args': ['-DROS_EDITION=ROS2'], 'cmake_clean_cache': False, 'cmake_clean_first': False, 'cmake_force_configure': False, 'cmake_target': None, 'cmake_target_skip_unavailable': False, 'install_base': '/home/alireza/thesis1/navigation_go2/go2_ws/install/unitree_go', 'merge_install': False, 'path': '/home/alireza/thesis1/navigation_go2/go2_ws/src/unitree_go', 'symlink_install': False, 'test_result_base': None}
[0.582s] Level 5:colcon.colcon_core.verb:set package 'unitree_hg' build argument 'cmake_args' from command line to '['-DROS_EDITION=ROS2']'
[0.582s] Level 5:colcon.colcon_core.verb:set package 'unitree_hg' build argument 'cmake_target' from command line to 'None'
[0.582s] Level 5:colcon.colcon_core.verb:set package 'unitree_hg' build argument 'cmake_target_skip_unavailable' from command line to 'False'
[0.582s] Level 5:colcon.colcon_core.verb:set package 'unitree_hg' build argument 'cmake_clean_cache' from command line to 'False'
[0.582s] Level 5:colcon.colcon_core.verb:set package 'unitree_hg' build argument 'cmake_clean_first' from command line to 'False'
[0.582s] Level 5:colcon.colcon_core.verb:set package 'unitree_hg' build argument 'cmake_force_configure' from command line to 'False'
[0.582s] Level 5:colcon.colcon_core.verb:set package 'unitree_hg' build argument 'ament_cmake_args' from command line to 'None'
[0.582s] Level 5:colcon.colcon_core.verb:set package 'unitree_hg' build argument 'catkin_cmake_args' from command line to 'None'
[0.582s] Level 5:colcon.colcon_core.verb:set package 'unitree_hg' build argument 'catkin_skip_building_tests' from command line to 'False'
[0.582s] DEBUG:colcon.colcon_core.verb:Building package 'unitree_hg' with the following arguments: {'ament_cmake_args': None, 'build_base': '/home/alireza/thesis1/navigation_go2/go2_ws/build/unitree_hg', 'catkin_cmake_args': None, 'catkin_skip_building_tests': False, 'cmake_args': ['-DROS_EDITION=ROS2'], 'cmake_clean_cache': False, 'cmake_clean_first': False, 'cmake_force_configure': False, 'cmake_target': None, 'cmake_target_skip_unavailable': False, 'install_base': '/home/alireza/thesis1/navigation_go2/go2_ws/install/unitree_hg', 'merge_install': False, 'path': '/home/alireza/thesis1/navigation_go2/go2_ws/src/unitree_hg', 'symlink_install': False, 'test_result_base': None}
[0.583s] Level 5:colcon.colcon_core.verb:set package 'go2_gazebo' build argument 'cmake_args' from command line to '['-DROS_EDITION=ROS2']'
[0.583s] Level 5:colcon.colcon_core.verb:set package 'go2_gazebo' build argument 'cmake_target' from command line to 'None'
[0.583s] Level 5:colcon.colcon_core.verb:set package 'go2_gazebo' build argument 'cmake_target_skip_unavailable' from command line to 'False'
[0.583s] Level 5:colcon.colcon_core.verb:set package 'go2_gazebo' build argument 'cmake_clean_cache' from command line to 'False'
[0.583s] Level 5:colcon.colcon_core.verb:set package 'go2_gazebo' build argument 'cmake_clean_first' from command line to 'False'
[0.583s] Level 5:colcon.colcon_core.verb:set package 'go2_gazebo' build argument 'cmake_force_configure' from command line to 'False'
[0.583s] Level 5:colcon.colcon_core.verb:set package 'go2_gazebo' build argument 'ament_cmake_args' from command line to 'None'
[0.583s] Level 5:colcon.colcon_core.verb:set package 'go2_gazebo' build argument 'catkin_cmake_args' from command line to 'None'
[0.583s] Level 5:colcon.colcon_core.verb:set package 'go2_gazebo' build argument 'catkin_skip_building_tests' from command line to 'False'
[0.583s] DEBUG:colcon.colcon_core.verb:Building package 'go2_gazebo' with the following arguments: {'ament_cmake_args': None, 'build_base': '/home/alireza/thesis1/navigation_go2/go2_ws/build/go2_gazebo', 'catkin_cmake_args': None, 'catkin_skip_building_tests': False, 'cmake_args': ['-DROS_EDITION=ROS2'], 'cmake_clean_cache': False, 'cmake_clean_first': False, 'cmake_force_configure': False, 'cmake_target': None, 'cmake_target_skip_unavailable': False, 'install_base': '/home/alireza/thesis1/navigation_go2/go2_ws/install/go2_gazebo', 'merge_install': False, 'path': '/home/alireza/thesis1/navigation_go2/go2_ws/src/go2_gazebo', 'symlink_install': False, 'test_result_base': None}
[0.583s] Level 5:colcon.colcon_core.verb:set package 'unitree_ros2_example' build argument 'cmake_args' from command line to '['-DROS_EDITION=ROS2']'
[0.583s] Level 5:colcon.colcon_core.verb:set package 'unitree_ros2_example' build argument 'cmake_target' from command line to 'None'
[0.584s] Level 5:colcon.colcon_core.verb:set package 'unitree_ros2_example' build argument 'cmake_target_skip_unavailable' from command line to 'False'
[0.584s] Level 5:colcon.colcon_core.verb:set package 'unitree_ros2_example' build argument 'cmake_clean_cache' from command line to 'False'
[0.584s] Level 5:colcon.colcon_core.verb:set package 'unitree_ros2_example' build argument 'cmake_clean_first' from command line to 'False'
[0.584s] Level 5:colcon.colcon_core.verb:set package 'unitree_ros2_example' build argument 'cmake_force_configure' from command line to 'False'
[0.584s] Level 5:colcon.colcon_core.verb:set package 'unitree_ros2_example' build argument 'ament_cmake_args' from command line to 'None'
[0.584s] Level 5:colcon.colcon_core.verb:set package 'unitree_ros2_example' build argument 'catkin_cmake_args' from command line to 'None'
[0.584s] Level 5:colcon.colcon_core.verb:set package 'unitree_ros2_example' build argument 'catkin_skip_building_tests' from command line to 'False'
[0.584s] DEBUG:colcon.colcon_core.verb:Building package 'unitree_ros2_example' with the following arguments: {'ament_cmake_args': None, 'build_base': '/home/alireza/thesis1/navigation_go2/go2_ws/build/unitree_ros2_example', 'catkin_cmake_args': None, 'catkin_skip_building_tests': False, 'cmake_args': ['-DROS_EDITION=ROS2'], 'cmake_clean_cache': False, 'cmake_clean_first': False, 'cmake_force_configure': False, 'cmake_target': None, 'cmake_target_skip_unavailable': False, 'install_base': '/home/alireza/thesis1/navigation_go2/go2_ws/install/unitree_ros2_example', 'merge_install': False, 'path': '/home/alireza/thesis1/navigation_go2/go2_ws/src/unitree_ros2/example/src', 'symlink_install': False, 'test_result_base': None}
[0.584s] Level 5:colcon.colcon_core.verb:set package 'go2_real' build argument 'cmake_args' from command line to '['-DROS_EDITION=ROS2']'
[0.584s] Level 5:colcon.colcon_core.verb:set package 'go2_real' build argument 'cmake_target' from command line to 'None'
[0.584s] Level 5:colcon.colcon_core.verb:set package 'go2_real' build argument 'cmake_target_skip_unavailable' from command line to 'False'
[0.584s] Level 5:colcon.colcon_core.verb:set package 'go2_real' build argument 'cmake_clean_cache' from command line to 'False'
[0.584s] Level 5:colcon.colcon_core.verb:set package 'go2_real' build argument 'cmake_clean_first' from command line to 'False'
[0.584s] Level 5:colcon.colcon_core.verb:set package 'go2_real' build argument 'cmake_force_configure' from command line to 'False'
[0.584s] Level 5:colcon.colcon_core.verb:set package 'go2_real' build argument 'ament_cmake_args' from command line to 'None'
[0.584s] Level 5:colcon.colcon_core.verb:set package 'go2_real' build argument 'catkin_cmake_args' from command line to 'None'
[0.584s] Level 5:colcon.colcon_core.verb:set package 'go2_real' build argument 'catkin_skip_building_tests' from command line to 'False'
[0.584s] DEBUG:colcon.colcon_core.verb:Building package 'go2_real' with the following arguments: {'ament_cmake_args': None, 'build_base': '/home/alireza/thesis1/navigation_go2/go2_ws/build/go2_real', 'catkin_cmake_args': None, 'catkin_skip_building_tests': False, 'cmake_args': ['-DROS_EDITION=ROS2'], 'cmake_clean_cache': False, 'cmake_clean_first': False, 'cmake_force_configure': False, 'cmake_target': None, 'cmake_target_skip_unavailable': False, 'install_base': '/home/alireza/thesis1/navigation_go2/go2_ws/install/go2_real', 'merge_install': False, 'path': '/home/alireza/thesis1/navigation_go2/go2_ws/src/go2_real', 'symlink_install': False, 'test_result_base': None}
[0.585s] INFO:colcon.colcon_core.executor:Executing jobs using 'parallel' executor
[0.586s] DEBUG:colcon.colcon_parallel_executor.executor.parallel:run_until_complete
[0.586s] INFO:colcon.colcon_ros.task.ament_cmake.build:Building ROS package in '/home/alireza/thesis1/navigation_go2/go2_ws/src/go2_description' with build type 'ament_cmake'
[0.586s] INFO:colcon.colcon_cmake.task.cmake.build:Building CMake package in '/home/alireza/thesis1/navigation_go2/go2_ws/src/go2_description'
[0.589s] INFO:colcon.colcon_core.plugin_system:Skipping extension 'colcon_core.shell.bat': Not used on non-Windows systems
[0.589s] INFO:colcon.colcon_core.shell:Skip shell extension 'powershell' for command environment: Not usable outside of PowerShell
[0.589s] DEBUG:colcon.colcon_core.shell:Skip shell extension 'dsv' for command environment
[0.594s] INFO:colcon.colcon_ros.task.ament_cmake.build:Building ROS package in '/home/alireza/thesis1/navigation_go2/go2_ws/src/unitree_api' with build type 'ament_cmake'
[0.595s] INFO:colcon.colcon_cmake.task.cmake.build:Building CMake package in '/home/alireza/thesis1/navigation_go2/go2_ws/src/unitree_api'
[0.596s] INFO:colcon.colcon_core.shell:Skip shell extension 'powershell' for command environment: Not usable outside of PowerShell
[0.596s] DEBUG:colcon.colcon_core.shell:Skip shell extension 'dsv' for command environment
[0.601s] INFO:colcon.colcon_ros.task.ament_cmake.build:Building ROS package in '/home/alireza/thesis1/navigation_go2/go2_ws/src/unitree_go' with build type 'ament_cmake'
[0.602s] INFO:colcon.colcon_cmake.task.cmake.build:Building CMake package in '/home/alireza/thesis1/navigation_go2/go2_ws/src/unitree_go'
[0.602s] INFO:colcon.colcon_core.shell:Skip shell extension 'powershell' for command environment: Not usable outside of PowerShell
[0.602s] DEBUG:colcon.colcon_core.shell:Skip shell extension 'dsv' for command environment
[0.608s] INFO:colcon.colcon_ros.task.ament_cmake.build:Building ROS package in '/home/alireza/thesis1/navigation_go2/go2_ws/src/livox_ros_driver2' with build type 'ament_cmake'
[0.609s] INFO:colcon.colcon_cmake.task.cmake.build:Building CMake package in '/home/alireza/thesis1/navigation_go2/go2_ws/src/livox_ros_driver2'
[0.609s] INFO:colcon.colcon_core.shell:Skip shell extension 'powershell' for command environment: Not usable outside of PowerShell
[0.609s] DEBUG:colcon.colcon_core.shell:Skip shell extension 'dsv' for command environment
[0.615s] INFO:colcon.colcon_ros.task.ament_cmake.build:Building ROS package in '/home/alireza/thesis1/navigation_go2/go2_ws/src/pointcloud_to_laserscan' with build type 'ament_cmake'
[0.615s] INFO:colcon.colcon_cmake.task.cmake.build:Building CMake package in '/home/alireza/thesis1/navigation_go2/go2_ws/src/pointcloud_to_laserscan'
[0.616s] INFO:colcon.colcon_core.shell:Skip shell extension 'powershell' for command environment: Not usable outside of PowerShell
[0.616s] DEBUG:colcon.colcon_core.shell:Skip shell extension 'dsv' for command environment
[0.620s] INFO:colcon.colcon_ros.task.ament_cmake.build:Building ROS package in '/home/alireza/thesis1/navigation_go2/go2_ws/src/unitree_hg' with build type 'ament_cmake'
[0.621s] INFO:colcon.colcon_cmake.task.cmake.build:Building CMake package in '/home/alireza/thesis1/navigation_go2/go2_ws/src/unitree_hg'
[0.621s] INFO:colcon.colcon_core.shell:Skip shell extension 'powershell' for command environment: Not usable outside of PowerShell
[0.621s] DEBUG:colcon.colcon_core.shell:Skip shell extension 'dsv' for command environment
[0.633s] DEBUG:colcon.colcon_core.event_handler.log_command:Invoking command in '/home/alireza/thesis1/navigation_go2/go2_ws/build/go2_description': CMAKE_PREFIX_PATH=/opt/ros/foxy /usr/bin/cmake --build /home/alireza/thesis1/navigation_go2/go2_ws/build/go2_description -- -j8 -l8
[0.640s] DEBUG:colcon.colcon_core.event_handler.log_command:Invoking command in '/home/alireza/thesis1/navigation_go2/go2_ws/build/unitree_api': CMAKE_PREFIX_PATH=/opt/ros/foxy /usr/bin/cmake --build /home/alireza/thesis1/navigation_go2/go2_ws/build/unitree_api -- -j8 -l8
[0.647s] DEBUG:colcon.colcon_core.event_handler.log_command:Invoking command in '/home/alireza/thesis1/navigation_go2/go2_ws/build/unitree_go': CMAKE_PREFIX_PATH=/opt/ros/foxy /usr/bin/cmake --build /home/alireza/thesis1/navigation_go2/go2_ws/build/unitree_go -- -j8 -l8
[0.655s] DEBUG:colcon.colcon_core.event_handler.log_command:Invoking command in '/home/alireza/thesis1/navigation_go2/go2_ws/build/livox_ros_driver2': CMAKE_PREFIX_PATH=/opt/ros/foxy /usr/bin/cmake --build /home/alireza/thesis1/navigation_go2/go2_ws/build/livox_ros_driver2 -- -j8 -l8
[0.661s] DEBUG:colcon.colcon_core.event_handler.log_command:Invoking command in '/home/alireza/thesis1/navigation_go2/go2_ws/build/pointcloud_to_laserscan': CMAKE_PREFIX_PATH=/opt/ros/foxy /usr/bin/cmake --build /home/alireza/thesis1/navigation_go2/go2_ws/build/pointcloud_to_laserscan -- -j8 -l8
[0.675s] DEBUG:colcon.colcon_core.event_handler.log_command:Invoking command in '/home/alireza/thesis1/navigation_go2/go2_ws/build/unitree_hg': CMAKE_PREFIX_PATH=/opt/ros/foxy /usr/bin/cmake --build /home/alireza/thesis1/navigation_go2/go2_ws/build/unitree_hg -- -j8 -l8
[0.696s] DEBUG:colcon.colcon_core.event_handler.log_command:Invoked command in '/home/alireza/thesis1/navigation_go2/go2_ws/build/go2_description' returned '0': CMAKE_PREFIX_PATH=/opt/ros/foxy /usr/bin/cmake --build /home/alireza/thesis1/navigation_go2/go2_ws/build/go2_description -- -j8 -l8
[0.713s] DEBUG:colcon.colcon_core.event_handler.log_command:Invoking command in '/home/alireza/thesis1/navigation_go2/go2_ws/build/go2_description': CMAKE_PREFIX_PATH=/opt/ros/foxy /usr/bin/cmake --install /home/alireza/thesis1/navigation_go2/go2_ws/build/go2_description
[0.737s] Level 1:colcon.colcon_core.environment:create_environment_scripts_only(go2_description)
[0.745s] Level 1:colcon.colcon_core.environment:checking '/home/alireza/thesis1/navigation_go2/go2_ws/install/go2_description' for CMake module files
[0.746s] DEBUG:colcon.colcon_core.event_handler.log_command:Invoked command in '/home/alireza/thesis1/navigation_go2/go2_ws/build/go2_description' returned '0': CMAKE_PREFIX_PATH=/opt/ros/foxy /usr/bin/cmake --install /home/alireza/thesis1/navigation_go2/go2_ws/build/go2_description
[0.747s] Level 1:colcon.colcon_core.environment:checking '/home/alireza/thesis1/navigation_go2/go2_ws/install/go2_description' for CMake config files
[0.747s] Level 1:colcon.colcon_core.shell:create_environment_hook('go2_description', 'cmake_prefix_path')
[0.748s] INFO:colcon.colcon_core.shell:Creating environment hook '/home/alireza/thesis1/navigation_go2/go2_ws/install/go2_description/share/go2_description/hook/cmake_prefix_path.ps1'
[0.749s] INFO:colcon.colcon_core.shell:Creating environment descriptor '/home/alireza/thesis1/navigation_go2/go2_ws/install/go2_description/share/go2_description/hook/cmake_prefix_path.dsv'
[0.752s] INFO:colcon.colcon_core.shell:Creating environment hook '/home/alireza/thesis1/navigation_go2/go2_ws/install/go2_description/share/go2_description/hook/cmake_prefix_path.sh'
[0.754s] Level 1:colcon.colcon_core.environment:checking '/home/alireza/thesis1/navigation_go2/go2_ws/install/go2_description/bin'
[0.754s] Level 1:colcon.colcon_core.environment:checking '/home/alireza/thesis1/navigation_go2/go2_ws/install/go2_description/lib/pkgconfig/go2_description.pc'
[0.755s] Level 1:colcon.colcon_core.environment:checking '/home/alireza/thesis1/navigation_go2/go2_ws/install/go2_description/lib/python3.8/site-packages'
[0.756s] Level 1:colcon.colcon_core.environment:checking '/home/alireza/thesis1/navigation_go2/go2_ws/install/go2_description/bin'
[0.757s] INFO:colcon.colcon_core.shell:Creating package script '/home/alireza/thesis1/navigation_go2/go2_ws/install/go2_description/share/go2_description/package.ps1'
[0.759s] INFO:colcon.colcon_core.shell:Creating package descriptor '/home/alireza/thesis1/navigation_go2/go2_ws/install/go2_description/share/go2_description/package.dsv'
[0.763s] INFO:colcon.colcon_core.shell:Creating package script '/home/alireza/thesis1/navigation_go2/go2_ws/install/go2_description/share/go2_description/package.sh'
[0.764s] INFO:colcon.colcon_core.shell:Creating package script '/home/alireza/thesis1/navigation_go2/go2_ws/install/go2_description/share/go2_description/package.bash'
[0.766s] INFO:colcon.colcon_core.shell:Creating package script '/home/alireza/thesis1/navigation_go2/go2_ws/install/go2_description/share/go2_description/package.zsh'
[0.767s] Level 1:colcon.colcon_core.environment:create_file_with_runtime_dependencies(/home/alireza/thesis1/navigation_go2/go2_ws/install/go2_description/share/colcon-core/packages/go2_description)
[0.768s] Level 1:colcon.colcon_core.environment:create_environment_scripts_only(go2_description)
[0.769s] Level 1:colcon.colcon_core.environment:checking '/home/alireza/thesis1/navigation_go2/go2_ws/install/go2_description' for CMake module files
[0.770s] Level 1:colcon.colcon_core.environment:checking '/home/alireza/thesis1/navigation_go2/go2_ws/install/go2_description' for CMake config files
[0.770s] Level 1:colcon.colcon_core.shell:create_environment_hook('go2_description', 'cmake_prefix_path')
[0.770s] INFO:colcon.colcon_core.shell:Creating environment hook '/home/alireza/thesis1/navigation_go2/go2_ws/install/go2_description/share/go2_description/hook/cmake_prefix_path.ps1'
[0.771s] INFO:colcon.colcon_core.shell:Creating environment descriptor '/home/alireza/thesis1/navigation_go2/go2_ws/install/go2_description/share/go2_description/hook/cmake_prefix_path.dsv'
[0.773s] INFO:colcon.colcon_core.shell:Creating environment hook '/home/alireza/thesis1/navigation_go2/go2_ws/install/go2_description/share/go2_description/hook/cmake_prefix_path.sh'
[0.774s] Level 1:colcon.colcon_core.environment:checking '/home/alireza/thesis1/navigation_go2/go2_ws/install/go2_description/bin'
[0.774s] Level 1:colcon.colcon_core.environment:checking '/home/alireza/thesis1/navigation_go2/go2_ws/install/go2_description/lib/pkgconfig/go2_description.pc'
[0.775s] Level 1:colcon.colcon_core.environment:checking '/home/alireza/thesis1/navigation_go2/go2_ws/install/go2_description/lib/python3.8/site-packages'
[0.775s] Level 1:colcon.colcon_core.environment:checking '/home/alireza/thesis1/navigation_go2/go2_ws/install/go2_description/bin'
[0.776s] INFO:colcon.colcon_core.shell:Creating package script '/home/alireza/thesis1/navigation_go2/go2_ws/install/go2_description/share/go2_description/package.ps1'
[0.777s] INFO:colcon.colcon_core.shell:Creating package descriptor '/home/alireza/thesis1/navigation_go2/go2_ws/install/go2_description/share/go2_description/package.dsv'
[0.778s] INFO:colcon.colcon_core.shell:Creating package script '/home/alireza/thesis1/navigation_go2/go2_ws/install/go2_description/share/go2_description/package.sh'
[0.779s] INFO:colcon.colcon_core.shell:Creating package script '/home/alireza/thesis1/navigation_go2/go2_ws/install/go2_description/share/go2_description/package.bash'
[0.780s] INFO:colcon.colcon_core.shell:Creating package script '/home/alireza/thesis1/navigation_go2/go2_ws/install/go2_description/share/go2_description/package.zsh'
[0.780s] Level 1:colcon.colcon_core.environment:create_file_with_runtime_dependencies(/home/alireza/thesis1/navigation_go2/go2_ws/install/go2_description/share/colcon-core/packages/go2_description)
[0.782s] INFO:colcon.colcon_ros.task.ament_cmake.build:Building ROS package in '/home/alireza/thesis1/navigation_go2/go2_ws/src/go2_gazebo' with build type 'ament_cmake'
[0.782s] INFO:colcon.colcon_cmake.task.cmake.build:Building CMake package in '/home/alireza/thesis1/navigation_go2/go2_ws/src/go2_gazebo'
[0.783s] INFO:colcon.colcon_core.shell:Skip shell extension 'powershell' for command environment: Not usable outside of PowerShell
[0.783s] DEBUG:colcon.colcon_core.shell:Skip shell extension 'dsv' for command environment
[0.819s] DEBUG:colcon.colcon_core.event_handler.log_command:Invoking command in '/home/alireza/thesis1/navigation_go2/go2_ws/build/go2_gazebo': AMENT_PREFIX_PATH=/home/alireza/thesis1/navigation_go2/go2_ws/install/go2_description:${AMENT_PREFIX_PATH} CMAKE_PREFIX_PATH=/home/alireza/thesis1/navigation_go2/go2_ws/install/go2_description:/opt/ros/foxy /usr/bin/cmake --build /home/alireza/thesis1/navigation_go2/go2_ws/build/go2_gazebo -- -j8 -l8
[1.007s] DEBUG:colcon.colcon_core.event_handler.log_command:Invoked command in '/home/alireza/thesis1/navigation_go2/go2_ws/build/go2_gazebo' returned '0': AMENT_PREFIX_PATH=/home/alireza/thesis1/navigation_go2/go2_ws/install/go2_description:${AMENT_PREFIX_PATH} CMAKE_PREFIX_PATH=/home/alireza/thesis1/navigation_go2/go2_ws/install/go2_description:/opt/ros/foxy /usr/bin/cmake --build /home/alireza/thesis1/navigation_go2/go2_ws/build/go2_gazebo -- -j8 -l8
[1.009s] DEBUG:colcon.colcon_core.event_handler.log_command:Invoking command in '/home/alireza/thesis1/navigation_go2/go2_ws/build/go2_gazebo': AMENT_PREFIX_PATH=/home/alireza/thesis1/navigation_go2/go2_ws/install/go2_description:${AMENT_PREFIX_PATH} CMAKE_PREFIX_PATH=/home/alireza/thesis1/navigation_go2/go2_ws/install/go2_description:/opt/ros/foxy /usr/bin/cmake --install /home/alireza/thesis1/navigation_go2/go2_ws/build/go2_gazebo
[1.017s] DEBUG:colcon.colcon_core.event_handler.log_command:Invoked command in '/home/alireza/thesis1/navigation_go2/go2_ws/build/pointcloud_to_laserscan' returned '0': CMAKE_PREFIX_PATH=/opt/ros/foxy /usr/bin/cmake --build /home/alireza/thesis1/navigation_go2/go2_ws/build/pointcloud_to_laserscan -- -j8 -l8
[1.019s] DEBUG:colcon.colcon_core.event_handler.log_command:Invoking command in '/home/alireza/thesis1/navigation_go2/go2_ws/build/pointcloud_to_laserscan': CMAKE_PREFIX_PATH=/opt/ros/foxy /usr/bin/cmake --install /home/alireza/thesis1/navigation_go2/go2_ws/build/pointcloud_to_laserscan
[1.051s] Level 1:colcon.colcon_core.environment:create_environment_scripts_only(go2_gazebo)
[1.052s] Level 1:colcon.colcon_core.environment:checking '/home/alireza/thesis1/navigation_go2/go2_ws/install/go2_gazebo' for CMake module files
[1.053s] Level 1:colcon.colcon_core.environment:checking '/home/alireza/thesis1/navigation_go2/go2_ws/install/go2_gazebo' for CMake config files
[1.053s] Level 1:colcon.colcon_core.shell:create_environment_hook('go2_gazebo', 'cmake_prefix_path')
[1.054s] INFO:colcon.colcon_core.shell:Creating environment hook '/home/alireza/thesis1/navigation_go2/go2_ws/install/go2_gazebo/share/go2_gazebo/hook/cmake_prefix_path.ps1'
[1.057s] DEBUG:colcon.colcon_core.event_handler.log_command:Invoked command in '/home/alireza/thesis1/navigation_go2/go2_ws/build/go2_gazebo' returned '0': AMENT_PREFIX_PATH=/home/alireza/thesis1/navigation_go2/go2_ws/install/go2_description:${AMENT_PREFIX_PATH} CMAKE_PREFIX_PATH=/home/alireza/thesis1/navigation_go2/go2_ws/install/go2_description:/opt/ros/foxy /usr/bin/cmake --install /home/alireza/thesis1/navigation_go2/go2_ws/build/go2_gazebo
[1.057s] INFO:colcon.colcon_core.shell:Creating environment descriptor '/home/alireza/thesis1/navigation_go2/go2_ws/install/go2_gazebo/share/go2_gazebo/hook/cmake_prefix_path.dsv'
[1.058s] INFO:colcon.colcon_core.shell:Creating environment hook '/home/alireza/thesis1/navigation_go2/go2_ws/install/go2_gazebo/share/go2_gazebo/hook/cmake_prefix_path.sh'
[1.059s] Level 1:colcon.colcon_core.environment:checking '/home/alireza/thesis1/navigation_go2/go2_ws/install/go2_gazebo/lib'
[1.060s] Level 1:colcon.colcon_core.environment:checking '/home/alireza/thesis1/navigation_go2/go2_ws/install/go2_gazebo/bin'
[1.060s] Level 1:colcon.colcon_core.environment:checking '/home/alireza/thesis1/navigation_go2/go2_ws/install/go2_gazebo/lib/pkgconfig/go2_gazebo.pc'
[1.060s] Level 1:colcon.colcon_core.environment:checking '/home/alireza/thesis1/navigation_go2/go2_ws/install/go2_gazebo/lib/python3.8/site-packages'
[1.061s] Level 1:colcon.colcon_core.environment:checking '/home/alireza/thesis1/navigation_go2/go2_ws/install/go2_gazebo/bin'
[1.061s] INFO:colcon.colcon_core.shell:Creating package script '/home/alireza/thesis1/navigation_go2/go2_ws/install/go2_gazebo/share/go2_gazebo/package.ps1'
[1.063s] INFO:colcon.colcon_core.shell:Creating package descriptor '/home/alireza/thesis1/navigation_go2/go2_ws/install/go2_gazebo/share/go2_gazebo/package.dsv'
[1.064s] INFO:colcon.colcon_core.shell:Creating package script '/home/alireza/thesis1/navigation_go2/go2_ws/install/go2_gazebo/share/go2_gazebo/package.sh'
[1.065s] INFO:colcon.colcon_core.shell:Creating package script '/home/alireza/thesis1/navigation_go2/go2_ws/install/go2_gazebo/share/go2_gazebo/package.bash'
[1.066s] INFO:colcon.colcon_core.shell:Creating package script '/home/alireza/thesis1/navigation_go2/go2_ws/install/go2_gazebo/share/go2_gazebo/package.zsh'
[1.067s] Level 1:colcon.colcon_core.environment:create_file_with_runtime_dependencies(/home/alireza/thesis1/navigation_go2/go2_ws/install/go2_gazebo/share/colcon-core/packages/go2_gazebo)
[1.068s] Level 1:colcon.colcon_core.environment:create_environment_scripts_only(go2_gazebo)
[1.069s] Level 1:colcon.colcon_core.environment:checking '/home/alireza/thesis1/navigation_go2/go2_ws/install/go2_gazebo' for CMake module files
[1.069s] Level 1:colcon.colcon_core.environment:checking '/home/alireza/thesis1/navigation_go2/go2_ws/install/go2_gazebo' for CMake config files
[1.070s] Level 1:colcon.colcon_core.shell:create_environment_hook('go2_gazebo', 'cmake_prefix_path')
[1.070s] INFO:colcon.colcon_core.shell:Creating environment hook '/home/alireza/thesis1/navigation_go2/go2_ws/install/go2_gazebo/share/go2_gazebo/hook/cmake_prefix_path.ps1'
[1.071s] INFO:colcon.colcon_core.shell:Creating environment descriptor '/home/alireza/thesis1/navigation_go2/go2_ws/install/go2_gazebo/share/go2_gazebo/hook/cmake_prefix_path.dsv'
[1.072s] INFO:colcon.colcon_core.shell:Creating environment hook '/home/alireza/thesis1/navigation_go2/go2_ws/install/go2_gazebo/share/go2_gazebo/hook/cmake_prefix_path.sh'
[1.073s] Level 1:colcon.colcon_core.environment:checking '/home/alireza/thesis1/navigation_go2/go2_ws/install/go2_gazebo/lib'
[1.073s] Level 1:colcon.colcon_core.environment:checking '/home/alireza/thesis1/navigation_go2/go2_ws/install/go2_gazebo/bin'
[1.073s] Level 1:colcon.colcon_core.environment:checking '/home/alireza/thesis1/navigation_go2/go2_ws/install/go2_gazebo/lib/pkgconfig/go2_gazebo.pc'
[1.074s] Level 1:colcon.colcon_core.environment:checking '/home/alireza/thesis1/navigation_go2/go2_ws/install/go2_gazebo/lib/python3.8/site-packages'
[1.074s] Level 1:colcon.colcon_core.environment:checking '/home/alireza/thesis1/navigation_go2/go2_ws/install/go2_gazebo/bin'
[1.075s] INFO:colcon.colcon_core.shell:Creating package script '/home/alireza/thesis1/navigation_go2/go2_ws/install/go2_gazebo/share/go2_gazebo/package.ps1'
[1.076s] INFO:colcon.colcon_core.shell:Creating package descriptor '/home/alireza/thesis1/navigation_go2/go2_ws/install/go2_gazebo/share/go2_gazebo/package.dsv'
[1.077s] INFO:colcon.colcon_core.shell:Creating package script '/home/alireza/thesis1/navigation_go2/go2_ws/install/go2_gazebo/share/go2_gazebo/package.sh'
[1.078s] INFO:colcon.colcon_core.shell:Creating package script '/home/alireza/thesis1/navigation_go2/go2_ws/install/go2_gazebo/share/go2_gazebo/package.bash'
[1.079s] INFO:colcon.colcon_core.shell:Creating package script '/home/alireza/thesis1/navigation_go2/go2_ws/install/go2_gazebo/share/go2_gazebo/package.zsh'
[1.080s] Level 1:colcon.colcon_core.environment:create_file_with_runtime_dependencies(/home/alireza/thesis1/navigation_go2/go2_ws/install/go2_gazebo/share/colcon-core/packages/go2_gazebo)
[1.087s] Level 1:colcon.colcon_core.environment:create_environment_scripts_only(pointcloud_to_laserscan)
[1.089s] Level 1:colcon.colcon_core.environment:checking '/home/alireza/thesis1/navigation_go2/go2_ws/install/pointcloud_to_laserscan' for CMake module files
[1.090s] DEBUG:colcon.colcon_core.event_handler.log_command:Invoked command in '/home/alireza/thesis1/navigation_go2/go2_ws/build/pointcloud_to_laserscan' returned '0': CMAKE_PREFIX_PATH=/opt/ros/foxy /usr/bin/cmake --install /home/alireza/thesis1/navigation_go2/go2_ws/build/pointcloud_to_laserscan
[1.093s] Level 1:colcon.colcon_core.environment:checking '/home/alireza/thesis1/navigation_go2/go2_ws/install/pointcloud_to_laserscan' for CMake config files
[1.095s] Level 1:colcon.colcon_core.shell:create_environment_hook('pointcloud_to_laserscan', 'cmake_prefix_path')
[1.095s] INFO:colcon.colcon_core.shell:Creating environment hook '/home/alireza/thesis1/navigation_go2/go2_ws/install/pointcloud_to_laserscan/share/pointcloud_to_laserscan/hook/cmake_prefix_path.ps1'
[1.096s] INFO:colcon.colcon_core.shell:Creating environment descriptor '/home/alireza/thesis1/navigation_go2/go2_ws/install/pointcloud_to_laserscan/share/pointcloud_to_laserscan/hook/cmake_prefix_path.dsv'
[1.097s] INFO:colcon.colcon_core.shell:Creating environment hook '/home/alireza/thesis1/navigation_go2/go2_ws/install/pointcloud_to_laserscan/share/pointcloud_to_laserscan/hook/cmake_prefix_path.sh'
[1.097s] Level 1:colcon.colcon_core.environment:checking '/home/alireza/thesis1/navigation_go2/go2_ws/install/pointcloud_to_laserscan/lib'
[1.098s] Level 1:colcon.colcon_core.shell:create_environment_hook('pointcloud_to_laserscan', 'ld_library_path_lib')
[1.098s] INFO:colcon.colcon_core.shell:Creating environment hook '/home/alireza/thesis1/navigation_go2/go2_ws/install/pointcloud_to_laserscan/share/pointcloud_to_laserscan/hook/ld_library_path_lib.ps1'
[1.098s] INFO:colcon.colcon_core.shell:Creating environment descriptor '/home/alireza/thesis1/navigation_go2/go2_ws/install/pointcloud_to_laserscan/share/pointcloud_to_laserscan/hook/ld_library_path_lib.dsv'
[1.099s] INFO:colcon.colcon_core.shell:Creating environment hook '/home/alireza/thesis1/navigation_go2/go2_ws/install/pointcloud_to_laserscan/share/pointcloud_to_laserscan/hook/ld_library_path_lib.sh'
[1.100s] Level 1:colcon.colcon_core.environment:checking '/home/alireza/thesis1/navigation_go2/go2_ws/install/pointcloud_to_laserscan/bin'
[1.100s] Level 1:colcon.colcon_core.environment:checking '/home/alireza/thesis1/navigation_go2/go2_ws/install/pointcloud_to_laserscan/lib/pkgconfig/pointcloud_to_laserscan.pc'
[1.100s] Level 1:colcon.colcon_core.environment:checking '/home/alireza/thesis1/navigation_go2/go2_ws/install/pointcloud_to_laserscan/lib/python3.8/site-packages'
[1.100s] Level 1:colcon.colcon_core.environment:checking '/home/alireza/thesis1/navigation_go2/go2_ws/install/pointcloud_to_laserscan/bin'
[1.101s] INFO:colcon.colcon_core.shell:Creating package script '/home/alireza/thesis1/navigation_go2/go2_ws/install/pointcloud_to_laserscan/share/pointcloud_to_laserscan/package.ps1'
[1.102s] INFO:colcon.colcon_core.shell:Creating package descriptor '/home/alireza/thesis1/navigation_go2/go2_ws/install/pointcloud_to_laserscan/share/pointcloud_to_laserscan/package.dsv'
[1.102s] INFO:colcon.colcon_core.shell:Creating package script '/home/alireza/thesis1/navigation_go2/go2_ws/install/pointcloud_to_laserscan/share/pointcloud_to_laserscan/package.sh'
[1.106s] INFO:colcon.colcon_core.shell:Creating package script '/home/alireza/thesis1/navigation_go2/go2_ws/install/pointcloud_to_laserscan/share/pointcloud_to_laserscan/package.bash'
[1.108s] INFO:colcon.colcon_core.shell:Creating package script '/home/alireza/thesis1/navigation_go2/go2_ws/install/pointcloud_to_laserscan/share/pointcloud_to_laserscan/package.zsh'
[1.110s] Level 1:colcon.colcon_core.environment:create_file_with_runtime_dependencies(/home/alireza/thesis1/navigation_go2/go2_ws/install/pointcloud_to_laserscan/share/colcon-core/packages/pointcloud_to_laserscan)
[1.111s] Level 1:colcon.colcon_core.environment:create_environment_scripts_only(pointcloud_to_laserscan)
[1.111s] Level 1:colcon.colcon_core.environment:checking '/home/alireza/thesis1/navigation_go2/go2_ws/install/pointcloud_to_laserscan' for CMake module files
[1.112s] Level 1:colcon.colcon_core.environment:checking '/home/alireza/thesis1/navigation_go2/go2_ws/install/pointcloud_to_laserscan' for CMake config files
[1.113s] Level 1:colcon.colcon_core.shell:create_environment_hook('pointcloud_to_laserscan', 'cmake_prefix_path')
[1.113s] INFO:colcon.colcon_core.shell:Creating environment hook '/home/alireza/thesis1/navigation_go2/go2_ws/install/pointcloud_to_laserscan/share/pointcloud_to_laserscan/hook/cmake_prefix_path.ps1'
[1.114s] INFO:colcon.colcon_core.shell:Creating environment descriptor '/home/alireza/thesis1/navigation_go2/go2_ws/install/pointcloud_to_laserscan/share/pointcloud_to_laserscan/hook/cmake_prefix_path.dsv'
[1.115s] INFO:colcon.colcon_core.shell:Creating environment hook '/home/alireza/thesis1/navigation_go2/go2_ws/install/pointcloud_to_laserscan/share/pointcloud_to_laserscan/hook/cmake_prefix_path.sh'
[1.115s] Level 1:colcon.colcon_core.environment:checking '/home/alireza/thesis1/navigation_go2/go2_ws/install/pointcloud_to_laserscan/lib'
[1.116s] Level 1:colcon.colcon_core.shell:create_environment_hook('pointcloud_to_laserscan', 'ld_library_path_lib')
[1.116s] INFO:colcon.colcon_core.shell:Creating environment hook '/home/alireza/thesis1/navigation_go2/go2_ws/install/pointcloud_to_laserscan/share/pointcloud_to_laserscan/hook/ld_library_path_lib.ps1'
[1.117s] INFO:colcon.colcon_core.shell:Creating environment descriptor '/home/alireza/thesis1/navigation_go2/go2_ws/install/pointcloud_to_laserscan/share/pointcloud_to_laserscan/hook/ld_library_path_lib.dsv'
[1.117s] INFO:colcon.colcon_core.shell:Creating environment hook '/home/alireza/thesis1/navigation_go2/go2_ws/install/pointcloud_to_laserscan/share/pointcloud_to_laserscan/hook/ld_library_path_lib.sh'
[1.118s] Level 1:colcon.colcon_core.environment:checking '/home/alireza/thesis1/navigation_go2/go2_ws/install/pointcloud_to_laserscan/bin'
[1.118s] Level 1:colcon.colcon_core.environment:checking '/home/alireza/thesis1/navigation_go2/go2_ws/install/pointcloud_to_laserscan/lib/pkgconfig/pointcloud_to_laserscan.pc'
[1.118s] Level 1:colcon.colcon_core.environment:checking '/home/alireza/thesis1/navigation_go2/go2_ws/install/pointcloud_to_laserscan/lib/python3.8/site-packages'
[1.119s] Level 1:colcon.colcon_core.environment:checking '/home/alireza/thesis1/navigation_go2/go2_ws/install/pointcloud_to_laserscan/bin'
[1.120s] INFO:colcon.colcon_core.shell:Creating package script '/home/alireza/thesis1/navigation_go2/go2_ws/install/pointcloud_to_laserscan/share/pointcloud_to_laserscan/package.ps1'
[1.121s] INFO:colcon.colcon_core.shell:Creating package descriptor '/home/alireza/thesis1/navigation_go2/go2_ws/install/pointcloud_to_laserscan/share/pointcloud_to_laserscan/package.dsv'
[1.122s] INFO:colcon.colcon_core.shell:Creating package script '/home/alireza/thesis1/navigation_go2/go2_ws/install/pointcloud_to_laserscan/share/pointcloud_to_laserscan/package.sh'
[1.123s] INFO:colcon.colcon_core.shell:Creating package script '/home/alireza/thesis1/navigation_go2/go2_ws/install/pointcloud_to_laserscan/share/pointcloud_to_laserscan/package.bash'
[1.124s] INFO:colcon.colcon_core.shell:Creating package script '/home/alireza/thesis1/navigation_go2/go2_ws/install/pointcloud_to_laserscan/share/pointcloud_to_laserscan/package.zsh'
[1.125s] Level 1:colcon.colcon_core.environment:create_file_with_runtime_dependencies(/home/alireza/thesis1/navigation_go2/go2_ws/install/pointcloud_to_laserscan/share/colcon-core/packages/pointcloud_to_laserscan)
[1.300s] DEBUG:colcon.colcon_core.event_handler.log_command:Invoked command in '/home/alireza/thesis1/navigation_go2/go2_ws/build/livox_ros_driver2' returned '0': CMAKE_PREFIX_PATH=/opt/ros/foxy /usr/bin/cmake --build /home/alireza/thesis1/navigation_go2/go2_ws/build/livox_ros_driver2 -- -j8 -l8
[1.302s] DEBUG:colcon.colcon_core.event_handler.log_command:Invoking command in '/home/alireza/thesis1/navigation_go2/go2_ws/build/livox_ros_driver2': CMAKE_PREFIX_PATH=/opt/ros/foxy /usr/bin/cmake --install /home/alireza/thesis1/navigation_go2/go2_ws/build/livox_ros_driver2
[1.331s] DEBUG:colcon.colcon_core.event_handler.log_command:Invoked command in '/home/alireza/thesis1/navigation_go2/go2_ws/build/unitree_api' returned '0': CMAKE_PREFIX_PATH=/opt/ros/foxy /usr/bin/cmake --build /home/alireza/thesis1/navigation_go2/go2_ws/build/unitree_api -- -j8 -l8
[1.332s] DEBUG:colcon.colcon_core.event_handler.log_command:Invoking command in '/home/alireza/thesis1/navigation_go2/go2_ws/build/unitree_api': CMAKE_PREFIX_PATH=/opt/ros/foxy /usr/bin/cmake --install /home/alireza/thesis1/navigation_go2/go2_ws/build/unitree_api
[1.393s] Level 1:colcon.colcon_core.environment:create_environment_scripts_only(livox_ros_driver2)
[1.394s] Level 1:colcon.colcon_core.environment:checking '/home/alireza/thesis1/navigation_go2/go2_ws/install/livox_ros_driver2' for CMake module files
[1.401s] Level 1:colcon.colcon_core.environment:checking '/home/alireza/thesis1/navigation_go2/go2_ws/install/livox_ros_driver2' for CMake config files
[1.401s] Level 1:colcon.colcon_core.shell:create_environment_hook('livox_ros_driver2', 'cmake_prefix_path')
[1.402s] INFO:colcon.colcon_core.shell:Creating environment hook '/home/alireza/thesis1/navigation_go2/go2_ws/install/livox_ros_driver2/share/livox_ros_driver2/hook/cmake_prefix_path.ps1'
[1.403s] INFO:colcon.colcon_core.shell:Creating environment descriptor '/home/alireza/thesis1/navigation_go2/go2_ws/install/livox_ros_driver2/share/livox_ros_driver2/hook/cmake_prefix_path.dsv'
[1.404s] DEBUG:colcon.colcon_core.event_handler.log_command:Invoked command in '/home/alireza/thesis1/navigation_go2/go2_ws/build/unitree_go' returned '0': CMAKE_PREFIX_PATH=/opt/ros/foxy /usr/bin/cmake --build /home/alireza/thesis1/navigation_go2/go2_ws/build/unitree_go -- -j8 -l8
[1.405s] DEBUG:colcon.colcon_core.event_handler.log_command:Invoking command in '/home/alireza/thesis1/navigation_go2/go2_ws/build/unitree_go': CMAKE_PREFIX_PATH=/opt/ros/foxy /usr/bin/cmake --install /home/alireza/thesis1/navigation_go2/go2_ws/build/unitree_go
[1.408s] INFO:colcon.colcon_core.shell:Creating environment hook '/home/alireza/thesis1/navigation_go2/go2_ws/install/livox_ros_driver2/share/livox_ros_driver2/hook/cmake_prefix_path.sh'
[1.409s] Level 1:colcon.colcon_core.environment:checking '/home/alireza/thesis1/navigation_go2/go2_ws/install/livox_ros_driver2/lib'
[1.409s] Level 1:colcon.colcon_core.shell:create_environment_hook('livox_ros_driver2', 'ld_library_path_lib')
[1.409s] INFO:colcon.colcon_core.shell:Creating environment hook '/home/alireza/thesis1/navigation_go2/go2_ws/install/livox_ros_driver2/share/livox_ros_driver2/hook/ld_library_path_lib.ps1'
[1.410s] INFO:colcon.colcon_core.shell:Creating environment descriptor '/home/alireza/thesis1/navigation_go2/go2_ws/install/livox_ros_driver2/share/livox_ros_driver2/hook/ld_library_path_lib.dsv'
[1.410s] INFO:colcon.colcon_core.shell:Creating environment hook '/home/alireza/thesis1/navigation_go2/go2_ws/install/livox_ros_driver2/share/livox_ros_driver2/hook/ld_library_path_lib.sh'
[1.411s] Level 1:colcon.colcon_core.environment:checking '/home/alireza/thesis1/navigation_go2/go2_ws/install/livox_ros_driver2/bin'
[1.411s] Level 1:colcon.colcon_core.environment:checking '/home/alireza/thesis1/navigation_go2/go2_ws/install/livox_ros_driver2/lib/pkgconfig/livox_ros_driver2.pc'
[1.412s] Level 1:colcon.colcon_core.environment:checking '/home/alireza/thesis1/navigation_go2/go2_ws/install/livox_ros_driver2/lib/python3.8/site-packages'
[1.412s] Level 1:colcon.colcon_core.shell:create_environment_hook('livox_ros_driver2', 'pythonpath')
[1.412s] INFO:colcon.colcon_core.shell:Creating environment hook '/home/alireza/thesis1/navigation_go2/go2_ws/install/livox_ros_driver2/share/livox_ros_driver2/hook/pythonpath.ps1'
[1.413s] INFO:colcon.colcon_core.shell:Creating environment descriptor '/home/alireza/thesis1/navigation_go2/go2_ws/install/livox_ros_driver2/share/livox_ros_driver2/hook/pythonpath.dsv'
[1.414s] INFO:colcon.colcon_core.shell:Creating environment hook '/home/alireza/thesis1/navigation_go2/go2_ws/install/livox_ros_driver2/share/livox_ros_driver2/hook/pythonpath.sh'
[1.415s] Level 1:colcon.colcon_core.environment:checking '/home/alireza/thesis1/navigation_go2/go2_ws/install/livox_ros_driver2/bin'
[1.416s] INFO:colcon.colcon_core.shell:Creating package script '/home/alireza/thesis1/navigation_go2/go2_ws/install/livox_ros_driver2/share/livox_ros_driver2/package.ps1'
[1.417s] INFO:colcon.colcon_core.shell:Creating package descriptor '/home/alireza/thesis1/navigation_go2/go2_ws/install/livox_ros_driver2/share/livox_ros_driver2/package.dsv'
[1.418s] INFO:colcon.colcon_core.shell:Creating package script '/home/alireza/thesis1/navigation_go2/go2_ws/install/livox_ros_driver2/share/livox_ros_driver2/package.sh'
[1.419s] INFO:colcon.colcon_core.shell:Creating package script '/home/alireza/thesis1/navigation_go2/go2_ws/install/livox_ros_driver2/share/livox_ros_driver2/package.bash'
[1.420s] INFO:colcon.colcon_core.shell:Creating package script '/home/alireza/thesis1/navigation_go2/go2_ws/install/livox_ros_driver2/share/livox_ros_driver2/package.zsh'
[1.422s] Level 1:colcon.colcon_core.environment:create_file_with_runtime_dependencies(/home/alireza/thesis1/navigation_go2/go2_ws/install/livox_ros_driver2/share/colcon-core/packages/livox_ros_driver2)
[1.425s] Level 1:colcon.colcon_core.environment:create_environment_scripts_only(livox_ros_driver2)
[1.425s] Level 1:colcon.colcon_core.environment:checking '/home/alireza/thesis1/navigation_go2/go2_ws/install/livox_ros_driver2' for CMake module files
[1.434s] DEBUG:colcon.colcon_core.event_handler.log_command:Invoked command in '/home/alireza/thesis1/navigation_go2/go2_ws/build/unitree_hg' returned '0': CMAKE_PREFIX_PATH=/opt/ros/foxy /usr/bin/cmake --build /home/alireza/thesis1/navigation_go2/go2_ws/build/unitree_hg -- -j8 -l8
[1.436s] DEBUG:colcon.colcon_core.event_handler.log_command:Invoking command in '/home/alireza/thesis1/navigation_go2/go2_ws/build/unitree_hg': CMAKE_PREFIX_PATH=/opt/ros/foxy /usr/bin/cmake --install /home/alireza/thesis1/navigation_go2/go2_ws/build/unitree_hg
[1.437s] DEBUG:colcon.colcon_core.event_handler.log_command:Invoked command in '/home/alireza/thesis1/navigation_go2/go2_ws/build/livox_ros_driver2' returned '0': CMAKE_PREFIX_PATH=/opt/ros/foxy /usr/bin/cmake --install /home/alireza/thesis1/navigation_go2/go2_ws/build/livox_ros_driver2
[1.437s] Level 1:colcon.colcon_core.environment:checking '/home/alireza/thesis1/navigation_go2/go2_ws/install/livox_ros_driver2' for CMake config files
[1.438s] Level 1:colcon.colcon_core.shell:create_environment_hook('livox_ros_driver2', 'cmake_prefix_path')
[1.439s] INFO:colcon.colcon_core.shell:Creating environment hook '/home/alireza/thesis1/navigation_go2/go2_ws/install/livox_ros_driver2/share/livox_ros_driver2/hook/cmake_prefix_path.ps1'
[1.439s] INFO:colcon.colcon_core.shell:Creating environment descriptor '/home/alireza/thesis1/navigation_go2/go2_ws/install/livox_ros_driver2/share/livox_ros_driver2/hook/cmake_prefix_path.dsv'
[1.440s] INFO:colcon.colcon_core.shell:Creating environment hook '/home/alireza/thesis1/navigation_go2/go2_ws/install/livox_ros_driver2/share/livox_ros_driver2/hook/cmake_prefix_path.sh'
[1.441s] Level 1:colcon.colcon_core.environment:checking '/home/alireza/thesis1/navigation_go2/go2_ws/install/livox_ros_driver2/lib'
[1.441s] Level 1:colcon.colcon_core.shell:create_environment_hook('livox_ros_driver2', 'ld_library_path_lib')
[1.442s] INFO:colcon.colcon_core.shell:Creating environment hook '/home/alireza/thesis1/navigation_go2/go2_ws/install/livox_ros_driver2/share/livox_ros_driver2/hook/ld_library_path_lib.ps1'
[1.442s] INFO:colcon.colcon_core.shell:Creating environment descriptor '/home/alireza/thesis1/navigation_go2/go2_ws/install/livox_ros_driver2/share/livox_ros_driver2/hook/ld_library_path_lib.dsv'
[1.443s] INFO:colcon.colcon_core.shell:Creating environment hook '/home/alireza/thesis1/navigation_go2/go2_ws/install/livox_ros_driver2/share/livox_ros_driver2/hook/ld_library_path_lib.sh'
[1.446s] Level 1:colcon.colcon_core.environment:checking '/home/alireza/thesis1/navigation_go2/go2_ws/install/livox_ros_driver2/bin'
[1.446s] Level 1:colcon.colcon_core.environment:checking '/home/alireza/thesis1/navigation_go2/go2_ws/install/livox_ros_driver2/lib/pkgconfig/livox_ros_driver2.pc'
[1.447s] Level 1:colcon.colcon_core.environment:checking '/home/alireza/thesis1/navigation_go2/go2_ws/install/livox_ros_driver2/lib/python3.8/site-packages'
[1.447s] Level 1:colcon.colcon_core.shell:create_environment_hook('livox_ros_driver2', 'pythonpath')
[1.447s] INFO:colcon.colcon_core.shell:Creating environment hook '/home/alireza/thesis1/navigation_go2/go2_ws/install/livox_ros_driver2/share/livox_ros_driver2/hook/pythonpath.ps1'
[1.448s] INFO:colcon.colcon_core.shell:Creating environment descriptor '/home/alireza/thesis1/navigation_go2/go2_ws/install/livox_ros_driver2/share/livox_ros_driver2/hook/pythonpath.dsv'
[1.449s] INFO:colcon.colcon_core.shell:Creating environment hook '/home/alireza/thesis1/navigation_go2/go2_ws/install/livox_ros_driver2/share/livox_ros_driver2/hook/pythonpath.sh'
[1.450s] Level 1:colcon.colcon_core.environment:checking '/home/alireza/thesis1/navigation_go2/go2_ws/install/livox_ros_driver2/bin'
[1.451s] INFO:colcon.colcon_core.shell:Creating package script '/home/alireza/thesis1/navigation_go2/go2_ws/install/livox_ros_driver2/share/livox_ros_driver2/package.ps1'
[1.452s] INFO:colcon.colcon_core.shell:Creating package descriptor '/home/alireza/thesis1/navigation_go2/go2_ws/install/livox_ros_driver2/share/livox_ros_driver2/package.dsv'
[1.453s] INFO:colcon.colcon_core.shell:Creating package script '/home/alireza/thesis1/navigation_go2/go2_ws/install/livox_ros_driver2/share/livox_ros_driver2/package.sh'
[1.454s] INFO:colcon.colcon_core.shell:Creating package script '/home/alireza/thesis1/navigation_go2/go2_ws/install/livox_ros_driver2/share/livox_ros_driver2/package.bash'
[1.455s] INFO:colcon.colcon_core.shell:Creating package script '/home/alireza/thesis1/navigation_go2/go2_ws/install/livox_ros_driver2/share/livox_ros_driver2/package.zsh'
[1.455s] Level 1:colcon.colcon_core.environment:create_file_with_runtime_dependencies(/home/alireza/thesis1/navigation_go2/go2_ws/install/livox_ros_driver2/share/colcon-core/packages/livox_ros_driver2)
[1.463s] Level 1:colcon.colcon_core.environment:create_environment_scripts_only(unitree_api)
[1.464s] Level 1:colcon.colcon_core.environment:checking '/home/alireza/thesis1/navigation_go2/go2_ws/install/unitree_api' for CMake module files
[1.467s] Level 1:colcon.colcon_core.environment:checking '/home/alireza/thesis1/navigation_go2/go2_ws/install/unitree_api' for CMake config files
[1.470s] Level 1:colcon.colcon_core.shell:create_environment_hook('unitree_api', 'cmake_prefix_path')
[1.470s] INFO:colcon.colcon_core.shell:Creating environment hook '/home/alireza/thesis1/navigation_go2/go2_ws/install/unitree_api/share/unitree_api/hook/cmake_prefix_path.ps1'
[1.471s] INFO:colcon.colcon_core.shell:Creating environment descriptor '/home/alireza/thesis1/navigation_go2/go2_ws/install/unitree_api/share/unitree_api/hook/cmake_prefix_path.dsv'
[1.473s] INFO:colcon.colcon_core.shell:Creating environment hook '/home/alireza/thesis1/navigation_go2/go2_ws/install/unitree_api/share/unitree_api/hook/cmake_prefix_path.sh'
[1.475s] Level 1:colcon.colcon_core.environment:checking '/home/alireza/thesis1/navigation_go2/go2_ws/install/unitree_api/lib'
[1.475s] Level 1:colcon.colcon_core.shell:create_environment_hook('unitree_api', 'ld_library_path_lib')
[1.476s] INFO:colcon.colcon_core.shell:Creating environment hook '/home/alireza/thesis1/navigation_go2/go2_ws/install/unitree_api/share/unitree_api/hook/ld_library_path_lib.ps1'
[1.478s] INFO:colcon.colcon_core.shell:Creating environment descriptor '/home/alireza/thesis1/navigation_go2/go2_ws/install/unitree_api/share/unitree_api/hook/ld_library_path_lib.dsv'
[1.480s] INFO:colcon.colcon_core.shell:Creating environment hook '/home/alireza/thesis1/navigation_go2/go2_ws/install/unitree_api/share/unitree_api/hook/ld_library_path_lib.sh'
[1.481s] Level 1:colcon.colcon_core.environment:checking '/home/alireza/thesis1/navigation_go2/go2_ws/install/unitree_api/bin'
[1.481s] Level 1:colcon.colcon_core.environment:checking '/home/alireza/thesis1/navigation_go2/go2_ws/install/unitree_api/lib/pkgconfig/unitree_api.pc'
[1.482s] Level 1:colcon.colcon_core.environment:checking '/home/alireza/thesis1/navigation_go2/go2_ws/install/unitree_api/lib/python3.8/site-packages'
[1.482s] Level 1:colcon.colcon_core.shell:create_environment_hook('unitree_api', 'pythonpath')
[1.482s] INFO:colcon.colcon_core.shell:Creating environment hook '/home/alireza/thesis1/navigation_go2/go2_ws/install/unitree_api/share/unitree_api/hook/pythonpath.ps1'
[1.483s] INFO:colcon.colcon_core.shell:Creating environment descriptor '/home/alireza/thesis1/navigation_go2/go2_ws/install/unitree_api/share/unitree_api/hook/pythonpath.dsv'
[1.484s] INFO:colcon.colcon_core.shell:Creating environment hook '/home/alireza/thesis1/navigation_go2/go2_ws/install/unitree_api/share/unitree_api/hook/pythonpath.sh'
[1.485s] Level 1:colcon.colcon_core.environment:checking '/home/alireza/thesis1/navigation_go2/go2_ws/install/unitree_api/bin'
[1.485s] INFO:colcon.colcon_core.shell:Creating package script '/home/alireza/thesis1/navigation_go2/go2_ws/install/unitree_api/share/unitree_api/package.ps1'
[1.486s] INFO:colcon.colcon_core.shell:Creating package descriptor '/home/alireza/thesis1/navigation_go2/go2_ws/install/unitree_api/share/unitree_api/package.dsv'
[1.489s] INFO:colcon.colcon_core.shell:Creating package script '/home/alireza/thesis1/navigation_go2/go2_ws/install/unitree_api/share/unitree_api/package.sh'
[1.490s] INFO:colcon.colcon_core.shell:Creating package script '/home/alireza/thesis1/navigation_go2/go2_ws/install/unitree_api/share/unitree_api/package.bash'
[1.491s] INFO:colcon.colcon_core.shell:Creating package script '/home/alireza/thesis1/navigation_go2/go2_ws/install/unitree_api/share/unitree_api/package.zsh'
[1.492s] Level 1:colcon.colcon_core.environment:create_file_with_runtime_dependencies(/home/alireza/thesis1/navigation_go2/go2_ws/install/unitree_api/share/colcon-core/packages/unitree_api)
[1.493s] Level 1:colcon.colcon_core.environment:create_environment_scripts_only(unitree_api)
[1.494s] Level 1:colcon.colcon_core.environment:checking '/home/alireza/thesis1/navigation_go2/go2_ws/install/unitree_api' for CMake module files
[1.495s] Level 1:colcon.colcon_core.environment:checking '/home/alireza/thesis1/navigation_go2/go2_ws/install/unitree_api' for CMake config files
[1.497s] Level 1:colcon.colcon_core.shell:create_environment_hook('unitree_api', 'cmake_prefix_path')
[1.497s] INFO:colcon.colcon_core.shell:Creating environment hook '/home/alireza/thesis1/navigation_go2/go2_ws/install/unitree_api/share/unitree_api/hook/cmake_prefix_path.ps1'
[1.499s] INFO:colcon.colcon_core.shell:Creating environment descriptor '/home/alireza/thesis1/navigation_go2/go2_ws/install/unitree_api/share/unitree_api/hook/cmake_prefix_path.dsv'
[1.500s] INFO:colcon.colcon_core.shell:Creating environment hook '/home/alireza/thesis1/navigation_go2/go2_ws/install/unitree_api/share/unitree_api/hook/cmake_prefix_path.sh'
[1.501s] Level 1:colcon.colcon_core.environment:checking '/home/alireza/thesis1/navigation_go2/go2_ws/install/unitree_api/lib'
[1.501s] Level 1:colcon.colcon_core.shell:create_environment_hook('unitree_api', 'ld_library_path_lib')
[1.501s] INFO:colcon.colcon_core.shell:Creating environment hook '/home/alireza/thesis1/navigation_go2/go2_ws/install/unitree_api/share/unitree_api/hook/ld_library_path_lib.ps1'
[1.502s] INFO:colcon.colcon_core.shell:Creating environment descriptor '/home/alireza/thesis1/navigation_go2/go2_ws/install/unitree_api/share/unitree_api/hook/ld_library_path_lib.dsv'
[1.502s] INFO:colcon.colcon_core.shell:Creating environment hook '/home/alireza/thesis1/navigation_go2/go2_ws/install/unitree_api/share/unitree_api/hook/ld_library_path_lib.sh'
[1.503s] Level 1:colcon.colcon_core.environment:checking '/home/alireza/thesis1/navigation_go2/go2_ws/install/unitree_api/bin'
[1.503s] Level 1:colcon.colcon_core.environment:checking '/home/alireza/thesis1/navigation_go2/go2_ws/install/unitree_api/lib/pkgconfig/unitree_api.pc'
[1.504s] Level 1:colcon.colcon_core.environment:checking '/home/alireza/thesis1/navigation_go2/go2_ws/install/unitree_api/lib/python3.8/site-packages'
[1.504s] Level 1:colcon.colcon_core.shell:create_environment_hook('unitree_api', 'pythonpath')
[1.504s] INFO:colcon.colcon_core.shell:Creating environment hook '/home/alireza/thesis1/navigation_go2/go2_ws/install/unitree_api/share/unitree_api/hook/pythonpath.ps1'
[1.505s] INFO:colcon.colcon_core.shell:Creating environment descriptor '/home/alireza/thesis1/navigation_go2/go2_ws/install/unitree_api/share/unitree_api/hook/pythonpath.dsv'
[1.506s] INFO:colcon.colcon_core.shell:Creating environment hook '/home/alireza/thesis1/navigation_go2/go2_ws/install/unitree_api/share/unitree_api/hook/pythonpath.sh'
[1.507s] Level 1:colcon.colcon_core.environment:checking '/home/alireza/thesis1/navigation_go2/go2_ws/install/unitree_api/bin'
[1.508s] INFO:colcon.colcon_core.shell:Creating package script '/home/alireza/thesis1/navigation_go2/go2_ws/install/unitree_api/share/unitree_api/package.ps1'
[1.509s] INFO:colcon.colcon_core.shell:Creating package descriptor '/home/alireza/thesis1/navigation_go2/go2_ws/install/unitree_api/share/unitree_api/package.dsv'
[1.510s] INFO:colcon.colcon_core.shell:Creating package script '/home/alireza/thesis1/navigation_go2/go2_ws/install/unitree_api/share/unitree_api/package.sh'
[1.511s] INFO:colcon.colcon_core.shell:Creating package script '/home/alireza/thesis1/navigation_go2/go2_ws/install/unitree_api/share/unitree_api/package.bash'
[1.512s] INFO:colcon.colcon_core.shell:Creating package script '/home/alireza/thesis1/navigation_go2/go2_ws/install/unitree_api/share/unitree_api/package.zsh'
[1.513s] Level 1:colcon.colcon_core.environment:create_file_with_runtime_dependencies(/home/alireza/thesis1/navigation_go2/go2_ws/install/unitree_api/share/colcon-core/packages/unitree_api)
[1.515s] Level 1:colcon.colcon_core.environment:create_environment_scripts_only(unitree_hg)
[1.516s] Level 1:colcon.colcon_core.environment:checking '/home/alireza/thesis1/navigation_go2/go2_ws/install/unitree_hg' for CMake module files
[1.517s] Level 1:colcon.colcon_core.environment:checking '/home/alireza/thesis1/navigation_go2/go2_ws/install/unitree_hg' for CMake config files
[1.519s] Level 1:colcon.colcon_core.shell:create_environment_hook('unitree_hg', 'cmake_prefix_path')
[1.519s] INFO:colcon.colcon_core.shell:Creating environment hook '/home/alireza/thesis1/navigation_go2/go2_ws/install/unitree_hg/share/unitree_hg/hook/cmake_prefix_path.ps1'
[1.520s] INFO:colcon.colcon_core.shell:Creating environment descriptor '/home/alireza/thesis1/navigation_go2/go2_ws/install/unitree_hg/share/unitree_hg/hook/cmake_prefix_path.dsv'
[1.521s] INFO:colcon.colcon_core.shell:Creating environment hook '/home/alireza/thesis1/navigation_go2/go2_ws/install/unitree_hg/share/unitree_hg/hook/cmake_prefix_path.sh'
[1.522s] Level 1:colcon.colcon_core.environment:checking '/home/alireza/thesis1/navigation_go2/go2_ws/install/unitree_hg/lib'
[1.522s] Level 1:colcon.colcon_core.shell:create_environment_hook('unitree_hg', 'ld_library_path_lib')
[1.523s] INFO:colcon.colcon_core.shell:Creating environment hook '/home/alireza/thesis1/navigation_go2/go2_ws/install/unitree_hg/share/unitree_hg/hook/ld_library_path_lib.ps1'
[1.524s] INFO:colcon.colcon_core.shell:Creating environment descriptor '/home/alireza/thesis1/navigation_go2/go2_ws/install/unitree_hg/share/unitree_hg/hook/ld_library_path_lib.dsv'
[1.525s] INFO:colcon.colcon_core.shell:Creating environment hook '/home/alireza/thesis1/navigation_go2/go2_ws/install/unitree_hg/share/unitree_hg/hook/ld_library_path_lib.sh'
[1.526s] Level 1:colcon.colcon_core.environment:checking '/home/alireza/thesis1/navigation_go2/go2_ws/install/unitree_hg/bin'
[1.526s] Level 1:colcon.colcon_core.environment:checking '/home/alireza/thesis1/navigation_go2/go2_ws/install/unitree_hg/lib/pkgconfig/unitree_hg.pc'
[1.527s] Level 1:colcon.colcon_core.environment:checking '/home/alireza/thesis1/navigation_go2/go2_ws/install/unitree_hg/lib/python3.8/site-packages'
[1.527s] Level 1:colcon.colcon_core.shell:create_environment_hook('unitree_hg', 'pythonpath')
[1.528s] INFO:colcon.colcon_core.shell:Creating environment hook '/home/alireza/thesis1/navigation_go2/go2_ws/install/unitree_hg/share/unitree_hg/hook/pythonpath.ps1'
[1.529s] INFO:colcon.colcon_core.shell:Creating environment descriptor '/home/alireza/thesis1/navigation_go2/go2_ws/install/unitree_hg/share/unitree_hg/hook/pythonpath.dsv'
[1.530s] INFO:colcon.colcon_core.shell:Creating environment hook '/home/alireza/thesis1/navigation_go2/go2_ws/install/unitree_hg/share/unitree_hg/hook/pythonpath.sh'
[1.531s] Level 1:colcon.colcon_core.environment:checking '/home/alireza/thesis1/navigation_go2/go2_ws/install/unitree_hg/bin'
[1.532s] INFO:colcon.colcon_core.shell:Creating package script '/home/alireza/thesis1/navigation_go2/go2_ws/install/unitree_hg/share/unitree_hg/package.ps1'
[1.533s] INFO:colcon.colcon_core.shell:Creating package descriptor '/home/alireza/thesis1/navigation_go2/go2_ws/install/unitree_hg/share/unitree_hg/package.dsv'
[1.534s] INFO:colcon.colcon_core.shell:Creating package script '/home/alireza/thesis1/navigation_go2/go2_ws/install/unitree_hg/share/unitree_hg/package.sh'
[1.535s] INFO:colcon.colcon_core.shell:Creating package script '/home/alireza/thesis1/navigation_go2/go2_ws/install/unitree_hg/share/unitree_hg/package.bash'
[1.537s] INFO:colcon.colcon_core.shell:Creating package script '/home/alireza/thesis1/navigation_go2/go2_ws/install/unitree_hg/share/unitree_hg/package.zsh'
[1.538s] Level 1:colcon.colcon_core.environment:create_file_with_runtime_dependencies(/home/alireza/thesis1/navigation_go2/go2_ws/install/unitree_hg/share/colcon-core/packages/unitree_hg)
[1.540s] Level 1:colcon.colcon_core.environment:create_environment_scripts_only(unitree_hg)
[1.540s] Level 1:colcon.colcon_core.environment:checking '/home/alireza/thesis1/navigation_go2/go2_ws/install/unitree_hg' for CMake module files
[1.541s] Level 1:colcon.colcon_core.environment:checking '/home/alireza/thesis1/navigation_go2/go2_ws/install/unitree_hg' for CMake config files
[1.545s] Level 1:colcon.colcon_core.shell:create_environment_hook('unitree_hg', 'cmake_prefix_path')
[1.545s] INFO:colcon.colcon_core.shell:Creating environment hook '/home/alireza/thesis1/navigation_go2/go2_ws/install/unitree_hg/share/unitree_hg/hook/cmake_prefix_path.ps1'
[1.546s] INFO:colcon.colcon_core.shell:Creating environment descriptor '/home/alireza/thesis1/navigation_go2/go2_ws/install/unitree_hg/share/unitree_hg/hook/cmake_prefix_path.dsv'
[1.547s] INFO:colcon.colcon_core.shell:Creating environment hook '/home/alireza/thesis1/navigation_go2/go2_ws/install/unitree_hg/share/unitree_hg/hook/cmake_prefix_path.sh'
[1.548s] Level 1:colcon.colcon_core.environment:checking '/home/alireza/thesis1/navigation_go2/go2_ws/install/unitree_hg/lib'
[1.549s] Level 1:colcon.colcon_core.shell:create_environment_hook('unitree_hg', 'ld_library_path_lib')
[1.549s] INFO:colcon.colcon_core.shell:Creating environment hook '/home/alireza/thesis1/navigation_go2/go2_ws/install/unitree_hg/share/unitree_hg/hook/ld_library_path_lib.ps1'
[1.550s] INFO:colcon.colcon_core.shell:Creating environment descriptor '/home/alireza/thesis1/navigation_go2/go2_ws/install/unitree_hg/share/unitree_hg/hook/ld_library_path_lib.dsv'
[1.551s] INFO:colcon.colcon_core.shell:Creating environment hook '/home/alireza/thesis1/navigation_go2/go2_ws/install/unitree_hg/share/unitree_hg/hook/ld_library_path_lib.sh'
[1.552s] Level 1:colcon.colcon_core.environment:checking '/home/alireza/thesis1/navigation_go2/go2_ws/install/unitree_hg/bin'
[1.553s] Level 1:colcon.colcon_core.environment:checking '/home/alireza/thesis1/navigation_go2/go2_ws/install/unitree_hg/lib/pkgconfig/unitree_hg.pc'
[1.553s] Level 1:colcon.colcon_core.environment:checking '/home/alireza/thesis1/navigation_go2/go2_ws/install/unitree_hg/lib/python3.8/site-packages'
[1.553s] Level 1:colcon.colcon_core.shell:create_environment_hook('unitree_hg', 'pythonpath')
[1.554s] INFO:colcon.colcon_core.shell:Creating environment hook '/home/alireza/thesis1/navigation_go2/go2_ws/install/unitree_hg/share/unitree_hg/hook/pythonpath.ps1'
[1.555s] INFO:colcon.colcon_core.shell:Creating environment descriptor '/home/alireza/thesis1/navigation_go2/go2_ws/install/unitree_hg/share/unitree_hg/hook/pythonpath.dsv'
[1.556s] INFO:colcon.colcon_core.shell:Creating environment hook '/home/alireza/thesis1/navigation_go2/go2_ws/install/unitree_hg/share/unitree_hg/hook/pythonpath.sh'
[1.558s] Level 1:colcon.colcon_core.environment:checking '/home/alireza/thesis1/navigation_go2/go2_ws/install/unitree_hg/bin'
[1.558s] INFO:colcon.colcon_core.shell:Creating package script '/home/alireza/thesis1/navigation_go2/go2_ws/install/unitree_hg/share/unitree_hg/package.ps1'
[1.562s] INFO:colcon.colcon_core.shell:Creating package descriptor '/home/alireza/thesis1/navigation_go2/go2_ws/install/unitree_hg/share/unitree_hg/package.dsv'
[1.563s] INFO:colcon.colcon_core.shell:Creating package script '/home/alireza/thesis1/navigation_go2/go2_ws/install/unitree_hg/share/unitree_hg/package.sh'
[1.567s] INFO:colcon.colcon_core.shell:Creating package script '/home/alireza/thesis1/navigation_go2/go2_ws/install/unitree_hg/share/unitree_hg/package.bash'
[1.568s] INFO:colcon.colcon_core.shell:Creating package script '/home/alireza/thesis1/navigation_go2/go2_ws/install/unitree_hg/share/unitree_hg/package.zsh'
[1.568s] Level 1:colcon.colcon_core.environment:create_file_with_runtime_dependencies(/home/alireza/thesis1/navigation_go2/go2_ws/install/unitree_hg/share/colcon-core/packages/unitree_hg)
[1.569s] Level 1:colcon.colcon_core.environment:create_environment_scripts_only(unitree_go)
[1.569s] Level 1:colcon.colcon_core.environment:checking '/home/alireza/thesis1/navigation_go2/go2_ws/install/unitree_go' for CMake module files
[1.572s] Level 1:colcon.colcon_core.environment:checking '/home/alireza/thesis1/navigation_go2/go2_ws/install/unitree_go' for CMake config files
[1.574s] Level 1:colcon.colcon_core.shell:create_environment_hook('unitree_go', 'cmake_prefix_path')
[1.575s] INFO:colcon.colcon_core.shell:Creating environment hook '/home/alireza/thesis1/navigation_go2/go2_ws/install/unitree_go/share/unitree_go/hook/cmake_prefix_path.ps1'
[1.576s] INFO:colcon.colcon_core.shell:Creating environment descriptor '/home/alireza/thesis1/navigation_go2/go2_ws/install/unitree_go/share/unitree_go/hook/cmake_prefix_path.dsv'
[1.577s] INFO:colcon.colcon_core.shell:Creating environment hook '/home/alireza/thesis1/navigation_go2/go2_ws/install/unitree_go/share/unitree_go/hook/cmake_prefix_path.sh'
[1.578s] Level 1:colcon.colcon_core.environment:checking '/home/alireza/thesis1/navigation_go2/go2_ws/install/unitree_go/lib'
[1.578s] Level 1:colcon.colcon_core.shell:create_environment_hook('unitree_go', 'ld_library_path_lib')
[1.579s] INFO:colcon.colcon_core.shell:Creating environment hook '/home/alireza/thesis1/navigation_go2/go2_ws/install/unitree_go/share/unitree_go/hook/ld_library_path_lib.ps1'
[1.579s] INFO:colcon.colcon_core.shell:Creating environment descriptor '/home/alireza/thesis1/navigation_go2/go2_ws/install/unitree_go/share/unitree_go/hook/ld_library_path_lib.dsv'
[1.580s] INFO:colcon.colcon_core.shell:Creating environment hook '/home/alireza/thesis1/navigation_go2/go2_ws/install/unitree_go/share/unitree_go/hook/ld_library_path_lib.sh'
[1.581s] Level 1:colcon.colcon_core.environment:checking '/home/alireza/thesis1/navigation_go2/go2_ws/install/unitree_go/bin'
[1.581s] Level 1:colcon.colcon_core.environment:checking '/home/alireza/thesis1/navigation_go2/go2_ws/install/unitree_go/lib/pkgconfig/unitree_go.pc'
[1.581s] Level 1:colcon.colcon_core.environment:checking '/home/alireza/thesis1/navigation_go2/go2_ws/install/unitree_go/lib/python3.8/site-packages'
[1.582s] Level 1:colcon.colcon_core.shell:create_environment_hook('unitree_go', 'pythonpath')
[1.582s] INFO:colcon.colcon_core.shell:Creating environment hook '/home/alireza/thesis1/navigation_go2/go2_ws/install/unitree_go/share/unitree_go/hook/pythonpath.ps1'
[1.583s] INFO:colcon.colcon_core.shell:Creating environment descriptor '/home/alireza/thesis1/navigation_go2/go2_ws/install/unitree_go/share/unitree_go/hook/pythonpath.dsv'
[1.584s] INFO:colcon.colcon_core.shell:Creating environment hook '/home/alireza/thesis1/navigation_go2/go2_ws/install/unitree_go/share/unitree_go/hook/pythonpath.sh'
[1.585s] Level 1:colcon.colcon_core.environment:checking '/home/alireza/thesis1/navigation_go2/go2_ws/install/unitree_go/bin'
[1.586s] INFO:colcon.colcon_core.shell:Creating package script '/home/alireza/thesis1/navigation_go2/go2_ws/install/unitree_go/share/unitree_go/package.ps1'
[1.587s] INFO:colcon.colcon_core.shell:Creating package descriptor '/home/alireza/thesis1/navigation_go2/go2_ws/install/unitree_go/share/unitree_go/package.dsv'
[1.588s] INFO:colcon.colcon_core.shell:Creating package script '/home/alireza/thesis1/navigation_go2/go2_ws/install/unitree_go/share/unitree_go/package.sh'
[1.589s] INFO:colcon.colcon_core.shell:Creating package script '/home/alireza/thesis1/navigation_go2/go2_ws/install/unitree_go/share/unitree_go/package.bash'
[1.590s] INFO:colcon.colcon_core.shell:Creating package script '/home/alireza/thesis1/navigation_go2/go2_ws/install/unitree_go/share/unitree_go/package.zsh'
[1.591s] Level 1:colcon.colcon_core.environment:create_file_with_runtime_dependencies(/home/alireza/thesis1/navigation_go2/go2_ws/install/unitree_go/share/colcon-core/packages/unitree_go)
[1.592s] Level 1:colcon.colcon_core.environment:create_environment_scripts_only(unitree_go)
[1.592s] Level 1:colcon.colcon_core.environment:checking '/home/alireza/thesis1/navigation_go2/go2_ws/install/unitree_go' for CMake module files
[1.595s] Level 1:colcon.colcon_core.environment:checking '/home/alireza/thesis1/navigation_go2/go2_ws/install/unitree_go' for CMake config files
[1.597s] Level 1:colcon.colcon_core.shell:create_environment_hook('unitree_go', 'cmake_prefix_path')
[1.598s] INFO:colcon.colcon_core.shell:Creating environment hook '/home/alireza/thesis1/navigation_go2/go2_ws/install/unitree_go/share/unitree_go/hook/cmake_prefix_path.ps1'
[1.599s] INFO:colcon.colcon_core.shell:Creating environment descriptor '/home/alireza/thesis1/navigation_go2/go2_ws/install/unitree_go/share/unitree_go/hook/cmake_prefix_path.dsv'
[1.600s] INFO:colcon.colcon_core.shell:Creating environment hook '/home/alireza/thesis1/navigation_go2/go2_ws/install/unitree_go/share/unitree_go/hook/cmake_prefix_path.sh'
[1.601s] Level 1:colcon.colcon_core.environment:checking '/home/alireza/thesis1/navigation_go2/go2_ws/install/unitree_go/lib'
[1.601s] Level 1:colcon.colcon_core.shell:create_environment_hook('unitree_go', 'ld_library_path_lib')
[1.601s] INFO:colcon.colcon_core.shell:Creating environment hook '/home/alireza/thesis1/navigation_go2/go2_ws/install/unitree_go/share/unitree_go/hook/ld_library_path_lib.ps1'
[1.602s] INFO:colcon.colcon_core.shell:Creating environment descriptor '/home/alireza/thesis1/navigation_go2/go2_ws/install/unitree_go/share/unitree_go/hook/ld_library_path_lib.dsv'
[1.603s] INFO:colcon.colcon_core.shell:Creating environment hook '/home/alireza/thesis1/navigation_go2/go2_ws/install/unitree_go/share/unitree_go/hook/ld_library_path_lib.sh'
[1.604s] Level 1:colcon.colcon_core.environment:checking '/home/alireza/thesis1/navigation_go2/go2_ws/install/unitree_go/bin'
[1.604s] Level 1:colcon.colcon_core.environment:checking '/home/alireza/thesis1/navigation_go2/go2_ws/install/unitree_go/lib/pkgconfig/unitree_go.pc'
[1.605s] Level 1:colcon.colcon_core.environment:checking '/home/alireza/thesis1/navigation_go2/go2_ws/install/unitree_go/lib/python3.8/site-packages'
[1.605s] Level 1:colcon.colcon_core.shell:create_environment_hook('unitree_go', 'pythonpath')
[1.605s] INFO:colcon.colcon_core.shell:Creating environment hook '/home/alireza/thesis1/navigation_go2/go2_ws/install/unitree_go/share/unitree_go/hook/pythonpath.ps1'
[1.606s] INFO:colcon.colcon_core.shell:Creating environment descriptor '/home/alireza/thesis1/navigation_go2/go2_ws/install/unitree_go/share/unitree_go/hook/pythonpath.dsv'
[1.607s] INFO:colcon.colcon_core.shell:Creating environment hook '/home/alireza/thesis1/navigation_go2/go2_ws/install/unitree_go/share/unitree_go/hook/pythonpath.sh'
[1.608s] Level 1:colcon.colcon_core.environment:checking '/home/alireza/thesis1/navigation_go2/go2_ws/install/unitree_go/bin'
[1.609s] INFO:colcon.colcon_core.shell:Creating package script '/home/alireza/thesis1/navigation_go2/go2_ws/install/unitree_go/share/unitree_go/package.ps1'
[1.610s] INFO:colcon.colcon_core.shell:Creating package descriptor '/home/alireza/thesis1/navigation_go2/go2_ws/install/unitree_go/share/unitree_go/package.dsv'
[1.611s] INFO:colcon.colcon_core.shell:Creating package script '/home/alireza/thesis1/navigation_go2/go2_ws/install/unitree_go/share/unitree_go/package.sh'
[1.612s] INFO:colcon.colcon_core.shell:Creating package script '/home/alireza/thesis1/navigation_go2/go2_ws/install/unitree_go/share/unitree_go/package.bash'
[1.613s] INFO:colcon.colcon_core.shell:Creating package script '/home/alireza/thesis1/navigation_go2/go2_ws/install/unitree_go/share/unitree_go/package.zsh'
[1.614s] Level 1:colcon.colcon_core.environment:create_file_with_runtime_dependencies(/home/alireza/thesis1/navigation_go2/go2_ws/install/unitree_go/share/colcon-core/packages/unitree_go)
[1.615s] INFO:colcon.colcon_ros.task.ament_cmake.build:Building ROS package in '/home/alireza/thesis1/navigation_go2/go2_ws/src/unitree_ros2/example/src' with build type 'ament_cmake'
[1.615s] INFO:colcon.colcon_cmake.task.cmake.build:Building CMake package in '/home/alireza/thesis1/navigation_go2/go2_ws/src/unitree_ros2/example/src'
[1.615s] INFO:colcon.colcon_core.shell:Skip shell extension 'powershell' for command environment: Not usable outside of PowerShell
[1.616s] DEBUG:colcon.colcon_core.shell:Skip shell extension 'dsv' for command environment
[1.627s] INFO:colcon.colcon_ros.task.ament_cmake.build:Building ROS package in '/home/alireza/thesis1/navigation_go2/go2_ws/src/go2_real' with build type 'ament_cmake'
[1.628s] INFO:colcon.colcon_cmake.task.cmake.build:Building CMake package in '/home/alireza/thesis1/navigation_go2/go2_ws/src/go2_real'
[1.628s] INFO:colcon.colcon_core.shell:Skip shell extension 'powershell' for command environment: Not usable outside of PowerShell
[1.629s] DEBUG:colcon.colcon_core.shell:Skip shell extension 'dsv' for command environment
[1.649s] DEBUG:colcon.colcon_core.event_handler.log_command:Invoked command in '/home/alireza/thesis1/navigation_go2/go2_ws/build/unitree_api' returned '0': CMAKE_PREFIX_PATH=/opt/ros/foxy /usr/bin/cmake --install /home/alireza/thesis1/navigation_go2/go2_ws/build/unitree_api
[1.683s] DEBUG:colcon.colcon_core.event_handler.log_command:Invoked command in '/home/alireza/thesis1/navigation_go2/go2_ws/build/unitree_hg' returned '0': CMAKE_PREFIX_PATH=/opt/ros/foxy /usr/bin/cmake --install /home/alireza/thesis1/navigation_go2/go2_ws/build/unitree_hg
[1.685s] DEBUG:colcon.colcon_core.event_handler.log_command:Invoked command in '/home/alireza/thesis1/navigation_go2/go2_ws/build/unitree_go' returned '0': CMAKE_PREFIX_PATH=/opt/ros/foxy /usr/bin/cmake --install /home/alireza/thesis1/navigation_go2/go2_ws/build/unitree_go
[1.687s] DEBUG:colcon.colcon_core.event_handler.log_command:Invoking command in '/home/alireza/thesis1/navigation_go2/go2_ws/build/unitree_ros2_example': AMENT_PREFIX_PATH=/home/alireza/thesis1/navigation_go2/go2_ws/install/unitree_hg:/home/alireza/thesis1/navigation_go2/go2_ws/install/unitree_go:/home/alireza/thesis1/navigation_go2/go2_ws/install/unitree_api:${AMENT_PREFIX_PATH} CMAKE_PREFIX_PATH=/home/alireza/thesis1/navigation_go2/go2_ws/install/unitree_hg:/home/alireza/thesis1/navigation_go2/go2_ws/install/unitree_go:/home/alireza/thesis1/navigation_go2/go2_ws/install/unitree_api:/opt/ros/foxy LD_LIBRARY_PATH=/home/alireza/thesis1/navigation_go2/go2_ws/install/unitree_hg/lib:/home/alireza/thesis1/navigation_go2/go2_ws/install/unitree_go/lib:/home/alireza/thesis1/navigation_go2/go2_ws/install/unitree_api/lib:${LD_LIBRARY_PATH} PYTHONPATH=/home/alireza/thesis1/navigation_go2/go2_ws/install/unitree_hg/lib/python3.8/site-packages:/home/alireza/thesis1/navigation_go2/go2_ws/install/unitree_go/lib/python3.8/site-packages:/home/alireza/thesis1/navigation_go2/go2_ws/install/unitree_api/lib/python3.8/site-packages:${PYTHONPATH} /usr/bin/cmake --build /home/alireza/thesis1/navigation_go2/go2_ws/build/unitree_ros2_example -- -j8 -l8
[1.688s] DEBUG:colcon.colcon_core.event_handler.log_command:Invoking command in '/home/alireza/thesis1/navigation_go2/go2_ws/build/go2_real': AMENT_PREFIX_PATH=/home/alireza/thesis1/navigation_go2/go2_ws/install/go2_gazebo:/home/alireza/thesis1/navigation_go2/go2_ws/install/unitree_go:/home/alireza/thesis1/navigation_go2/go2_ws/install/unitree_api:/home/alireza/thesis1/navigation_go2/go2_ws/install/pointcloud_to_laserscan:/home/alireza/thesis1/navigation_go2/go2_ws/install/livox_ros_driver2:/home/alireza/thesis1/navigation_go2/go2_ws/install/go2_description:${AMENT_PREFIX_PATH} CMAKE_PREFIX_PATH=/home/alireza/thesis1/navigation_go2/go2_ws/install/go2_gazebo:/home/alireza/thesis1/navigation_go2/go2_ws/install/unitree_go:/home/alireza/thesis1/navigation_go2/go2_ws/install/unitree_api:/home/alireza/thesis1/navigation_go2/go2_ws/install/pointcloud_to_laserscan:/home/alireza/thesis1/navigation_go2/go2_ws/install/livox_ros_driver2:/home/alireza/thesis1/navigation_go2/go2_ws/install/go2_description:/opt/ros/foxy LD_LIBRARY_PATH=/home/alireza/thesis1/navigation_go2/go2_ws/install/unitree_go/lib:/home/alireza/thesis1/navigation_go2/go2_ws/install/unitree_api/lib:/home/alireza/thesis1/navigation_go2/go2_ws/install/pointcloud_to_laserscan/lib:/home/alireza/thesis1/navigation_go2/go2_ws/install/livox_ros_driver2/lib:${LD_LIBRARY_PATH} PYTHONPATH=/home/alireza/thesis1/navigation_go2/go2_ws/install/unitree_go/lib/python3.8/site-packages:/home/alireza/thesis1/navigation_go2/go2_ws/install/unitree_api/lib/python3.8/site-packages:/home/alireza/thesis1/navigation_go2/go2_ws/install/livox_ros_driver2/lib/python3.8/site-packages:${PYTHONPATH} /usr/bin/cmake --build /home/alireza/thesis1/navigation_go2/go2_ws/build/go2_real -- -j8 -l8
[1.734s] DEBUG:colcon.colcon_core.event_handler.log_command:Invoked command in '/home/alireza/thesis1/navigation_go2/go2_ws/build/go2_real' returned '0': AMENT_PREFIX_PATH=/home/alireza/thesis1/navigation_go2/go2_ws/install/go2_gazebo:/home/alireza/thesis1/navigation_go2/go2_ws/install/unitree_go:/home/alireza/thesis1/navigation_go2/go2_ws/install/unitree_api:/home/alireza/thesis1/navigation_go2/go2_ws/install/pointcloud_to_laserscan:/home/alireza/thesis1/navigation_go2/go2_ws/install/livox_ros_driver2:/home/alireza/thesis1/navigation_go2/go2_ws/install/go2_description:${AMENT_PREFIX_PATH} CMAKE_PREFIX_PATH=/home/alireza/thesis1/navigation_go2/go2_ws/install/go2_gazebo:/home/alireza/thesis1/navigation_go2/go2_ws/install/unitree_go:/home/alireza/thesis1/navigation_go2/go2_ws/install/unitree_api:/home/alireza/thesis1/navigation_go2/go2_ws/install/pointcloud_to_laserscan:/home/alireza/thesis1/navigation_go2/go2_ws/install/livox_ros_driver2:/home/alireza/thesis1/navigation_go2/go2_ws/install/go2_description:/opt/ros/foxy LD_LIBRARY_PATH=/home/alireza/thesis1/navigation_go2/go2_ws/install/unitree_go/lib:/home/alireza/thesis1/navigation_go2/go2_ws/install/unitree_api/lib:/home/alireza/thesis1/navigation_go2/go2_ws/install/pointcloud_to_laserscan/lib:/home/alireza/thesis1/navigation_go2/go2_ws/install/livox_ros_driver2/lib:${LD_LIBRARY_PATH} PYTHONPATH=/home/alireza/thesis1/navigation_go2/go2_ws/install/unitree_go/lib/python3.8/site-packages:/home/alireza/thesis1/navigation_go2/go2_ws/install/unitree_api/lib/python3.8/site-packages:/home/alireza/thesis1/navigation_go2/go2_ws/install/livox_ros_driver2/lib/python3.8/site-packages:${PYTHONPATH} /usr/bin/cmake --build /home/alireza/thesis1/navigation_go2/go2_ws/build/go2_real -- -j8 -l8
[1.736s] DEBUG:colcon.colcon_core.event_handler.log_command:Invoking command in '/home/alireza/thesis1/navigation_go2/go2_ws/build/go2_real': AMENT_PREFIX_PATH=/home/alireza/thesis1/navigation_go2/go2_ws/install/go2_gazebo:/home/alireza/thesis1/navigation_go2/go2_ws/install/unitree_go:/home/alireza/thesis1/navigation_go2/go2_ws/install/unitree_api:/home/alireza/thesis1/navigation_go2/go2_ws/install/pointcloud_to_laserscan:/home/alireza/thesis1/navigation_go2/go2_ws/install/livox_ros_driver2:/home/alireza/thesis1/navigation_go2/go2_ws/install/go2_description:${AMENT_PREFIX_PATH} CMAKE_PREFIX_PATH=/home/alireza/thesis1/navigation_go2/go2_ws/install/go2_gazebo:/home/alireza/thesis1/navigation_go2/go2_ws/install/unitree_go:/home/alireza/thesis1/navigation_go2/go2_ws/install/unitree_api:/home/alireza/thesis1/navigation_go2/go2_ws/install/pointcloud_to_laserscan:/home/alireza/thesis1/navigation_go2/go2_ws/install/livox_ros_driver2:/home/alireza/thesis1/navigation_go2/go2_ws/install/go2_description:/opt/ros/foxy LD_LIBRARY_PATH=/home/alireza/thesis1/navigation_go2/go2_ws/install/unitree_go/lib:/home/alireza/thesis1/navigation_go2/go2_ws/install/unitree_api/lib:/home/alireza/thesis1/navigation_go2/go2_ws/install/pointcloud_to_laserscan/lib:/home/alireza/thesis1/navigation_go2/go2_ws/install/livox_ros_driver2/lib:${LD_LIBRARY_PATH} PYTHONPATH=/home/alireza/thesis1/navigation_go2/go2_ws/install/unitree_go/lib/python3.8/site-packages:/home/alireza/thesis1/navigation_go2/go2_ws/install/unitree_api/lib/python3.8/site-packages:/home/alireza/thesis1/navigation_go2/go2_ws/install/livox_ros_driver2/lib/python3.8/site-packages:${PYTHONPATH} /usr/bin/cmake --install /home/alireza/thesis1/navigation_go2/go2_ws/build/go2_real
[1.764s] Level 1:colcon.colcon_core.environment:create_environment_scripts_only(go2_real)
[1.764s] Level 1:colcon.colcon_core.environment:checking '/home/alireza/thesis1/navigation_go2/go2_ws/install/go2_real' for CMake module files
[1.766s] Level 1:colcon.colcon_core.environment:checking '/home/alireza/thesis1/navigation_go2/go2_ws/install/go2_real' for CMake config files
[1.766s] Level 1:colcon.colcon_core.shell:create_environment_hook('go2_real', 'cmake_prefix_path')
[1.767s] INFO:colcon.colcon_core.shell:Creating environment hook '/home/alireza/thesis1/navigation_go2/go2_ws/install/go2_real/share/go2_real/hook/cmake_prefix_path.ps1'
[1.768s] DEBUG:colcon.colcon_core.event_handler.log_command:Invoked command in '/home/alireza/thesis1/navigation_go2/go2_ws/build/go2_real' returned '0': AMENT_PREFIX_PATH=/home/alireza/thesis1/navigation_go2/go2_ws/install/go2_gazebo:/home/alireza/thesis1/navigation_go2/go2_ws/install/unitree_go:/home/alireza/thesis1/navigation_go2/go2_ws/install/unitree_api:/home/alireza/thesis1/navigation_go2/go2_ws/install/pointcloud_to_laserscan:/home/alireza/thesis1/navigation_go2/go2_ws/install/livox_ros_driver2:/home/alireza/thesis1/navigation_go2/go2_ws/install/go2_description:${AMENT_PREFIX_PATH} CMAKE_PREFIX_PATH=/home/alireza/thesis1/navigation_go2/go2_ws/install/go2_gazebo:/home/alireza/thesis1/navigation_go2/go2_ws/install/unitree_go:/home/alireza/thesis1/navigation_go2/go2_ws/install/unitree_api:/home/alireza/thesis1/navigation_go2/go2_ws/install/pointcloud_to_laserscan:/home/alireza/thesis1/navigation_go2/go2_ws/install/livox_ros_driver2:/home/alireza/thesis1/navigation_go2/go2_ws/install/go2_description:/opt/ros/foxy LD_LIBRARY_PATH=/home/alireza/thesis1/navigation_go2/go2_ws/install/unitree_go/lib:/home/alireza/thesis1/navigation_go2/go2_ws/install/unitree_api/lib:/home/alireza/thesis1/navigation_go2/go2_ws/install/pointcloud_to_laserscan/lib:/home/alireza/thesis1/navigation_go2/go2_ws/install/livox_ros_driver2/lib:${LD_LIBRARY_PATH} PYTHONPATH=/home/alireza/thesis1/navigation_go2/go2_ws/install/unitree_go/lib/python3.8/site-packages:/home/alireza/thesis1/navigation_go2/go2_ws/install/unitree_api/lib/python3.8/site-packages:/home/alireza/thesis1/navigation_go2/go2_ws/install/livox_ros_driver2/lib/python3.8/site-packages:${PYTHONPATH} /usr/bin/cmake --install /home/alireza/thesis1/navigation_go2/go2_ws/build/go2_real
[1.769s] INFO:colcon.colcon_core.shell:Creating environment descriptor '/home/alireza/thesis1/navigation_go2/go2_ws/install/go2_real/share/go2_real/hook/cmake_prefix_path.dsv'
[1.770s] INFO:colcon.colcon_core.shell:Creating environment hook '/home/alireza/thesis1/navigation_go2/go2_ws/install/go2_real/share/go2_real/hook/cmake_prefix_path.sh'
[1.773s] Level 1:colcon.colcon_core.environment:checking '/home/alireza/thesis1/navigation_go2/go2_ws/install/go2_real/lib'
[1.773s] Level 1:colcon.colcon_core.environment:checking '/home/alireza/thesis1/navigation_go2/go2_ws/install/go2_real/bin'
[1.773s] Level 1:colcon.colcon_core.environment:checking '/home/alireza/thesis1/navigation_go2/go2_ws/install/go2_real/lib/pkgconfig/go2_real.pc'
[1.775s] Level 1:colcon.colcon_core.environment:checking '/home/alireza/thesis1/navigation_go2/go2_ws/install/go2_real/lib/python3.8/site-packages'
[1.776s] Level 1:colcon.colcon_core.environment:checking '/home/alireza/thesis1/navigation_go2/go2_ws/install/go2_real/bin'
[1.776s] INFO:colcon.colcon_core.shell:Creating package script '/home/alireza/thesis1/navigation_go2/go2_ws/install/go2_real/share/go2_real/package.ps1'
[1.777s] INFO:colcon.colcon_core.shell:Creating package descriptor '/home/alireza/thesis1/navigation_go2/go2_ws/install/go2_real/share/go2_real/package.dsv'
[1.778s] INFO:colcon.colcon_core.shell:Creating package script '/home/alireza/thesis1/navigation_go2/go2_ws/install/go2_real/share/go2_real/package.sh'
[1.779s] INFO:colcon.colcon_core.shell:Creating package script '/home/alireza/thesis1/navigation_go2/go2_ws/install/go2_real/share/go2_real/package.bash'
[1.788s] INFO:colcon.colcon_core.shell:Creating package script '/home/alireza/thesis1/navigation_go2/go2_ws/install/go2_real/share/go2_real/package.zsh'
[1.789s] Level 1:colcon.colcon_core.environment:create_file_with_runtime_dependencies(/home/alireza/thesis1/navigation_go2/go2_ws/install/go2_real/share/colcon-core/packages/go2_real)
[1.791s] Level 1:colcon.colcon_core.environment:create_environment_scripts_only(go2_real)
[1.791s] Level 1:colcon.colcon_core.environment:checking '/home/alireza/thesis1/navigation_go2/go2_ws/install/go2_real' for CMake module files
[1.792s] Level 1:colcon.colcon_core.environment:checking '/home/alireza/thesis1/navigation_go2/go2_ws/install/go2_real' for CMake config files
[1.793s] Level 1:colcon.colcon_core.shell:create_environment_hook('go2_real', 'cmake_prefix_path')
[1.793s] INFO:colcon.colcon_core.shell:Creating environment hook '/home/alireza/thesis1/navigation_go2/go2_ws/install/go2_real/share/go2_real/hook/cmake_prefix_path.ps1'
[1.794s] INFO:colcon.colcon_core.shell:Creating environment descriptor '/home/alireza/thesis1/navigation_go2/go2_ws/install/go2_real/share/go2_real/hook/cmake_prefix_path.dsv'
[1.795s] INFO:colcon.colcon_core.shell:Creating environment hook '/home/alireza/thesis1/navigation_go2/go2_ws/install/go2_real/share/go2_real/hook/cmake_prefix_path.sh'
[1.796s] Level 1:colcon.colcon_core.environment:checking '/home/alireza/thesis1/navigation_go2/go2_ws/install/go2_real/lib'
[1.796s] Level 1:colcon.colcon_core.environment:checking '/home/alireza/thesis1/navigation_go2/go2_ws/install/go2_real/bin'
[1.796s] Level 1:colcon.colcon_core.environment:checking '/home/alireza/thesis1/navigation_go2/go2_ws/install/go2_real/lib/pkgconfig/go2_real.pc'
[1.796s] Level 1:colcon.colcon_core.environment:checking '/home/alireza/thesis1/navigation_go2/go2_ws/install/go2_real/lib/python3.8/site-packages'
[1.797s] Level 1:colcon.colcon_core.environment:checking '/home/alireza/thesis1/navigation_go2/go2_ws/install/go2_real/bin'
[1.797s] INFO:colcon.colcon_core.shell:Creating package script '/home/alireza/thesis1/navigation_go2/go2_ws/install/go2_real/share/go2_real/package.ps1'
[1.798s] INFO:colcon.colcon_core.shell:Creating package descriptor '/home/alireza/thesis1/navigation_go2/go2_ws/install/go2_real/share/go2_real/package.dsv'
[1.799s] INFO:colcon.colcon_core.shell:Creating package script '/home/alireza/thesis1/navigation_go2/go2_ws/install/go2_real/share/go2_real/package.sh'
[1.800s] INFO:colcon.colcon_core.shell:Creating package script '/home/alireza/thesis1/navigation_go2/go2_ws/install/go2_real/share/go2_real/package.bash'
[1.802s] INFO:colcon.colcon_core.shell:Creating package script '/home/alireza/thesis1/navigation_go2/go2_ws/install/go2_real/share/go2_real/package.zsh'
[1.803s] Level 1:colcon.colcon_core.environment:create_file_with_runtime_dependencies(/home/alireza/thesis1/navigation_go2/go2_ws/install/go2_real/share/colcon-core/packages/go2_real)
[2.027s] DEBUG:colcon.colcon_core.event_handler.log_command:Invoked command in '/home/alireza/thesis1/navigation_go2/go2_ws/build/unitree_ros2_example' returned '0': AMENT_PREFIX_PATH=/home/alireza/thesis1/navigation_go2/go2_ws/install/unitree_hg:/home/alireza/thesis1/navigation_go2/go2_ws/install/unitree_go:/home/alireza/thesis1/navigation_go2/go2_ws/install/unitree_api:${AMENT_PREFIX_PATH} CMAKE_PREFIX_PATH=/home/alireza/thesis1/navigation_go2/go2_ws/install/unitree_hg:/home/alireza/thesis1/navigation_go2/go2_ws/install/unitree_go:/home/alireza/thesis1/navigation_go2/go2_ws/install/unitree_api:/opt/ros/foxy LD_LIBRARY_PATH=/home/alireza/thesis1/navigation_go2/go2_ws/install/unitree_hg/lib:/home/alireza/thesis1/navigation_go2/go2_ws/install/unitree_go/lib:/home/alireza/thesis1/navigation_go2/go2_ws/install/unitree_api/lib:${LD_LIBRARY_PATH} PYTHONPATH=/home/alireza/thesis1/navigation_go2/go2_ws/install/unitree_hg/lib/python3.8/site-packages:/home/alireza/thesis1/navigation_go2/go2_ws/install/unitree_go/lib/python3.8/site-packages:/home/alireza/thesis1/navigation_go2/go2_ws/install/unitree_api/lib/python3.8/site-packages:${PYTHONPATH} /usr/bin/cmake --build /home/alireza/thesis1/navigation_go2/go2_ws/build/unitree_ros2_example -- -j8 -l8
[2.029s] DEBUG:colcon.colcon_core.event_handler.log_command:Invoking command in '/home/alireza/thesis1/navigation_go2/go2_ws/build/unitree_ros2_example': AMENT_PREFIX_PATH=/home/alireza/thesis1/navigation_go2/go2_ws/install/unitree_hg:/home/alireza/thesis1/navigation_go2/go2_ws/install/unitree_go:/home/alireza/thesis1/navigation_go2/go2_ws/install/unitree_api:${AMENT_PREFIX_PATH} CMAKE_PREFIX_PATH=/home/alireza/thesis1/navigation_go2/go2_ws/install/unitree_hg:/home/alireza/thesis1/navigation_go2/go2_ws/install/unitree_go:/home/alireza/thesis1/navigation_go2/go2_ws/install/unitree_api:/opt/ros/foxy LD_LIBRARY_PATH=/home/alireza/thesis1/navigation_go2/go2_ws/install/unitree_hg/lib:/home/alireza/thesis1/navigation_go2/go2_ws/install/unitree_go/lib:/home/alireza/thesis1/navigation_go2/go2_ws/install/unitree_api/lib:${LD_LIBRARY_PATH} PYTHONPATH=/home/alireza/thesis1/navigation_go2/go2_ws/install/unitree_hg/lib/python3.8/site-packages:/home/alireza/thesis1/navigation_go2/go2_ws/install/unitree_go/lib/python3.8/site-packages:/home/alireza/thesis1/navigation_go2/go2_ws/install/unitree_api/lib/python3.8/site-packages:${PYTHONPATH} /usr/bin/cmake --install /home/alireza/thesis1/navigation_go2/go2_ws/build/unitree_ros2_example
[2.054s] Level 1:colcon.colcon_core.environment:create_environment_scripts_only(unitree_ros2_example)
[2.055s] Level 1:colcon.colcon_core.environment:checking '/home/alireza/thesis1/navigation_go2/go2_ws/install/unitree_ros2_example' for CMake module files
[2.057s] DEBUG:colcon.colcon_core.event_handler.log_command:Invoked command in '/home/alireza/thesis1/navigation_go2/go2_ws/build/unitree_ros2_example' returned '0': AMENT_PREFIX_PATH=/home/alireza/thesis1/navigation_go2/go2_ws/install/unitree_hg:/home/alireza/thesis1/navigation_go2/go2_ws/install/unitree_go:/home/alireza/thesis1/navigation_go2/go2_ws/install/unitree_api:${AMENT_PREFIX_PATH} CMAKE_PREFIX_PATH=/home/alireza/thesis1/navigation_go2/go2_ws/install/unitree_hg:/home/alireza/thesis1/navigation_go2/go2_ws/install/unitree_go:/home/alireza/thesis1/navigation_go2/go2_ws/install/unitree_api:/opt/ros/foxy LD_LIBRARY_PATH=/home/alireza/thesis1/navigation_go2/go2_ws/install/unitree_hg/lib:/home/alireza/thesis1/navigation_go2/go2_ws/install/unitree_go/lib:/home/alireza/thesis1/navigation_go2/go2_ws/install/unitree_api/lib:${LD_LIBRARY_PATH} PYTHONPATH=/home/alireza/thesis1/navigation_go2/go2_ws/install/unitree_hg/lib/python3.8/site-packages:/home/alireza/thesis1/navigation_go2/go2_ws/install/unitree_go/lib/python3.8/site-packages:/home/alireza/thesis1/navigation_go2/go2_ws/install/unitree_api/lib/python3.8/site-packages:${PYTHONPATH} /usr/bin/cmake --install /home/alireza/thesis1/navigation_go2/go2_ws/build/unitree_ros2_example
[2.057s] Level 1:colcon.colcon_core.environment:checking '/home/alireza/thesis1/navigation_go2/go2_ws/install/unitree_ros2_example' for CMake config files
[2.058s] Level 1:colcon.colcon_core.shell:create_environment_hook('unitree_ros2_example', 'cmake_prefix_path')
[2.058s] INFO:colcon.colcon_core.shell:Creating environment hook '/home/alireza/thesis1/navigation_go2/go2_ws/install/unitree_ros2_example/share/unitree_ros2_example/hook/cmake_prefix_path.ps1'
[2.059s] INFO:colcon.colcon_core.shell:Creating environment descriptor '/home/alireza/thesis1/navigation_go2/go2_ws/install/unitree_ros2_example/share/unitree_ros2_example/hook/cmake_prefix_path.dsv'
[2.059s] INFO:colcon.colcon_core.shell:Creating environment hook '/home/alireza/thesis1/navigation_go2/go2_ws/install/unitree_ros2_example/share/unitree_ros2_example/hook/cmake_prefix_path.sh'
[2.060s] Level 1:colcon.colcon_core.environment:checking '/home/alireza/thesis1/navigation_go2/go2_ws/install/unitree_ros2_example/bin'
[2.060s] Level 1:colcon.colcon_core.shell:create_environment_hook('unitree_ros2_example', 'path')
[2.061s] INFO:colcon.colcon_core.shell:Creating environment hook '/home/alireza/thesis1/navigation_go2/go2_ws/install/unitree_ros2_example/share/unitree_ros2_example/hook/path.ps1'
[2.062s] INFO:colcon.colcon_core.shell:Creating environment descriptor '/home/alireza/thesis1/navigation_go2/go2_ws/install/unitree_ros2_example/share/unitree_ros2_example/hook/path.dsv'
[2.062s] INFO:colcon.colcon_core.shell:Creating environment hook '/home/alireza/thesis1/navigation_go2/go2_ws/install/unitree_ros2_example/share/unitree_ros2_example/hook/path.sh'
[2.063s] Level 1:colcon.colcon_core.environment:checking '/home/alireza/thesis1/navigation_go2/go2_ws/install/unitree_ros2_example/lib/pkgconfig/unitree_ros2_example.pc'
[2.063s] Level 1:colcon.colcon_core.environment:checking '/home/alireza/thesis1/navigation_go2/go2_ws/install/unitree_ros2_example/lib/python3.8/site-packages'
[2.064s] Level 1:colcon.colcon_core.environment:checking '/home/alireza/thesis1/navigation_go2/go2_ws/install/unitree_ros2_example/bin'
[2.064s] Level 1:colcon.colcon_core.shell:create_environment_hook('unitree_ros2_example', 'pythonscriptspath')
[2.064s] INFO:colcon.colcon_core.shell:Creating environment hook '/home/alireza/thesis1/navigation_go2/go2_ws/install/unitree_ros2_example/share/unitree_ros2_example/hook/pythonscriptspath.ps1'
[2.065s] INFO:colcon.colcon_core.shell:Creating environment descriptor '/home/alireza/thesis1/navigation_go2/go2_ws/install/unitree_ros2_example/share/unitree_ros2_example/hook/pythonscriptspath.dsv'
[2.065s] INFO:colcon.colcon_core.shell:Creating environment hook '/home/alireza/thesis1/navigation_go2/go2_ws/install/unitree_ros2_example/share/unitree_ros2_example/hook/pythonscriptspath.sh'
[2.066s] INFO:colcon.colcon_core.shell:Creating package script '/home/alireza/thesis1/navigation_go2/go2_ws/install/unitree_ros2_example/share/unitree_ros2_example/package.ps1'
[2.067s] INFO:colcon.colcon_core.shell:Creating package descriptor '/home/alireza/thesis1/navigation_go2/go2_ws/install/unitree_ros2_example/share/unitree_ros2_example/package.dsv'
[2.068s] INFO:colcon.colcon_core.shell:Creating package script '/home/alireza/thesis1/navigation_go2/go2_ws/install/unitree_ros2_example/share/unitree_ros2_example/package.sh'
[2.068s] INFO:colcon.colcon_core.shell:Creating package script '/home/alireza/thesis1/navigation_go2/go2_ws/install/unitree_ros2_example/share/unitree_ros2_example/package.bash'
[2.069s] INFO:colcon.colcon_core.shell:Creating package script '/home/alireza/thesis1/navigation_go2/go2_ws/install/unitree_ros2_example/share/unitree_ros2_example/package.zsh'
[2.069s] Level 1:colcon.colcon_core.environment:create_file_with_runtime_dependencies(/home/alireza/thesis1/navigation_go2/go2_ws/install/unitree_ros2_example/share/colcon-core/packages/unitree_ros2_example)
[2.070s] Level 1:colcon.colcon_core.environment:create_environment_scripts_only(unitree_ros2_example)
[2.071s] Level 1:colcon.colcon_core.environment:checking '/home/alireza/thesis1/navigation_go2/go2_ws/install/unitree_ros2_example' for CMake module files
[2.072s] Level 1:colcon.colcon_core.environment:checking '/home/alireza/thesis1/navigation_go2/go2_ws/install/unitree_ros2_example' for CMake config files
[2.072s] Level 1:colcon.colcon_core.shell:create_environment_hook('unitree_ros2_example', 'cmake_prefix_path')
[2.072s] INFO:colcon.colcon_core.shell:Creating environment hook '/home/alireza/thesis1/navigation_go2/go2_ws/install/unitree_ros2_example/share/unitree_ros2_example/hook/cmake_prefix_path.ps1'
[2.073s] INFO:colcon.colcon_core.shell:Creating environment descriptor '/home/alireza/thesis1/navigation_go2/go2_ws/install/unitree_ros2_example/share/unitree_ros2_example/hook/cmake_prefix_path.dsv'
[2.076s] INFO:colcon.colcon_core.shell:Creating environment hook '/home/alireza/thesis1/navigation_go2/go2_ws/install/unitree_ros2_example/share/unitree_ros2_example/hook/cmake_prefix_path.sh'
[2.077s] Level 1:colcon.colcon_core.environment:checking '/home/alireza/thesis1/navigation_go2/go2_ws/install/unitree_ros2_example/bin'
[2.077s] Level 1:colcon.colcon_core.shell:create_environment_hook('unitree_ros2_example', 'path')
[2.077s] INFO:colcon.colcon_core.shell:Creating environment hook '/home/alireza/thesis1/navigation_go2/go2_ws/install/unitree_ros2_example/share/unitree_ros2_example/hook/path.ps1'
[2.078s] INFO:colcon.colcon_core.shell:Creating environment descriptor '/home/alireza/thesis1/navigation_go2/go2_ws/install/unitree_ros2_example/share/unitree_ros2_example/hook/path.dsv'
[2.078s] INFO:colcon.colcon_core.shell:Creating environment hook '/home/alireza/thesis1/navigation_go2/go2_ws/install/unitree_ros2_example/share/unitree_ros2_example/hook/path.sh'
[2.079s] Level 1:colcon.colcon_core.environment:checking '/home/alireza/thesis1/navigation_go2/go2_ws/install/unitree_ros2_example/lib/pkgconfig/unitree_ros2_example.pc'
[2.079s] Level 1:colcon.colcon_core.environment:checking '/home/alireza/thesis1/navigation_go2/go2_ws/install/unitree_ros2_example/lib/python3.8/site-packages'
[2.079s] Level 1:colcon.colcon_core.environment:checking '/home/alireza/thesis1/navigation_go2/go2_ws/install/unitree_ros2_example/bin'
[2.079s] Level 1:colcon.colcon_core.shell:create_environment_hook('unitree_ros2_example', 'pythonscriptspath')
[2.080s] INFO:colcon.colcon_core.shell:Creating environment hook '/home/alireza/thesis1/navigation_go2/go2_ws/install/unitree_ros2_example/share/unitree_ros2_example/hook/pythonscriptspath.ps1'
[2.080s] INFO:colcon.colcon_core.shell:Creating environment descriptor '/home/alireza/thesis1/navigation_go2/go2_ws/install/unitree_ros2_example/share/unitree_ros2_example/hook/pythonscriptspath.dsv'
[2.081s] INFO:colcon.colcon_core.shell:Creating environment hook '/home/alireza/thesis1/navigation_go2/go2_ws/install/unitree_ros2_example/share/unitree_ros2_example/hook/pythonscriptspath.sh'
[2.081s] INFO:colcon.colcon_core.shell:Creating package script '/home/alireza/thesis1/navigation_go2/go2_ws/install/unitree_ros2_example/share/unitree_ros2_example/package.ps1'
[2.082s] INFO:colcon.colcon_core.shell:Creating package descriptor '/home/alireza/thesis1/navigation_go2/go2_ws/install/unitree_ros2_example/share/unitree_ros2_example/package.dsv'
[2.083s] INFO:colcon.colcon_core.shell:Creating package script '/home/alireza/thesis1/navigation_go2/go2_ws/install/unitree_ros2_example/share/unitree_ros2_example/package.sh'
[2.083s] INFO:colcon.colcon_core.shell:Creating package script '/home/alireza/thesis1/navigation_go2/go2_ws/install/unitree_ros2_example/share/unitree_ros2_example/package.bash'
[2.084s] INFO:colcon.colcon_core.shell:Creating package script '/home/alireza/thesis1/navigation_go2/go2_ws/install/unitree_ros2_example/share/unitree_ros2_example/package.zsh'
[2.084s] Level 1:colcon.colcon_core.environment:create_file_with_runtime_dependencies(/home/alireza/thesis1/navigation_go2/go2_ws/install/unitree_ros2_example/share/colcon-core/packages/unitree_ros2_example)
[2.085s] DEBUG:colcon.colcon_parallel_executor.executor.parallel:closing loop
[2.085s] DEBUG:colcon.colcon_parallel_executor.executor.parallel:loop closed
[2.086s] DEBUG:colcon.colcon_parallel_executor.executor.parallel:run_until_complete finished with '0'
[2.086s] DEBUG:colcon.colcon_core.event_reactor:joining thread
[2.091s] INFO:colcon.colcon_core.plugin_system:Skipping extension 'colcon_notification.desktop_notification.terminal_notifier': Not used on non-Darwin systems
[2.091s] INFO:colcon.colcon_core.plugin_system:Skipping extension 'colcon_notification.desktop_notification.win32': Not used on non-Windows systems
[2.091s] INFO:colcon.colcon_notification.desktop_notification:Sending desktop notification using 'notify2'
[2.106s] DEBUG:colcon.colcon_core.event_reactor:joined thread
[2.107s] INFO:colcon.colcon_core.shell:Creating prefix script '/home/alireza/thesis1/navigation_go2/go2_ws/install/local_setup.ps1'
[2.109s] INFO:colcon.colcon_core.shell:Creating prefix util module '/home/alireza/thesis1/navigation_go2/go2_ws/install/_local_setup_util_ps1.py'
[2.112s] INFO:colcon.colcon_core.shell:Creating prefix chain script '/home/alireza/thesis1/navigation_go2/go2_ws/install/setup.ps1'
[2.113s] INFO:colcon.colcon_core.shell:Creating prefix script '/home/alireza/thesis1/navigation_go2/go2_ws/install/local_setup.sh'
[2.114s] INFO:colcon.colcon_core.shell:Creating prefix util module '/home/alireza/thesis1/navigation_go2/go2_ws/install/_local_setup_util_sh.py'
[2.114s] INFO:colcon.colcon_core.shell:Creating prefix chain script '/home/alireza/thesis1/navigation_go2/go2_ws/install/setup.sh'
[2.116s] INFO:colcon.colcon_core.shell:Creating prefix script '/home/alireza/thesis1/navigation_go2/go2_ws/install/local_setup.bash'
[2.116s] INFO:colcon.colcon_core.shell:Creating prefix chain script '/home/alireza/thesis1/navigation_go2/go2_ws/install/setup.bash'
[2.118s] INFO:colcon.colcon_core.shell:Creating prefix script '/home/alireza/thesis1/navigation_go2/go2_ws/install/local_setup.zsh'
[2.118s] INFO:colcon.colcon_core.shell:Creating prefix chain script '/home/alireza/thesis1/navigation_go2/go2_ws/install/setup.zsh'
