[0.227s] DEBUG:colcon:Command line arguments: ['/usr/bin/colcon', 'build', '--cmake-args', '-DROS_EDITION=ROS2']
[0.227s] DEBUG:colcon:Parsed command line arguments: Namespace(allow_overriding=[], ament_cmake_args=None, base_paths=['.'], build_base='build', catkin_cmake_args=None, catkin_skip_building_tests=False, cmake_args=['-DROS_EDITION=ROS2'], cmake_clean_cache=False, cmake_clean_first=False, cmake_force_configure=False, cmake_target=None, cmake_target_skip_unavailable=False, continue_on_error=False, event_handlers=None, executor='parallel', ignore_user_meta=False, install_base='install', log_base=None, log_level=None, main=<bound method BuildVerb.main of <colcon_core.verb.build.BuildVerb object at 0x7f31e7361670>>, merge_install=False, metas=['./colcon.meta'], packages_above=None, packages_above_and_dependencies=None, packages_above_depth=None, packages_end=None, packages_ignore=None, packages_ignore_regex=None, packages_select=None, packages_select_build_failed=False, packages_select_by_dep=None, packages_select_regex=None, packages_select_test_failures=False, packages_skip=None, packages_skip_build_finished=False, packages_skip_by_dep=None, packages_skip_regex=None, packages_skip_test_passed=False, packages_skip_up_to=None, packages_start=None, packages_up_to=None, packages_up_to_regex=None, parallel_workers=8, paths=None, symlink_install=False, test_result_base=None, verb_extension=<colcon_core.verb.build.BuildVerb object at 0x7f31e7361670>, verb_name='build', verb_parser=<colcon_defaults.argument_parser.defaults.DefaultArgumentsDecorator object at 0x7f31e7361b80>)
[0.400s] Level 1:colcon.colcon_core.package_discovery:discover_packages(colcon_meta) check parameters
[0.400s] Level 1:colcon.colcon_core.package_discovery:discover_packages(recursive) check parameters
[0.400s] Level 1:colcon.colcon_core.package_discovery:discover_packages(ignore) check parameters
[0.400s] Level 1:colcon.colcon_core.package_discovery:discover_packages(path) check parameters
[0.400s] Level 1:colcon.colcon_core.package_discovery:discover_packages(colcon_meta) discover
[0.400s] Level 1:colcon.colcon_core.package_discovery:discover_packages(recursive) discover
[0.400s] INFO:colcon.colcon_core.package_discovery:Crawling recursively for packages in '/home/alireza/thesis1/navigation_go2/go2_ws'
[0.400s] Level 1:colcon.colcon_core.package_identification:_identify(.) by extensions ['ignore', 'ignore_ament_install']
[0.401s] Level 1:colcon.colcon_core.package_identification:_identify(.) by extension 'ignore'
[0.401s] Level 1:colcon.colcon_core.package_identification:_identify(.) by extension 'ignore_ament_install'
[0.401s] Level 1:colcon.colcon_core.package_identification:_identify(.) by extensions ['colcon_pkg']
[0.401s] Level 1:colcon.colcon_core.package_identification:_identify(.) by extension 'colcon_pkg'
[0.401s] Level 1:colcon.colcon_core.package_identification:_identify(.) by extensions ['colcon_meta']
[0.401s] Level 1:colcon.colcon_core.package_identification:_identify(.) by extension 'colcon_meta'
[0.401s] Level 1:colcon.colcon_core.package_identification:_identify(.) by extensions ['ros']
[0.401s] Level 1:colcon.colcon_core.package_identification:_identify(.) by extension 'ros'
[0.413s] Level 1:colcon.colcon_core.package_identification:_identify(.) by extensions ['cmake', 'python']
[0.413s] Level 1:colcon.colcon_core.package_identification:_identify(.) by extension 'cmake'
[0.413s] Level 1:colcon.colcon_core.package_identification:_identify(.) by extension 'python'
[0.413s] Level 1:colcon.colcon_core.package_identification:_identify(.) by extensions ['python_setup_py']
[0.413s] Level 1:colcon.colcon_core.package_identification:_identify(.) by extension 'python_setup_py'
[0.413s] Level 1:colcon.colcon_core.package_identification:_identify(build) by extensions ['ignore', 'ignore_ament_install']
[0.413s] Level 1:colcon.colcon_core.package_identification:_identify(build) by extension 'ignore'
[0.414s] Level 1:colcon.colcon_core.package_identification:_identify(build) ignored
[0.414s] Level 1:colcon.colcon_core.package_identification:_identify(install) by extensions ['ignore', 'ignore_ament_install']
[0.414s] Level 1:colcon.colcon_core.package_identification:_identify(install) by extension 'ignore'
[0.414s] Level 1:colcon.colcon_core.package_identification:_identify(install) ignored
[0.414s] Level 1:colcon.colcon_core.package_identification:_identify(log) by extensions ['ignore', 'ignore_ament_install']
[0.414s] Level 1:colcon.colcon_core.package_identification:_identify(log) by extension 'ignore'
[0.414s] Level 1:colcon.colcon_core.package_identification:_identify(log) ignored
[0.414s] Level 1:colcon.colcon_core.package_identification:_identify(src) by extensions ['ignore', 'ignore_ament_install']
[0.414s] Level 1:colcon.colcon_core.package_identification:_identify(src) by extension 'ignore'
[0.414s] Level 1:colcon.colcon_core.package_identification:_identify(src) by extension 'ignore_ament_install'
[0.414s] Level 1:colcon.colcon_core.package_identification:_identify(src) by extensions ['colcon_pkg']
[0.414s] Level 1:colcon.colcon_core.package_identification:_identify(src) by extension 'colcon_pkg'
[0.414s] Level 1:colcon.colcon_core.package_identification:_identify(src) by extensions ['colcon_meta']
[0.414s] Level 1:colcon.colcon_core.package_identification:_identify(src) by extension 'colcon_meta'
[0.415s] Level 1:colcon.colcon_core.package_identification:_identify(src) by extensions ['ros']
[0.415s] Level 1:colcon.colcon_core.package_identification:_identify(src) by extension 'ros'
[0.415s] Level 1:colcon.colcon_core.package_identification:_identify(src) by extensions ['cmake', 'python']
[0.415s] Level 1:colcon.colcon_core.package_identification:_identify(src) by extension 'cmake'
[0.415s] Level 1:colcon.colcon_core.package_identification:_identify(src) by extension 'python'
[0.415s] Level 1:colcon.colcon_core.package_identification:_identify(src) by extensions ['python_setup_py']
[0.415s] Level 1:colcon.colcon_core.package_identification:_identify(src) by extension 'python_setup_py'
[0.415s] Level 1:colcon.colcon_core.package_identification:_identify(src/go2_description) by extensions ['ignore', 'ignore_ament_install']
[0.415s] Level 1:colcon.colcon_core.package_identification:_identify(src/go2_description) by extension 'ignore'
[0.415s] Level 1:colcon.colcon_core.package_identification:_identify(src/go2_description) by extension 'ignore_ament_install'
[0.415s] Level 1:colcon.colcon_core.package_identification:_identify(src/go2_description) by extensions ['colcon_pkg']
[0.415s] Level 1:colcon.colcon_core.package_identification:_identify(src/go2_description) by extension 'colcon_pkg'
[0.415s] Level 1:colcon.colcon_core.package_identification:_identify(src/go2_description) by extensions ['colcon_meta']
[0.415s] Level 1:colcon.colcon_core.package_identification:_identify(src/go2_description) by extension 'colcon_meta'
[0.415s] Level 1:colcon.colcon_core.package_identification:_identify(src/go2_description) by extensions ['ros']
[0.415s] Level 1:colcon.colcon_core.package_identification:_identify(src/go2_description) by extension 'ros'
[0.418s] DEBUG:colcon.colcon_core.package_identification:Package 'src/go2_description' with type 'ros.ament_cmake' and name 'go2_description'
[0.418s] Level 1:colcon.colcon_core.package_identification:_identify(src/go2_gazebo) by extensions ['ignore', 'ignore_ament_install']
[0.418s] Level 1:colcon.colcon_core.package_identification:_identify(src/go2_gazebo) by extension 'ignore'
[0.418s] Level 1:colcon.colcon_core.package_identification:_identify(src/go2_gazebo) by extension 'ignore_ament_install'
[0.418s] Level 1:colcon.colcon_core.package_identification:_identify(src/go2_gazebo) by extensions ['colcon_pkg']
[0.418s] Level 1:colcon.colcon_core.package_identification:_identify(src/go2_gazebo) by extension 'colcon_pkg'
[0.418s] Level 1:colcon.colcon_core.package_identification:_identify(src/go2_gazebo) by extensions ['colcon_meta']
[0.418s] Level 1:colcon.colcon_core.package_identification:_identify(src/go2_gazebo) by extension 'colcon_meta'
[0.418s] Level 1:colcon.colcon_core.package_identification:_identify(src/go2_gazebo) by extensions ['ros']
[0.419s] Level 1:colcon.colcon_core.package_identification:_identify(src/go2_gazebo) by extension 'ros'
[0.419s] DEBUG:colcon.colcon_core.package_identification:Package 'src/go2_gazebo' with type 'ros.ament_cmake' and name 'go2_gazebo'
[0.419s] Level 1:colcon.colcon_core.package_identification:_identify(src/go2_real) by extensions ['ignore', 'ignore_ament_install']
[0.419s] Level 1:colcon.colcon_core.package_identification:_identify(src/go2_real) by extension 'ignore'
[0.419s] Level 1:colcon.colcon_core.package_identification:_identify(src/go2_real) by extension 'ignore_ament_install'
[0.419s] Level 1:colcon.colcon_core.package_identification:_identify(src/go2_real) by extensions ['colcon_pkg']
[0.419s] Level 1:colcon.colcon_core.package_identification:_identify(src/go2_real) by extension 'colcon_pkg'
[0.420s] Level 1:colcon.colcon_core.package_identification:_identify(src/go2_real) by extensions ['colcon_meta']
[0.420s] Level 1:colcon.colcon_core.package_identification:_identify(src/go2_real) by extension 'colcon_meta'
[0.420s] Level 1:colcon.colcon_core.package_identification:_identify(src/go2_real) by extensions ['ros']
[0.420s] Level 1:colcon.colcon_core.package_identification:_identify(src/go2_real) by extension 'ros'
[0.420s] DEBUG:colcon.colcon_core.package_identification:Package 'src/go2_real' with type 'ros.ament_cmake' and name 'go2_real'
[0.420s] Level 1:colcon.colcon_core.package_identification:_identify(src/livox_ros_driver2) by extensions ['ignore', 'ignore_ament_install']
[0.421s] Level 1:colcon.colcon_core.package_identification:_identify(src/livox_ros_driver2) by extension 'ignore'
[0.421s] Level 1:colcon.colcon_core.package_identification:_identify(src/livox_ros_driver2) by extension 'ignore_ament_install'
[0.421s] Level 1:colcon.colcon_core.package_identification:_identify(src/livox_ros_driver2) by extensions ['colcon_pkg']
[0.421s] Level 1:colcon.colcon_core.package_identification:_identify(src/livox_ros_driver2) by extension 'colcon_pkg'
[0.421s] Level 1:colcon.colcon_core.package_identification:_identify(src/livox_ros_driver2) by extensions ['colcon_meta']
[0.421s] Level 1:colcon.colcon_core.package_identification:_identify(src/livox_ros_driver2) by extension 'colcon_meta'
[0.421s] Level 1:colcon.colcon_core.package_identification:_identify(src/livox_ros_driver2) by extensions ['ros']
[0.421s] Level 1:colcon.colcon_core.package_identification:_identify(src/livox_ros_driver2) by extension 'ros'
[0.422s] DEBUG:colcon.colcon_core.package_identification:Package 'src/livox_ros_driver2' with type 'ros.ament_cmake' and name 'livox_ros_driver2'
[0.422s] Level 1:colcon.colcon_core.package_identification:_identify(src/pointcloud_to_laserscan) by extensions ['ignore', 'ignore_ament_install']
[0.422s] Level 1:colcon.colcon_core.package_identification:_identify(src/pointcloud_to_laserscan) by extension 'ignore'
[0.422s] Level 1:colcon.colcon_core.package_identification:_identify(src/pointcloud_to_laserscan) by extension 'ignore_ament_install'
[0.423s] Level 1:colcon.colcon_core.package_identification:_identify(src/pointcloud_to_laserscan) by extensions ['colcon_pkg']
[0.423s] Level 1:colcon.colcon_core.package_identification:_identify(src/pointcloud_to_laserscan) by extension 'colcon_pkg'
[0.423s] Level 1:colcon.colcon_core.package_identification:_identify(src/pointcloud_to_laserscan) by extensions ['colcon_meta']
[0.423s] Level 1:colcon.colcon_core.package_identification:_identify(src/pointcloud_to_laserscan) by extension 'colcon_meta'
[0.423s] Level 1:colcon.colcon_core.package_identification:_identify(src/pointcloud_to_laserscan) by extensions ['ros']
[0.423s] Level 1:colcon.colcon_core.package_identification:_identify(src/pointcloud_to_laserscan) by extension 'ros'
[0.424s] DEBUG:colcon.colcon_core.package_identification:Package 'src/pointcloud_to_laserscan' with type 'ros.ament_cmake' and name 'pointcloud_to_laserscan'
[0.424s] Level 1:colcon.colcon_core.package_identification:_identify(src/unitree_api) by extensions ['ignore', 'ignore_ament_install']
[0.424s] Level 1:colcon.colcon_core.package_identification:_identify(src/unitree_api) by extension 'ignore'
[0.424s] Level 1:colcon.colcon_core.package_identification:_identify(src/unitree_api) by extension 'ignore_ament_install'
[0.424s] Level 1:colcon.colcon_core.package_identification:_identify(src/unitree_api) by extensions ['colcon_pkg']
[0.424s] Level 1:colcon.colcon_core.package_identification:_identify(src/unitree_api) by extension 'colcon_pkg'
[0.425s] Level 1:colcon.colcon_core.package_identification:_identify(src/unitree_api) by extensions ['colcon_meta']
[0.425s] Level 1:colcon.colcon_core.package_identification:_identify(src/unitree_api) by extension 'colcon_meta'
[0.425s] Level 1:colcon.colcon_core.package_identification:_identify(src/unitree_api) by extensions ['ros']
[0.425s] Level 1:colcon.colcon_core.package_identification:_identify(src/unitree_api) by extension 'ros'
[0.425s] DEBUG:colcon.colcon_core.package_identification:Package 'src/unitree_api' with type 'ros.ament_cmake' and name 'unitree_api'
[0.425s] Level 1:colcon.colcon_core.package_identification:_identify(src/unitree_go) by extensions ['ignore', 'ignore_ament_install']
[0.425s] Level 1:colcon.colcon_core.package_identification:_identify(src/unitree_go) by extension 'ignore'
[0.426s] Level 1:colcon.colcon_core.package_identification:_identify(src/unitree_go) by extension 'ignore_ament_install'
[0.426s] Level 1:colcon.colcon_core.package_identification:_identify(src/unitree_go) by extensions ['colcon_pkg']
[0.426s] Level 1:colcon.colcon_core.package_identification:_identify(src/unitree_go) by extension 'colcon_pkg'
[0.426s] Level 1:colcon.colcon_core.package_identification:_identify(src/unitree_go) by extensions ['colcon_meta']
[0.426s] Level 1:colcon.colcon_core.package_identification:_identify(src/unitree_go) by extension 'colcon_meta'
[0.426s] Level 1:colcon.colcon_core.package_identification:_identify(src/unitree_go) by extensions ['ros']
[0.426s] Level 1:colcon.colcon_core.package_identification:_identify(src/unitree_go) by extension 'ros'
[0.426s] DEBUG:colcon.colcon_core.package_identification:Package 'src/unitree_go' with type 'ros.ament_cmake' and name 'unitree_go'
[0.427s] Level 1:colcon.colcon_core.package_identification:_identify(src/unitree_hg) by extensions ['ignore', 'ignore_ament_install']
[0.427s] Level 1:colcon.colcon_core.package_identification:_identify(src/unitree_hg) by extension 'ignore'
[0.427s] Level 1:colcon.colcon_core.package_identification:_identify(src/unitree_hg) by extension 'ignore_ament_install'
[0.427s] Level 1:colcon.colcon_core.package_identification:_identify(src/unitree_hg) by extensions ['colcon_pkg']
[0.427s] Level 1:colcon.colcon_core.package_identification:_identify(src/unitree_hg) by extension 'colcon_pkg'
[0.427s] Level 1:colcon.colcon_core.package_identification:_identify(src/unitree_hg) by extensions ['colcon_meta']
[0.427s] Level 1:colcon.colcon_core.package_identification:_identify(src/unitree_hg) by extension 'colcon_meta'
[0.427s] Level 1:colcon.colcon_core.package_identification:_identify(src/unitree_hg) by extensions ['ros']
[0.427s] Level 1:colcon.colcon_core.package_identification:_identify(src/unitree_hg) by extension 'ros'
[0.428s] DEBUG:colcon.colcon_core.package_identification:Package 'src/unitree_hg' with type 'ros.ament_cmake' and name 'unitree_hg'
[0.428s] Level 1:colcon.colcon_core.package_identification:_identify(src/unitree_ros2) by extensions ['ignore', 'ignore_ament_install']
[0.428s] Level 1:colcon.colcon_core.package_identification:_identify(src/unitree_ros2) by extension 'ignore'
[0.428s] Level 1:colcon.colcon_core.package_identification:_identify(src/unitree_ros2) by extension 'ignore_ament_install'
[0.428s] Level 1:colcon.colcon_core.package_identification:_identify(src/unitree_ros2) by extensions ['colcon_pkg']
[0.428s] Level 1:colcon.colcon_core.package_identification:_identify(src/unitree_ros2) by extension 'colcon_pkg'
[0.428s] Level 1:colcon.colcon_core.package_identification:_identify(src/unitree_ros2) by extensions ['colcon_meta']
[0.428s] Level 1:colcon.colcon_core.package_identification:_identify(src/unitree_ros2) by extension 'colcon_meta'
[0.428s] Level 1:colcon.colcon_core.package_identification:_identify(src/unitree_ros2) by extensions ['ros']
[0.428s] Level 1:colcon.colcon_core.package_identification:_identify(src/unitree_ros2) by extension 'ros'
[0.429s] Level 1:colcon.colcon_core.package_identification:_identify(src/unitree_ros2) by extensions ['cmake', 'python']
[0.429s] Level 1:colcon.colcon_core.package_identification:_identify(src/unitree_ros2) by extension 'cmake'
[0.429s] Level 1:colcon.colcon_core.package_identification:_identify(src/unitree_ros2) by extension 'python'
[0.429s] Level 1:colcon.colcon_core.package_identification:_identify(src/unitree_ros2) by extensions ['python_setup_py']
[0.429s] Level 1:colcon.colcon_core.package_identification:_identify(src/unitree_ros2) by extension 'python_setup_py'
[0.429s] Level 1:colcon.colcon_core.package_identification:_identify(src/unitree_ros2/cyclonedds_ws) by extensions ['ignore', 'ignore_ament_install']
[0.429s] Level 1:colcon.colcon_core.package_identification:_identify(src/unitree_ros2/cyclonedds_ws) by extension 'ignore'
[0.429s] Level 1:colcon.colcon_core.package_identification:_identify(src/unitree_ros2/cyclonedds_ws) ignored
[0.429s] Level 1:colcon.colcon_core.package_identification:_identify(src/unitree_ros2/docs) by extensions ['ignore', 'ignore_ament_install']
[0.429s] Level 1:colcon.colcon_core.package_identification:_identify(src/unitree_ros2/docs) by extension 'ignore'
[0.429s] Level 1:colcon.colcon_core.package_identification:_identify(src/unitree_ros2/docs) by extension 'ignore_ament_install'
[0.429s] Level 1:colcon.colcon_core.package_identification:_identify(src/unitree_ros2/docs) by extensions ['colcon_pkg']
[0.429s] Level 1:colcon.colcon_core.package_identification:_identify(src/unitree_ros2/docs) by extension 'colcon_pkg'
[0.429s] Level 1:colcon.colcon_core.package_identification:_identify(src/unitree_ros2/docs) by extensions ['colcon_meta']
[0.429s] Level 1:colcon.colcon_core.package_identification:_identify(src/unitree_ros2/docs) by extension 'colcon_meta'
[0.429s] Level 1:colcon.colcon_core.package_identification:_identify(src/unitree_ros2/docs) by extensions ['ros']
[0.430s] Level 1:colcon.colcon_core.package_identification:_identify(src/unitree_ros2/docs) by extension 'ros'
[0.430s] Level 1:colcon.colcon_core.package_identification:_identify(src/unitree_ros2/docs) by extensions ['cmake', 'python']
[0.430s] Level 1:colcon.colcon_core.package_identification:_identify(src/unitree_ros2/docs) by extension 'cmake'
[0.430s] Level 1:colcon.colcon_core.package_identification:_identify(src/unitree_ros2/docs) by extension 'python'
[0.430s] Level 1:colcon.colcon_core.package_identification:_identify(src/unitree_ros2/docs) by extensions ['python_setup_py']
[0.430s] Level 1:colcon.colcon_core.package_identification:_identify(src/unitree_ros2/docs) by extension 'python_setup_py'
[0.430s] Level 1:colcon.colcon_core.package_identification:_identify(src/unitree_ros2/docs/image) by extensions ['ignore', 'ignore_ament_install']
[0.430s] Level 1:colcon.colcon_core.package_identification:_identify(src/unitree_ros2/docs/image) by extension 'ignore'
[0.430s] Level 1:colcon.colcon_core.package_identification:_identify(src/unitree_ros2/docs/image) by extension 'ignore_ament_install'
[0.430s] Level 1:colcon.colcon_core.package_identification:_identify(src/unitree_ros2/docs/image) by extensions ['colcon_pkg']
[0.430s] Level 1:colcon.colcon_core.package_identification:_identify(src/unitree_ros2/docs/image) by extension 'colcon_pkg'
[0.430s] Level 1:colcon.colcon_core.package_identification:_identify(src/unitree_ros2/docs/image) by extensions ['colcon_meta']
[0.430s] Level 1:colcon.colcon_core.package_identification:_identify(src/unitree_ros2/docs/image) by extension 'colcon_meta'
[0.430s] Level 1:colcon.colcon_core.package_identification:_identify(src/unitree_ros2/docs/image) by extensions ['ros']
[0.430s] Level 1:colcon.colcon_core.package_identification:_identify(src/unitree_ros2/docs/image) by extension 'ros'
[0.430s] Level 1:colcon.colcon_core.package_identification:_identify(src/unitree_ros2/docs/image) by extensions ['cmake', 'python']
[0.431s] Level 1:colcon.colcon_core.package_identification:_identify(src/unitree_ros2/docs/image) by extension 'cmake'
[0.431s] Level 1:colcon.colcon_core.package_identification:_identify(src/unitree_ros2/docs/image) by extension 'python'
[0.431s] Level 1:colcon.colcon_core.package_identification:_identify(src/unitree_ros2/docs/image) by extensions ['python_setup_py']
[0.431s] Level 1:colcon.colcon_core.package_identification:_identify(src/unitree_ros2/docs/image) by extension 'python_setup_py'
[0.431s] Level 1:colcon.colcon_core.package_identification:_identify(src/unitree_ros2/example) by extensions ['ignore', 'ignore_ament_install']
[0.431s] Level 1:colcon.colcon_core.package_identification:_identify(src/unitree_ros2/example) by extension 'ignore'
[0.431s] Level 1:colcon.colcon_core.package_identification:_identify(src/unitree_ros2/example) by extension 'ignore_ament_install'
[0.431s] Level 1:colcon.colcon_core.package_identification:_identify(src/unitree_ros2/example) by extensions ['colcon_pkg']
[0.431s] Level 1:colcon.colcon_core.package_identification:_identify(src/unitree_ros2/example) by extension 'colcon_pkg'
[0.431s] Level 1:colcon.colcon_core.package_identification:_identify(src/unitree_ros2/example) by extensions ['colcon_meta']
[0.431s] Level 1:colcon.colcon_core.package_identification:_identify(src/unitree_ros2/example) by extension 'colcon_meta'
[0.431s] Level 1:colcon.colcon_core.package_identification:_identify(src/unitree_ros2/example) by extensions ['ros']
[0.431s] Level 1:colcon.colcon_core.package_identification:_identify(src/unitree_ros2/example) by extension 'ros'
[0.431s] Level 1:colcon.colcon_core.package_identification:_identify(src/unitree_ros2/example) by extensions ['cmake', 'python']
[0.431s] Level 1:colcon.colcon_core.package_identification:_identify(src/unitree_ros2/example) by extension 'cmake'
[0.431s] Level 1:colcon.colcon_core.package_identification:_identify(src/unitree_ros2/example) by extension 'python'
[0.431s] Level 1:colcon.colcon_core.package_identification:_identify(src/unitree_ros2/example) by extensions ['python_setup_py']
[0.431s] Level 1:colcon.colcon_core.package_identification:_identify(src/unitree_ros2/example) by extension 'python_setup_py'
[0.432s] Level 1:colcon.colcon_core.package_identification:_identify(src/unitree_ros2/example/src) by extensions ['ignore', 'ignore_ament_install']
[0.432s] Level 1:colcon.colcon_core.package_identification:_identify(src/unitree_ros2/example/src) by extension 'ignore'
[0.432s] Level 1:colcon.colcon_core.package_identification:_identify(src/unitree_ros2/example/src) by extension 'ignore_ament_install'
[0.432s] Level 1:colcon.colcon_core.package_identification:_identify(src/unitree_ros2/example/src) by extensions ['colcon_pkg']
[0.432s] Level 1:colcon.colcon_core.package_identification:_identify(src/unitree_ros2/example/src) by extension 'colcon_pkg'
[0.432s] Level 1:colcon.colcon_core.package_identification:_identify(src/unitree_ros2/example/src) by extensions ['colcon_meta']
[0.432s] Level 1:colcon.colcon_core.package_identification:_identify(src/unitree_ros2/example/src) by extension 'colcon_meta'
[0.432s] Level 1:colcon.colcon_core.package_identification:_identify(src/unitree_ros2/example/src) by extensions ['ros']
[0.432s] Level 1:colcon.colcon_core.package_identification:_identify(src/unitree_ros2/example/src) by extension 'ros'
[0.433s] DEBUG:colcon.colcon_core.package_identification:Package 'src/unitree_ros2/example/src' with type 'ros.ament_cmake' and name 'unitree_ros2_example'
[0.433s] Level 1:colcon.colcon_core.package_discovery:discover_packages(recursive) using defaults
[0.433s] Level 1:colcon.colcon_core.package_discovery:discover_packages(ignore) discover
[0.433s] Level 1:colcon.colcon_core.package_discovery:discover_packages(ignore) using defaults
[0.433s] Level 1:colcon.colcon_core.package_discovery:discover_packages(path) discover
[0.433s] Level 1:colcon.colcon_core.package_discovery:discover_packages(path) using defaults
[0.452s] Level 1:colcon.colcon_core.package_discovery:discover_packages(prefix_path) check parameters
[0.452s] Level 1:colcon.colcon_core.package_discovery:discover_packages(prefix_path) discover
[0.455s] DEBUG:colcon.colcon_installed_package_information.package_discovery:Found 8 installed packages in /home/alireza/thesis1/navigation_go2/go2_ws/install
[0.456s] DEBUG:colcon.colcon_installed_package_information.package_discovery:Found 372 installed packages in /opt/ros/foxy
[0.459s] Level 1:colcon.colcon_core.package_discovery:discover_packages(prefix_path) using defaults
[0.556s] Level 5:colcon.colcon_core.verb:set package 'go2_description' build argument 'cmake_args' from command line to '['-DROS_EDITION=ROS2']'
[0.556s] Level 5:colcon.colcon_core.verb:set package 'go2_description' build argument 'cmake_target' from command line to 'None'
[0.556s] Level 5:colcon.colcon_core.verb:set package 'go2_description' build argument 'cmake_target_skip_unavailable' from command line to 'False'
[0.556s] Level 5:colcon.colcon_core.verb:set package 'go2_description' build argument 'cmake_clean_cache' from command line to 'False'
[0.556s] Level 5:colcon.colcon_core.verb:set package 'go2_description' build argument 'cmake_clean_first' from command line to 'False'
[0.557s] Level 5:colcon.colcon_core.verb:set package 'go2_description' build argument 'cmake_force_configure' from command line to 'False'
[0.557s] Level 5:colcon.colcon_core.verb:set package 'go2_description' build argument 'ament_cmake_args' from command line to 'None'
[0.557s] Level 5:colcon.colcon_core.verb:set package 'go2_description' build argument 'catkin_cmake_args' from command line to 'None'
[0.557s] Level 5:colcon.colcon_core.verb:set package 'go2_description' build argument 'catkin_skip_building_tests' from command line to 'False'
[0.557s] DEBUG:colcon.colcon_core.verb:Building package 'go2_description' with the following arguments: {'ament_cmake_args': None, 'build_base': '/home/alireza/thesis1/navigation_go2/go2_ws/build/go2_description', 'catkin_cmake_args': None, 'catkin_skip_building_tests': False, 'cmake_args': ['-DROS_EDITION=ROS2'], 'cmake_clean_cache': False, 'cmake_clean_first': False, 'cmake_force_configure': False, 'cmake_target': None, 'cmake_target_skip_unavailable': False, 'install_base': '/home/alireza/thesis1/navigation_go2/go2_ws/install/go2_description', 'merge_install': False, 'path': '/home/alireza/thesis1/navigation_go2/go2_ws/src/go2_description', 'symlink_install': False, 'test_result_base': None}
[0.557s] Level 5:colcon.colcon_core.verb:set package 'livox_ros_driver2' build argument 'cmake_args' from command line to '['-DROS_EDITION=ROS2']'
[0.557s] Level 5:colcon.colcon_core.verb:set package 'livox_ros_driver2' build argument 'cmake_target' from command line to 'None'
[0.557s] Level 5:colcon.colcon_core.verb:set package 'livox_ros_driver2' build argument 'cmake_target_skip_unavailable' from command line to 'False'
[0.557s] Level 5:colcon.colcon_core.verb:set package 'livox_ros_driver2' build argument 'cmake_clean_cache' from command line to 'False'
[0.557s] Level 5:colcon.colcon_core.verb:set package 'livox_ros_driver2' build argument 'cmake_clean_first' from command line to 'False'
[0.557s] Level 5:colcon.colcon_core.verb:set package 'livox_ros_driver2' build argument 'cmake_force_configure' from command line to 'False'
[0.557s] Level 5:colcon.colcon_core.verb:set package 'livox_ros_driver2' build argument 'ament_cmake_args' from command line to 'None'
[0.557s] Level 5:colcon.colcon_core.verb:set package 'livox_ros_driver2' build argument 'catkin_cmake_args' from command line to 'None'
[0.557s] Level 5:colcon.colcon_core.verb:set package 'livox_ros_driver2' build argument 'catkin_skip_building_tests' from command line to 'False'
[0.557s] DEBUG:colcon.colcon_core.verb:Building package 'livox_ros_driver2' with the following arguments: {'ament_cmake_args': None, 'build_base': '/home/alireza/thesis1/navigation_go2/go2_ws/build/livox_ros_driver2', 'catkin_cmake_args': None, 'catkin_skip_building_tests': False, 'cmake_args': ['-DROS_EDITION=ROS2'], 'cmake_clean_cache': False, 'cmake_clean_first': False, 'cmake_force_configure': False, 'cmake_target': None, 'cmake_target_skip_unavailable': False, 'install_base': '/home/alireza/thesis1/navigation_go2/go2_ws/install/livox_ros_driver2', 'merge_install': False, 'path': '/home/alireza/thesis1/navigation_go2/go2_ws/src/livox_ros_driver2', 'symlink_install': False, 'test_result_base': None}
[0.558s] Level 5:colcon.colcon_core.verb:set package 'pointcloud_to_laserscan' build argument 'cmake_args' from command line to '['-DROS_EDITION=ROS2']'
[0.558s] Level 5:colcon.colcon_core.verb:set package 'pointcloud_to_laserscan' build argument 'cmake_target' from command line to 'None'
[0.558s] Level 5:colcon.colcon_core.verb:set package 'pointcloud_to_laserscan' build argument 'cmake_target_skip_unavailable' from command line to 'False'
[0.558s] Level 5:colcon.colcon_core.verb:set package 'pointcloud_to_laserscan' build argument 'cmake_clean_cache' from command line to 'False'
[0.558s] Level 5:colcon.colcon_core.verb:set package 'pointcloud_to_laserscan' build argument 'cmake_clean_first' from command line to 'False'
[0.558s] Level 5:colcon.colcon_core.verb:set package 'pointcloud_to_laserscan' build argument 'cmake_force_configure' from command line to 'False'
[0.558s] Level 5:colcon.colcon_core.verb:set package 'pointcloud_to_laserscan' build argument 'ament_cmake_args' from command line to 'None'
[0.558s] Level 5:colcon.colcon_core.verb:set package 'pointcloud_to_laserscan' build argument 'catkin_cmake_args' from command line to 'None'
[0.558s] Level 5:colcon.colcon_core.verb:set package 'pointcloud_to_laserscan' build argument 'catkin_skip_building_tests' from command line to 'False'
[0.558s] DEBUG:colcon.colcon_core.verb:Building package 'pointcloud_to_laserscan' with the following arguments: {'ament_cmake_args': None, 'build_base': '/home/alireza/thesis1/navigation_go2/go2_ws/build/pointcloud_to_laserscan', 'catkin_cmake_args': None, 'catkin_skip_building_tests': False, 'cmake_args': ['-DROS_EDITION=ROS2'], 'cmake_clean_cache': False, 'cmake_clean_first': False, 'cmake_force_configure': False, 'cmake_target': None, 'cmake_target_skip_unavailable': False, 'install_base': '/home/alireza/thesis1/navigation_go2/go2_ws/install/pointcloud_to_laserscan', 'merge_install': False, 'path': '/home/alireza/thesis1/navigation_go2/go2_ws/src/pointcloud_to_laserscan', 'symlink_install': False, 'test_result_base': None}
[0.558s] Level 5:colcon.colcon_core.verb:set package 'unitree_api' build argument 'cmake_args' from command line to '['-DROS_EDITION=ROS2']'
[0.558s] Level 5:colcon.colcon_core.verb:set package 'unitree_api' build argument 'cmake_target' from command line to 'None'
[0.558s] Level 5:colcon.colcon_core.verb:set package 'unitree_api' build argument 'cmake_target_skip_unavailable' from command line to 'False'
[0.558s] Level 5:colcon.colcon_core.verb:set package 'unitree_api' build argument 'cmake_clean_cache' from command line to 'False'
[0.558s] Level 5:colcon.colcon_core.verb:set package 'unitree_api' build argument 'cmake_clean_first' from command line to 'False'
[0.558s] Level 5:colcon.colcon_core.verb:set package 'unitree_api' build argument 'cmake_force_configure' from command line to 'False'
[0.559s] Level 5:colcon.colcon_core.verb:set package 'unitree_api' build argument 'ament_cmake_args' from command line to 'None'
[0.559s] Level 5:colcon.colcon_core.verb:set package 'unitree_api' build argument 'catkin_cmake_args' from command line to 'None'
[0.559s] Level 5:colcon.colcon_core.verb:set package 'unitree_api' build argument 'catkin_skip_building_tests' from command line to 'False'
[0.559s] DEBUG:colcon.colcon_core.verb:Building package 'unitree_api' with the following arguments: {'ament_cmake_args': None, 'build_base': '/home/alireza/thesis1/navigation_go2/go2_ws/build/unitree_api', 'catkin_cmake_args': None, 'catkin_skip_building_tests': False, 'cmake_args': ['-DROS_EDITION=ROS2'], 'cmake_clean_cache': False, 'cmake_clean_first': False, 'cmake_force_configure': False, 'cmake_target': None, 'cmake_target_skip_unavailable': False, 'install_base': '/home/alireza/thesis1/navigation_go2/go2_ws/install/unitree_api', 'merge_install': False, 'path': '/home/alireza/thesis1/navigation_go2/go2_ws/src/unitree_api', 'symlink_install': False, 'test_result_base': None}
[0.559s] Level 5:colcon.colcon_core.verb:set package 'unitree_go' build argument 'cmake_args' from command line to '['-DROS_EDITION=ROS2']'
[0.559s] Level 5:colcon.colcon_core.verb:set package 'unitree_go' build argument 'cmake_target' from command line to 'None'
[0.559s] Level 5:colcon.colcon_core.verb:set package 'unitree_go' build argument 'cmake_target_skip_unavailable' from command line to 'False'
[0.559s] Level 5:colcon.colcon_core.verb:set package 'unitree_go' build argument 'cmake_clean_cache' from command line to 'False'
[0.559s] Level 5:colcon.colcon_core.verb:set package 'unitree_go' build argument 'cmake_clean_first' from command line to 'False'
[0.559s] Level 5:colcon.colcon_core.verb:set package 'unitree_go' build argument 'cmake_force_configure' from command line to 'False'
[0.559s] Level 5:colcon.colcon_core.verb:set package 'unitree_go' build argument 'ament_cmake_args' from command line to 'None'
[0.559s] Level 5:colcon.colcon_core.verb:set package 'unitree_go' build argument 'catkin_cmake_args' from command line to 'None'
[0.559s] Level 5:colcon.colcon_core.verb:set package 'unitree_go' build argument 'catkin_skip_building_tests' from command line to 'False'
[0.559s] DEBUG:colcon.colcon_core.verb:Building package 'unitree_go' with the following arguments: {'ament_cmake_args': None, 'build_base': '/home/alireza/thesis1/navigation_go2/go2_ws/build/unitree_go', 'catkin_cmake_args': None, 'catkin_skip_building_tests': False, 'cmake_args': ['-DROS_EDITION=ROS2'], 'cmake_clean_cache': False, 'cmake_clean_first': False, 'cmake_force_configure': False, 'cmake_target': None, 'cmake_target_skip_unavailable': False, 'install_base': '/home/alireza/thesis1/navigation_go2/go2_ws/install/unitree_go', 'merge_install': False, 'path': '/home/alireza/thesis1/navigation_go2/go2_ws/src/unitree_go', 'symlink_install': False, 'test_result_base': None}
[0.560s] Level 5:colcon.colcon_core.verb:set package 'unitree_hg' build argument 'cmake_args' from command line to '['-DROS_EDITION=ROS2']'
[0.560s] Level 5:colcon.colcon_core.verb:set package 'unitree_hg' build argument 'cmake_target' from command line to 'None'
[0.560s] Level 5:colcon.colcon_core.verb:set package 'unitree_hg' build argument 'cmake_target_skip_unavailable' from command line to 'False'
[0.560s] Level 5:colcon.colcon_core.verb:set package 'unitree_hg' build argument 'cmake_clean_cache' from command line to 'False'
[0.560s] Level 5:colcon.colcon_core.verb:set package 'unitree_hg' build argument 'cmake_clean_first' from command line to 'False'
[0.560s] Level 5:colcon.colcon_core.verb:set package 'unitree_hg' build argument 'cmake_force_configure' from command line to 'False'
[0.560s] Level 5:colcon.colcon_core.verb:set package 'unitree_hg' build argument 'ament_cmake_args' from command line to 'None'
[0.560s] Level 5:colcon.colcon_core.verb:set package 'unitree_hg' build argument 'catkin_cmake_args' from command line to 'None'
[0.560s] Level 5:colcon.colcon_core.verb:set package 'unitree_hg' build argument 'catkin_skip_building_tests' from command line to 'False'
[0.560s] DEBUG:colcon.colcon_core.verb:Building package 'unitree_hg' with the following arguments: {'ament_cmake_args': None, 'build_base': '/home/alireza/thesis1/navigation_go2/go2_ws/build/unitree_hg', 'catkin_cmake_args': None, 'catkin_skip_building_tests': False, 'cmake_args': ['-DROS_EDITION=ROS2'], 'cmake_clean_cache': False, 'cmake_clean_first': False, 'cmake_force_configure': False, 'cmake_target': None, 'cmake_target_skip_unavailable': False, 'install_base': '/home/alireza/thesis1/navigation_go2/go2_ws/install/unitree_hg', 'merge_install': False, 'path': '/home/alireza/thesis1/navigation_go2/go2_ws/src/unitree_hg', 'symlink_install': False, 'test_result_base': None}
[0.560s] Level 5:colcon.colcon_core.verb:set package 'go2_gazebo' build argument 'cmake_args' from command line to '['-DROS_EDITION=ROS2']'
[0.560s] Level 5:colcon.colcon_core.verb:set package 'go2_gazebo' build argument 'cmake_target' from command line to 'None'
[0.560s] Level 5:colcon.colcon_core.verb:set package 'go2_gazebo' build argument 'cmake_target_skip_unavailable' from command line to 'False'
[0.560s] Level 5:colcon.colcon_core.verb:set package 'go2_gazebo' build argument 'cmake_clean_cache' from command line to 'False'
[0.560s] Level 5:colcon.colcon_core.verb:set package 'go2_gazebo' build argument 'cmake_clean_first' from command line to 'False'
[0.560s] Level 5:colcon.colcon_core.verb:set package 'go2_gazebo' build argument 'cmake_force_configure' from command line to 'False'
[0.560s] Level 5:colcon.colcon_core.verb:set package 'go2_gazebo' build argument 'ament_cmake_args' from command line to 'None'
[0.560s] Level 5:colcon.colcon_core.verb:set package 'go2_gazebo' build argument 'catkin_cmake_args' from command line to 'None'
[0.560s] Level 5:colcon.colcon_core.verb:set package 'go2_gazebo' build argument 'catkin_skip_building_tests' from command line to 'False'
[0.561s] DEBUG:colcon.colcon_core.verb:Building package 'go2_gazebo' with the following arguments: {'ament_cmake_args': None, 'build_base': '/home/alireza/thesis1/navigation_go2/go2_ws/build/go2_gazebo', 'catkin_cmake_args': None, 'catkin_skip_building_tests': False, 'cmake_args': ['-DROS_EDITION=ROS2'], 'cmake_clean_cache': False, 'cmake_clean_first': False, 'cmake_force_configure': False, 'cmake_target': None, 'cmake_target_skip_unavailable': False, 'install_base': '/home/alireza/thesis1/navigation_go2/go2_ws/install/go2_gazebo', 'merge_install': False, 'path': '/home/alireza/thesis1/navigation_go2/go2_ws/src/go2_gazebo', 'symlink_install': False, 'test_result_base': None}
[0.561s] Level 5:colcon.colcon_core.verb:set package 'unitree_ros2_example' build argument 'cmake_args' from command line to '['-DROS_EDITION=ROS2']'
[0.561s] Level 5:colcon.colcon_core.verb:set package 'unitree_ros2_example' build argument 'cmake_target' from command line to 'None'
[0.561s] Level 5:colcon.colcon_core.verb:set package 'unitree_ros2_example' build argument 'cmake_target_skip_unavailable' from command line to 'False'
[0.561s] Level 5:colcon.colcon_core.verb:set package 'unitree_ros2_example' build argument 'cmake_clean_cache' from command line to 'False'
[0.561s] Level 5:colcon.colcon_core.verb:set package 'unitree_ros2_example' build argument 'cmake_clean_first' from command line to 'False'
[0.561s] Level 5:colcon.colcon_core.verb:set package 'unitree_ros2_example' build argument 'cmake_force_configure' from command line to 'False'
[0.561s] Level 5:colcon.colcon_core.verb:set package 'unitree_ros2_example' build argument 'ament_cmake_args' from command line to 'None'
[0.561s] Level 5:colcon.colcon_core.verb:set package 'unitree_ros2_example' build argument 'catkin_cmake_args' from command line to 'None'
[0.561s] Level 5:colcon.colcon_core.verb:set package 'unitree_ros2_example' build argument 'catkin_skip_building_tests' from command line to 'False'
[0.561s] DEBUG:colcon.colcon_core.verb:Building package 'unitree_ros2_example' with the following arguments: {'ament_cmake_args': None, 'build_base': '/home/alireza/thesis1/navigation_go2/go2_ws/build/unitree_ros2_example', 'catkin_cmake_args': None, 'catkin_skip_building_tests': False, 'cmake_args': ['-DROS_EDITION=ROS2'], 'cmake_clean_cache': False, 'cmake_clean_first': False, 'cmake_force_configure': False, 'cmake_target': None, 'cmake_target_skip_unavailable': False, 'install_base': '/home/alireza/thesis1/navigation_go2/go2_ws/install/unitree_ros2_example', 'merge_install': False, 'path': '/home/alireza/thesis1/navigation_go2/go2_ws/src/unitree_ros2/example/src', 'symlink_install': False, 'test_result_base': None}
[0.562s] Level 5:colcon.colcon_core.verb:set package 'go2_real' build argument 'cmake_args' from command line to '['-DROS_EDITION=ROS2']'
[0.562s] Level 5:colcon.colcon_core.verb:set package 'go2_real' build argument 'cmake_target' from command line to 'None'
[0.562s] Level 5:colcon.colcon_core.verb:set package 'go2_real' build argument 'cmake_target_skip_unavailable' from command line to 'False'
[0.562s] Level 5:colcon.colcon_core.verb:set package 'go2_real' build argument 'cmake_clean_cache' from command line to 'False'
[0.562s] Level 5:colcon.colcon_core.verb:set package 'go2_real' build argument 'cmake_clean_first' from command line to 'False'
[0.562s] Level 5:colcon.colcon_core.verb:set package 'go2_real' build argument 'cmake_force_configure' from command line to 'False'
[0.562s] Level 5:colcon.colcon_core.verb:set package 'go2_real' build argument 'ament_cmake_args' from command line to 'None'
[0.562s] Level 5:colcon.colcon_core.verb:set package 'go2_real' build argument 'catkin_cmake_args' from command line to 'None'
[0.562s] Level 5:colcon.colcon_core.verb:set package 'go2_real' build argument 'catkin_skip_building_tests' from command line to 'False'
[0.562s] DEBUG:colcon.colcon_core.verb:Building package 'go2_real' with the following arguments: {'ament_cmake_args': None, 'build_base': '/home/alireza/thesis1/navigation_go2/go2_ws/build/go2_real', 'catkin_cmake_args': None, 'catkin_skip_building_tests': False, 'cmake_args': ['-DROS_EDITION=ROS2'], 'cmake_clean_cache': False, 'cmake_clean_first': False, 'cmake_force_configure': False, 'cmake_target': None, 'cmake_target_skip_unavailable': False, 'install_base': '/home/alireza/thesis1/navigation_go2/go2_ws/install/go2_real', 'merge_install': False, 'path': '/home/alireza/thesis1/navigation_go2/go2_ws/src/go2_real', 'symlink_install': False, 'test_result_base': None}
[0.562s] INFO:colcon.colcon_core.executor:Executing jobs using 'parallel' executor
[0.563s] DEBUG:colcon.colcon_parallel_executor.executor.parallel:run_until_complete
[0.564s] INFO:colcon.colcon_ros.task.ament_cmake.build:Building ROS package in '/home/alireza/thesis1/navigation_go2/go2_ws/src/go2_description' with build type 'ament_cmake'
[0.564s] INFO:colcon.colcon_cmake.task.cmake.build:Building CMake package in '/home/alireza/thesis1/navigation_go2/go2_ws/src/go2_description'
[0.566s] INFO:colcon.colcon_core.plugin_system:Skipping extension 'colcon_core.shell.bat': Not used on non-Windows systems
[0.566s] INFO:colcon.colcon_core.shell:Skip shell extension 'powershell' for command environment: Not usable outside of PowerShell
[0.566s] DEBUG:colcon.colcon_core.shell:Skip shell extension 'dsv' for command environment
[0.572s] INFO:colcon.colcon_ros.task.ament_cmake.build:Building ROS package in '/home/alireza/thesis1/navigation_go2/go2_ws/src/unitree_api' with build type 'ament_cmake'
[0.572s] INFO:colcon.colcon_cmake.task.cmake.build:Building CMake package in '/home/alireza/thesis1/navigation_go2/go2_ws/src/unitree_api'
[0.572s] INFO:colcon.colcon_core.shell:Skip shell extension 'powershell' for command environment: Not usable outside of PowerShell
[0.573s] DEBUG:colcon.colcon_core.shell:Skip shell extension 'dsv' for command environment
[0.578s] INFO:colcon.colcon_ros.task.ament_cmake.build:Building ROS package in '/home/alireza/thesis1/navigation_go2/go2_ws/src/unitree_go' with build type 'ament_cmake'
[0.579s] INFO:colcon.colcon_cmake.task.cmake.build:Building CMake package in '/home/alireza/thesis1/navigation_go2/go2_ws/src/unitree_go'
[0.579s] INFO:colcon.colcon_core.shell:Skip shell extension 'powershell' for command environment: Not usable outside of PowerShell
[0.579s] DEBUG:colcon.colcon_core.shell:Skip shell extension 'dsv' for command environment
[0.585s] INFO:colcon.colcon_ros.task.ament_cmake.build:Building ROS package in '/home/alireza/thesis1/navigation_go2/go2_ws/src/livox_ros_driver2' with build type 'ament_cmake'
[0.585s] INFO:colcon.colcon_cmake.task.cmake.build:Building CMake package in '/home/alireza/thesis1/navigation_go2/go2_ws/src/livox_ros_driver2'
[0.585s] INFO:colcon.colcon_core.shell:Skip shell extension 'powershell' for command environment: Not usable outside of PowerShell
[0.586s] DEBUG:colcon.colcon_core.shell:Skip shell extension 'dsv' for command environment
[0.592s] INFO:colcon.colcon_ros.task.ament_cmake.build:Building ROS package in '/home/alireza/thesis1/navigation_go2/go2_ws/src/pointcloud_to_laserscan' with build type 'ament_cmake'
[0.592s] INFO:colcon.colcon_cmake.task.cmake.build:Building CMake package in '/home/alireza/thesis1/navigation_go2/go2_ws/src/pointcloud_to_laserscan'
[0.593s] INFO:colcon.colcon_core.shell:Skip shell extension 'powershell' for command environment: Not usable outside of PowerShell
[0.593s] DEBUG:colcon.colcon_core.shell:Skip shell extension 'dsv' for command environment
[0.601s] INFO:colcon.colcon_ros.task.ament_cmake.build:Building ROS package in '/home/alireza/thesis1/navigation_go2/go2_ws/src/unitree_hg' with build type 'ament_cmake'
[0.602s] INFO:colcon.colcon_cmake.task.cmake.build:Building CMake package in '/home/alireza/thesis1/navigation_go2/go2_ws/src/unitree_hg'
[0.602s] INFO:colcon.colcon_core.shell:Skip shell extension 'powershell' for command environment: Not usable outside of PowerShell
[0.602s] DEBUG:colcon.colcon_core.shell:Skip shell extension 'dsv' for command environment
[0.616s] DEBUG:colcon.colcon_core.event_handler.log_command:Invoking command in '/home/alireza/thesis1/navigation_go2/go2_ws/build/go2_description': CMAKE_PREFIX_PATH=${CMAKE_PREFIX_PATH}:/opt/ros/foxy /usr/bin/cmake /home/alireza/thesis1/navigation_go2/go2_ws/src/go2_description -DROS_EDITION=ROS2 -DCMAKE_INSTALL_PREFIX=/home/alireza/thesis1/navigation_go2/go2_ws/install/go2_description
[0.621s] DEBUG:colcon.colcon_core.event_handler.log_command:Invoking command in '/home/alireza/thesis1/navigation_go2/go2_ws/build/unitree_api': CMAKE_PREFIX_PATH=${CMAKE_PREFIX_PATH}:/opt/ros/foxy /usr/bin/cmake /home/alireza/thesis1/navigation_go2/go2_ws/src/unitree_api -DROS_EDITION=ROS2 -DCMAKE_INSTALL_PREFIX=/home/alireza/thesis1/navigation_go2/go2_ws/install/unitree_api
[0.628s] DEBUG:colcon.colcon_core.event_handler.log_command:Invoking command in '/home/alireza/thesis1/navigation_go2/go2_ws/build/unitree_go': CMAKE_PREFIX_PATH=${CMAKE_PREFIX_PATH}:/opt/ros/foxy /usr/bin/cmake /home/alireza/thesis1/navigation_go2/go2_ws/src/unitree_go -DROS_EDITION=ROS2 -DCMAKE_INSTALL_PREFIX=/home/alireza/thesis1/navigation_go2/go2_ws/install/unitree_go
[0.636s] DEBUG:colcon.colcon_core.event_handler.log_command:Invoking command in '/home/alireza/thesis1/navigation_go2/go2_ws/build/livox_ros_driver2': CMAKE_PREFIX_PATH=${CMAKE_PREFIX_PATH}:/opt/ros/foxy /usr/bin/cmake --build /home/alireza/thesis1/navigation_go2/go2_ws/build/livox_ros_driver2 -- -j8 -l8
[0.647s] DEBUG:colcon.colcon_core.event_handler.log_command:Invoking command in '/home/alireza/thesis1/navigation_go2/go2_ws/build/pointcloud_to_laserscan': CMAKE_PREFIX_PATH=${CMAKE_PREFIX_PATH}:/opt/ros/foxy /usr/bin/cmake /home/alireza/thesis1/navigation_go2/go2_ws/src/pointcloud_to_laserscan -DROS_EDITION=ROS2 -DCMAKE_INSTALL_PREFIX=/home/alireza/thesis1/navigation_go2/go2_ws/install/pointcloud_to_laserscan
[0.660s] DEBUG:colcon.colcon_core.event_handler.log_command:Invoking command in '/home/alireza/thesis1/navigation_go2/go2_ws/build/unitree_hg': CMAKE_PREFIX_PATH=${CMAKE_PREFIX_PATH}:/opt/ros/foxy /usr/bin/cmake /home/alireza/thesis1/navigation_go2/go2_ws/src/unitree_hg -DROS_EDITION=ROS2 -DCMAKE_INSTALL_PREFIX=/home/alireza/thesis1/navigation_go2/go2_ws/install/unitree_hg
[1.211s] DEBUG:colcon.colcon_core.event_handler.log_command:Invoked command in '/home/alireza/thesis1/navigation_go2/go2_ws/build/go2_description' returned '0': CMAKE_PREFIX_PATH=${CMAKE_PREFIX_PATH}:/opt/ros/foxy /usr/bin/cmake /home/alireza/thesis1/navigation_go2/go2_ws/src/go2_description -DROS_EDITION=ROS2 -DCMAKE_INSTALL_PREFIX=/home/alireza/thesis1/navigation_go2/go2_ws/install/go2_description
[1.213s] DEBUG:colcon.colcon_core.event_handler.log_command:Invoking command in '/home/alireza/thesis1/navigation_go2/go2_ws/build/go2_description': CMAKE_PREFIX_PATH=${CMAKE_PREFIX_PATH}:/opt/ros/foxy /usr/bin/cmake --build /home/alireza/thesis1/navigation_go2/go2_ws/build/go2_description -- -j8 -l8
[1.319s] DEBUG:colcon.colcon_core.event_handler.log_command:Invoked command in '/home/alireza/thesis1/navigation_go2/go2_ws/build/go2_description' returned '0': CMAKE_PREFIX_PATH=${CMAKE_PREFIX_PATH}:/opt/ros/foxy /usr/bin/cmake --build /home/alireza/thesis1/navigation_go2/go2_ws/build/go2_description -- -j8 -l8
[1.339s] DEBUG:colcon.colcon_core.event_handler.log_command:Invoking command in '/home/alireza/thesis1/navigation_go2/go2_ws/build/go2_description': CMAKE_PREFIX_PATH=${CMAKE_PREFIX_PATH}:/opt/ros/foxy /usr/bin/cmake --install /home/alireza/thesis1/navigation_go2/go2_ws/build/go2_description
[1.345s] DEBUG:colcon.colcon_core.event_handler.log_command:Invoked command in '/home/alireza/thesis1/navigation_go2/go2_ws/build/livox_ros_driver2' returned '0': CMAKE_PREFIX_PATH=${CMAKE_PREFIX_PATH}:/opt/ros/foxy /usr/bin/cmake --build /home/alireza/thesis1/navigation_go2/go2_ws/build/livox_ros_driver2 -- -j8 -l8
[1.350s] DEBUG:colcon.colcon_core.event_handler.log_command:Invoking command in '/home/alireza/thesis1/navigation_go2/go2_ws/build/livox_ros_driver2': CMAKE_PREFIX_PATH=${CMAKE_PREFIX_PATH}:/opt/ros/foxy /usr/bin/cmake --install /home/alireza/thesis1/navigation_go2/go2_ws/build/livox_ros_driver2
[1.372s] Level 1:colcon.colcon_core.environment:create_environment_scripts_only(go2_description)
[1.377s] Level 1:colcon.colcon_core.environment:checking '/home/alireza/thesis1/navigation_go2/go2_ws/install/go2_description' for CMake module files
[1.378s] Level 1:colcon.colcon_core.environment:checking '/home/alireza/thesis1/navigation_go2/go2_ws/install/go2_description' for CMake config files
[1.379s] DEBUG:colcon.colcon_core.event_handler.log_command:Invoked command in '/home/alireza/thesis1/navigation_go2/go2_ws/build/go2_description' returned '0': CMAKE_PREFIX_PATH=${CMAKE_PREFIX_PATH}:/opt/ros/foxy /usr/bin/cmake --install /home/alireza/thesis1/navigation_go2/go2_ws/build/go2_description
[1.379s] Level 1:colcon.colcon_core.shell:create_environment_hook('go2_description', 'cmake_prefix_path')
[1.380s] INFO:colcon.colcon_core.shell:Creating environment hook '/home/alireza/thesis1/navigation_go2/go2_ws/install/go2_description/share/go2_description/hook/cmake_prefix_path.ps1'
[1.381s] INFO:colcon.colcon_core.shell:Creating environment descriptor '/home/alireza/thesis1/navigation_go2/go2_ws/install/go2_description/share/go2_description/hook/cmake_prefix_path.dsv'
[1.382s] INFO:colcon.colcon_core.shell:Creating environment hook '/home/alireza/thesis1/navigation_go2/go2_ws/install/go2_description/share/go2_description/hook/cmake_prefix_path.sh'
[1.384s] Level 1:colcon.colcon_core.environment:checking '/home/alireza/thesis1/navigation_go2/go2_ws/install/go2_description/bin'
[1.384s] Level 1:colcon.colcon_core.environment:checking '/home/alireza/thesis1/navigation_go2/go2_ws/install/go2_description/lib/pkgconfig/go2_description.pc'
[1.384s] Level 1:colcon.colcon_core.environment:checking '/home/alireza/thesis1/navigation_go2/go2_ws/install/go2_description/lib/python3.8/site-packages'
[1.385s] Level 1:colcon.colcon_core.environment:checking '/home/alireza/thesis1/navigation_go2/go2_ws/install/go2_description/bin'
[1.386s] INFO:colcon.colcon_core.shell:Creating package script '/home/alireza/thesis1/navigation_go2/go2_ws/install/go2_description/share/go2_description/package.ps1'
[1.388s] INFO:colcon.colcon_core.shell:Creating package descriptor '/home/alireza/thesis1/navigation_go2/go2_ws/install/go2_description/share/go2_description/package.dsv'
[1.389s] INFO:colcon.colcon_core.shell:Creating package script '/home/alireza/thesis1/navigation_go2/go2_ws/install/go2_description/share/go2_description/package.sh'
[1.391s] INFO:colcon.colcon_core.shell:Creating package script '/home/alireza/thesis1/navigation_go2/go2_ws/install/go2_description/share/go2_description/package.bash'
[1.392s] INFO:colcon.colcon_core.shell:Creating package script '/home/alireza/thesis1/navigation_go2/go2_ws/install/go2_description/share/go2_description/package.zsh'
[1.394s] Level 1:colcon.colcon_core.environment:create_file_with_runtime_dependencies(/home/alireza/thesis1/navigation_go2/go2_ws/install/go2_description/share/colcon-core/packages/go2_description)
[1.396s] Level 1:colcon.colcon_core.environment:create_environment_scripts_only(go2_description)
[1.397s] Level 1:colcon.colcon_core.environment:checking '/home/alireza/thesis1/navigation_go2/go2_ws/install/go2_description' for CMake module files
[1.397s] Level 1:colcon.colcon_core.environment:checking '/home/alireza/thesis1/navigation_go2/go2_ws/install/go2_description' for CMake config files
[1.398s] Level 1:colcon.colcon_core.shell:create_environment_hook('go2_description', 'cmake_prefix_path')
[1.399s] INFO:colcon.colcon_core.shell:Creating environment hook '/home/alireza/thesis1/navigation_go2/go2_ws/install/go2_description/share/go2_description/hook/cmake_prefix_path.ps1'
[1.401s] INFO:colcon.colcon_core.shell:Creating environment descriptor '/home/alireza/thesis1/navigation_go2/go2_ws/install/go2_description/share/go2_description/hook/cmake_prefix_path.dsv'
[1.402s] INFO:colcon.colcon_core.shell:Creating environment hook '/home/alireza/thesis1/navigation_go2/go2_ws/install/go2_description/share/go2_description/hook/cmake_prefix_path.sh'
[1.403s] Level 1:colcon.colcon_core.environment:checking '/home/alireza/thesis1/navigation_go2/go2_ws/install/go2_description/bin'
[1.403s] Level 1:colcon.colcon_core.environment:checking '/home/alireza/thesis1/navigation_go2/go2_ws/install/go2_description/lib/pkgconfig/go2_description.pc'
[1.403s] Level 1:colcon.colcon_core.environment:checking '/home/alireza/thesis1/navigation_go2/go2_ws/install/go2_description/lib/python3.8/site-packages'
[1.404s] Level 1:colcon.colcon_core.environment:checking '/home/alireza/thesis1/navigation_go2/go2_ws/install/go2_description/bin'
[1.405s] INFO:colcon.colcon_core.shell:Creating package script '/home/alireza/thesis1/navigation_go2/go2_ws/install/go2_description/share/go2_description/package.ps1'
[1.406s] INFO:colcon.colcon_core.shell:Creating package descriptor '/home/alireza/thesis1/navigation_go2/go2_ws/install/go2_description/share/go2_description/package.dsv'
[1.407s] INFO:colcon.colcon_core.shell:Creating package script '/home/alireza/thesis1/navigation_go2/go2_ws/install/go2_description/share/go2_description/package.sh'
[1.408s] INFO:colcon.colcon_core.shell:Creating package script '/home/alireza/thesis1/navigation_go2/go2_ws/install/go2_description/share/go2_description/package.bash'
[1.408s] INFO:colcon.colcon_core.shell:Creating package script '/home/alireza/thesis1/navigation_go2/go2_ws/install/go2_description/share/go2_description/package.zsh'
[1.412s] Level 1:colcon.colcon_core.environment:create_file_with_runtime_dependencies(/home/alireza/thesis1/navigation_go2/go2_ws/install/go2_description/share/colcon-core/packages/go2_description)
[1.413s] INFO:colcon.colcon_ros.task.ament_cmake.build:Building ROS package in '/home/alireza/thesis1/navigation_go2/go2_ws/src/go2_gazebo' with build type 'ament_cmake'
[1.414s] INFO:colcon.colcon_cmake.task.cmake.build:Building CMake package in '/home/alireza/thesis1/navigation_go2/go2_ws/src/go2_gazebo'
[1.414s] INFO:colcon.colcon_core.shell:Skip shell extension 'powershell' for command environment: Not usable outside of PowerShell
[1.414s] DEBUG:colcon.colcon_core.shell:Skip shell extension 'dsv' for command environment
[1.454s] DEBUG:colcon.colcon_core.event_handler.log_command:Invoking command in '/home/alireza/thesis1/navigation_go2/go2_ws/build/go2_gazebo': CMAKE_PREFIX_PATH=/home/alireza/thesis1/navigation_go2/go2_ws/install/go2_description:/home/alireza/thesis1/navigation_go2/go2_ws/install/unitree_hg:/home/alireza/thesis1/navigation_go2/go2_ws/install/unitree_go:/home/alireza/thesis1/navigation_go2/go2_ws/install/unitree_api:/home/alireza/thesis1/navigation_go2/go2_ws/install/go2_real:/home/alireza/thesis1/navigation_go2/go2_ws/install/pointcloud_to_laserscan:/home/alireza/thesis1/navigation_go2/go2_ws/install/livox_ros_driver2:/home/alireza/thesis1/navigation_go2/go2_ws/install/go2_gazebo:/opt/ros/foxy /usr/bin/cmake /home/alireza/thesis1/navigation_go2/go2_ws/src/go2_gazebo -DROS_EDITION=ROS2 -DCMAKE_INSTALL_PREFIX=/home/alireza/thesis1/navigation_go2/go2_ws/install/go2_gazebo
[1.458s] Level 1:colcon.colcon_core.environment:create_environment_scripts_only(livox_ros_driver2)
[1.459s] Level 1:colcon.colcon_core.environment:checking '/home/alireza/thesis1/navigation_go2/go2_ws/install/livox_ros_driver2' for CMake module files
[1.460s] Level 1:colcon.colcon_core.environment:checking '/home/alireza/thesis1/navigation_go2/go2_ws/install/livox_ros_driver2' for CMake config files
[1.461s] Level 1:colcon.colcon_core.shell:create_environment_hook('livox_ros_driver2', 'cmake_prefix_path')
[1.462s] INFO:colcon.colcon_core.shell:Creating environment hook '/home/alireza/thesis1/navigation_go2/go2_ws/install/livox_ros_driver2/share/livox_ros_driver2/hook/cmake_prefix_path.ps1'
[1.463s] INFO:colcon.colcon_core.shell:Creating environment descriptor '/home/alireza/thesis1/navigation_go2/go2_ws/install/livox_ros_driver2/share/livox_ros_driver2/hook/cmake_prefix_path.dsv'
[1.463s] INFO:colcon.colcon_core.shell:Creating environment hook '/home/alireza/thesis1/navigation_go2/go2_ws/install/livox_ros_driver2/share/livox_ros_driver2/hook/cmake_prefix_path.sh'
[1.465s] Level 1:colcon.colcon_core.environment:checking '/home/alireza/thesis1/navigation_go2/go2_ws/install/livox_ros_driver2/lib'
[1.465s] Level 1:colcon.colcon_core.shell:create_environment_hook('livox_ros_driver2', 'ld_library_path_lib')
[1.465s] INFO:colcon.colcon_core.shell:Creating environment hook '/home/alireza/thesis1/navigation_go2/go2_ws/install/livox_ros_driver2/share/livox_ros_driver2/hook/ld_library_path_lib.ps1'
[1.466s] INFO:colcon.colcon_core.shell:Creating environment descriptor '/home/alireza/thesis1/navigation_go2/go2_ws/install/livox_ros_driver2/share/livox_ros_driver2/hook/ld_library_path_lib.dsv'
[1.467s] INFO:colcon.colcon_core.shell:Creating environment hook '/home/alireza/thesis1/navigation_go2/go2_ws/install/livox_ros_driver2/share/livox_ros_driver2/hook/ld_library_path_lib.sh'
[1.467s] Level 1:colcon.colcon_core.environment:checking '/home/alireza/thesis1/navigation_go2/go2_ws/install/livox_ros_driver2/bin'
[1.467s] Level 1:colcon.colcon_core.environment:checking '/home/alireza/thesis1/navigation_go2/go2_ws/install/livox_ros_driver2/lib/pkgconfig/livox_ros_driver2.pc'
[1.468s] Level 1:colcon.colcon_core.environment:checking '/home/alireza/thesis1/navigation_go2/go2_ws/install/livox_ros_driver2/lib/python3.8/site-packages'
[1.468s] Level 1:colcon.colcon_core.shell:create_environment_hook('livox_ros_driver2', 'pythonpath')
[1.468s] INFO:colcon.colcon_core.shell:Creating environment hook '/home/alireza/thesis1/navigation_go2/go2_ws/install/livox_ros_driver2/share/livox_ros_driver2/hook/pythonpath.ps1'
[1.469s] INFO:colcon.colcon_core.shell:Creating environment descriptor '/home/alireza/thesis1/navigation_go2/go2_ws/install/livox_ros_driver2/share/livox_ros_driver2/hook/pythonpath.dsv'
[1.479s] DEBUG:colcon.colcon_core.event_handler.log_command:Invoked command in '/home/alireza/thesis1/navigation_go2/go2_ws/build/livox_ros_driver2' returned '0': CMAKE_PREFIX_PATH=${CMAKE_PREFIX_PATH}:/opt/ros/foxy /usr/bin/cmake --install /home/alireza/thesis1/navigation_go2/go2_ws/build/livox_ros_driver2
[1.479s] INFO:colcon.colcon_core.shell:Creating environment hook '/home/alireza/thesis1/navigation_go2/go2_ws/install/livox_ros_driver2/share/livox_ros_driver2/hook/pythonpath.sh'
[1.480s] Level 1:colcon.colcon_core.environment:checking '/home/alireza/thesis1/navigation_go2/go2_ws/install/livox_ros_driver2/bin'
[1.481s] INFO:colcon.colcon_core.shell:Creating package script '/home/alireza/thesis1/navigation_go2/go2_ws/install/livox_ros_driver2/share/livox_ros_driver2/package.ps1'
[1.482s] INFO:colcon.colcon_core.shell:Creating package descriptor '/home/alireza/thesis1/navigation_go2/go2_ws/install/livox_ros_driver2/share/livox_ros_driver2/package.dsv'
[1.483s] INFO:colcon.colcon_core.shell:Creating package script '/home/alireza/thesis1/navigation_go2/go2_ws/install/livox_ros_driver2/share/livox_ros_driver2/package.sh'
[1.484s] INFO:colcon.colcon_core.shell:Creating package script '/home/alireza/thesis1/navigation_go2/go2_ws/install/livox_ros_driver2/share/livox_ros_driver2/package.bash'
[1.485s] INFO:colcon.colcon_core.shell:Creating package script '/home/alireza/thesis1/navigation_go2/go2_ws/install/livox_ros_driver2/share/livox_ros_driver2/package.zsh'
[1.485s] Level 1:colcon.colcon_core.environment:create_file_with_runtime_dependencies(/home/alireza/thesis1/navigation_go2/go2_ws/install/livox_ros_driver2/share/colcon-core/packages/livox_ros_driver2)
[1.487s] Level 1:colcon.colcon_core.environment:create_environment_scripts_only(livox_ros_driver2)
[1.487s] Level 1:colcon.colcon_core.environment:checking '/home/alireza/thesis1/navigation_go2/go2_ws/install/livox_ros_driver2' for CMake module files
[1.488s] Level 1:colcon.colcon_core.environment:checking '/home/alireza/thesis1/navigation_go2/go2_ws/install/livox_ros_driver2' for CMake config files
[1.488s] Level 1:colcon.colcon_core.shell:create_environment_hook('livox_ros_driver2', 'cmake_prefix_path')
[1.489s] INFO:colcon.colcon_core.shell:Creating environment hook '/home/alireza/thesis1/navigation_go2/go2_ws/install/livox_ros_driver2/share/livox_ros_driver2/hook/cmake_prefix_path.ps1'
[1.489s] INFO:colcon.colcon_core.shell:Creating environment descriptor '/home/alireza/thesis1/navigation_go2/go2_ws/install/livox_ros_driver2/share/livox_ros_driver2/hook/cmake_prefix_path.dsv'
[1.490s] INFO:colcon.colcon_core.shell:Creating environment hook '/home/alireza/thesis1/navigation_go2/go2_ws/install/livox_ros_driver2/share/livox_ros_driver2/hook/cmake_prefix_path.sh'
[1.490s] Level 1:colcon.colcon_core.environment:checking '/home/alireza/thesis1/navigation_go2/go2_ws/install/livox_ros_driver2/lib'
[1.491s] Level 1:colcon.colcon_core.shell:create_environment_hook('livox_ros_driver2', 'ld_library_path_lib')
[1.491s] INFO:colcon.colcon_core.shell:Creating environment hook '/home/alireza/thesis1/navigation_go2/go2_ws/install/livox_ros_driver2/share/livox_ros_driver2/hook/ld_library_path_lib.ps1'
[1.492s] INFO:colcon.colcon_core.shell:Creating environment descriptor '/home/alireza/thesis1/navigation_go2/go2_ws/install/livox_ros_driver2/share/livox_ros_driver2/hook/ld_library_path_lib.dsv'
[1.493s] INFO:colcon.colcon_core.shell:Creating environment hook '/home/alireza/thesis1/navigation_go2/go2_ws/install/livox_ros_driver2/share/livox_ros_driver2/hook/ld_library_path_lib.sh'
[1.493s] Level 1:colcon.colcon_core.environment:checking '/home/alireza/thesis1/navigation_go2/go2_ws/install/livox_ros_driver2/bin'
[1.493s] Level 1:colcon.colcon_core.environment:checking '/home/alireza/thesis1/navigation_go2/go2_ws/install/livox_ros_driver2/lib/pkgconfig/livox_ros_driver2.pc'
[1.494s] Level 1:colcon.colcon_core.environment:checking '/home/alireza/thesis1/navigation_go2/go2_ws/install/livox_ros_driver2/lib/python3.8/site-packages'
[1.494s] Level 1:colcon.colcon_core.shell:create_environment_hook('livox_ros_driver2', 'pythonpath')
[1.494s] INFO:colcon.colcon_core.shell:Creating environment hook '/home/alireza/thesis1/navigation_go2/go2_ws/install/livox_ros_driver2/share/livox_ros_driver2/hook/pythonpath.ps1'
[1.495s] INFO:colcon.colcon_core.shell:Creating environment descriptor '/home/alireza/thesis1/navigation_go2/go2_ws/install/livox_ros_driver2/share/livox_ros_driver2/hook/pythonpath.dsv'
[1.496s] INFO:colcon.colcon_core.shell:Creating environment hook '/home/alireza/thesis1/navigation_go2/go2_ws/install/livox_ros_driver2/share/livox_ros_driver2/hook/pythonpath.sh'
[1.497s] Level 1:colcon.colcon_core.environment:checking '/home/alireza/thesis1/navigation_go2/go2_ws/install/livox_ros_driver2/bin'
[1.498s] INFO:colcon.colcon_core.shell:Creating package script '/home/alireza/thesis1/navigation_go2/go2_ws/install/livox_ros_driver2/share/livox_ros_driver2/package.ps1'
[1.499s] INFO:colcon.colcon_core.shell:Creating package descriptor '/home/alireza/thesis1/navigation_go2/go2_ws/install/livox_ros_driver2/share/livox_ros_driver2/package.dsv'
[1.500s] INFO:colcon.colcon_core.shell:Creating package script '/home/alireza/thesis1/navigation_go2/go2_ws/install/livox_ros_driver2/share/livox_ros_driver2/package.sh'
[1.501s] INFO:colcon.colcon_core.shell:Creating package script '/home/alireza/thesis1/navigation_go2/go2_ws/install/livox_ros_driver2/share/livox_ros_driver2/package.bash'
[1.502s] INFO:colcon.colcon_core.shell:Creating package script '/home/alireza/thesis1/navigation_go2/go2_ws/install/livox_ros_driver2/share/livox_ros_driver2/package.zsh'
[1.503s] Level 1:colcon.colcon_core.environment:create_file_with_runtime_dependencies(/home/alireza/thesis1/navigation_go2/go2_ws/install/livox_ros_driver2/share/colcon-core/packages/livox_ros_driver2)
[2.097s] DEBUG:colcon.colcon_core.event_handler.log_command:Invoked command in '/home/alireza/thesis1/navigation_go2/go2_ws/build/go2_gazebo' returned '0': CMAKE_PREFIX_PATH=/home/alireza/thesis1/navigation_go2/go2_ws/install/go2_description:/home/alireza/thesis1/navigation_go2/go2_ws/install/unitree_hg:/home/alireza/thesis1/navigation_go2/go2_ws/install/unitree_go:/home/alireza/thesis1/navigation_go2/go2_ws/install/unitree_api:/home/alireza/thesis1/navigation_go2/go2_ws/install/go2_real:/home/alireza/thesis1/navigation_go2/go2_ws/install/pointcloud_to_laserscan:/home/alireza/thesis1/navigation_go2/go2_ws/install/livox_ros_driver2:/home/alireza/thesis1/navigation_go2/go2_ws/install/go2_gazebo:/opt/ros/foxy /usr/bin/cmake /home/alireza/thesis1/navigation_go2/go2_ws/src/go2_gazebo -DROS_EDITION=ROS2 -DCMAKE_INSTALL_PREFIX=/home/alireza/thesis1/navigation_go2/go2_ws/install/go2_gazebo
[2.099s] DEBUG:colcon.colcon_core.event_handler.log_command:Invoking command in '/home/alireza/thesis1/navigation_go2/go2_ws/build/go2_gazebo': CMAKE_PREFIX_PATH=/home/alireza/thesis1/navigation_go2/go2_ws/install/go2_description:/home/alireza/thesis1/navigation_go2/go2_ws/install/unitree_hg:/home/alireza/thesis1/navigation_go2/go2_ws/install/unitree_go:/home/alireza/thesis1/navigation_go2/go2_ws/install/unitree_api:/home/alireza/thesis1/navigation_go2/go2_ws/install/go2_real:/home/alireza/thesis1/navigation_go2/go2_ws/install/pointcloud_to_laserscan:/home/alireza/thesis1/navigation_go2/go2_ws/install/livox_ros_driver2:/home/alireza/thesis1/navigation_go2/go2_ws/install/go2_gazebo:/opt/ros/foxy /usr/bin/cmake --build /home/alireza/thesis1/navigation_go2/go2_ws/build/go2_gazebo -- -j8 -l8
[2.189s] DEBUG:colcon.colcon_core.event_handler.log_command:Invoked command in '/home/alireza/thesis1/navigation_go2/go2_ws/build/go2_gazebo' returned '0': CMAKE_PREFIX_PATH=/home/alireza/thesis1/navigation_go2/go2_ws/install/go2_description:/home/alireza/thesis1/navigation_go2/go2_ws/install/unitree_hg:/home/alireza/thesis1/navigation_go2/go2_ws/install/unitree_go:/home/alireza/thesis1/navigation_go2/go2_ws/install/unitree_api:/home/alireza/thesis1/navigation_go2/go2_ws/install/go2_real:/home/alireza/thesis1/navigation_go2/go2_ws/install/pointcloud_to_laserscan:/home/alireza/thesis1/navigation_go2/go2_ws/install/livox_ros_driver2:/home/alireza/thesis1/navigation_go2/go2_ws/install/go2_gazebo:/opt/ros/foxy /usr/bin/cmake --build /home/alireza/thesis1/navigation_go2/go2_ws/build/go2_gazebo -- -j8 -l8
[2.191s] DEBUG:colcon.colcon_core.event_handler.log_command:Invoking command in '/home/alireza/thesis1/navigation_go2/go2_ws/build/go2_gazebo': CMAKE_PREFIX_PATH=/home/alireza/thesis1/navigation_go2/go2_ws/install/go2_description:/home/alireza/thesis1/navigation_go2/go2_ws/install/unitree_hg:/home/alireza/thesis1/navigation_go2/go2_ws/install/unitree_go:/home/alireza/thesis1/navigation_go2/go2_ws/install/unitree_api:/home/alireza/thesis1/navigation_go2/go2_ws/install/go2_real:/home/alireza/thesis1/navigation_go2/go2_ws/install/pointcloud_to_laserscan:/home/alireza/thesis1/navigation_go2/go2_ws/install/livox_ros_driver2:/home/alireza/thesis1/navigation_go2/go2_ws/install/go2_gazebo:/opt/ros/foxy /usr/bin/cmake --install /home/alireza/thesis1/navigation_go2/go2_ws/build/go2_gazebo
[2.257s] Level 1:colcon.colcon_core.environment:create_environment_scripts_only(go2_gazebo)
[2.258s] Level 1:colcon.colcon_core.environment:checking '/home/alireza/thesis1/navigation_go2/go2_ws/install/go2_gazebo' for CMake module files
[2.259s] Level 1:colcon.colcon_core.environment:checking '/home/alireza/thesis1/navigation_go2/go2_ws/install/go2_gazebo' for CMake config files
[2.261s] Level 1:colcon.colcon_core.shell:create_environment_hook('go2_gazebo', 'cmake_prefix_path')
[2.261s] INFO:colcon.colcon_core.shell:Creating environment hook '/home/alireza/thesis1/navigation_go2/go2_ws/install/go2_gazebo/share/go2_gazebo/hook/cmake_prefix_path.ps1'
[2.260s] DEBUG:colcon.colcon_core.event_handler.log_command:Invoked command in '/home/alireza/thesis1/navigation_go2/go2_ws/build/go2_gazebo' returned '0': CMAKE_PREFIX_PATH=/home/alireza/thesis1/navigation_go2/go2_ws/install/go2_description:/home/alireza/thesis1/navigation_go2/go2_ws/install/unitree_hg:/home/alireza/thesis1/navigation_go2/go2_ws/install/unitree_go:/home/alireza/thesis1/navigation_go2/go2_ws/install/unitree_api:/home/alireza/thesis1/navigation_go2/go2_ws/install/go2_real:/home/alireza/thesis1/navigation_go2/go2_ws/install/pointcloud_to_laserscan:/home/alireza/thesis1/navigation_go2/go2_ws/install/livox_ros_driver2:/home/alireza/thesis1/navigation_go2/go2_ws/install/go2_gazebo:/opt/ros/foxy /usr/bin/cmake --install /home/alireza/thesis1/navigation_go2/go2_ws/build/go2_gazebo
[2.272s] INFO:colcon.colcon_core.shell:Creating environment descriptor '/home/alireza/thesis1/navigation_go2/go2_ws/install/go2_gazebo/share/go2_gazebo/hook/cmake_prefix_path.dsv'
[2.298s] INFO:colcon.colcon_core.shell:Creating environment hook '/home/alireza/thesis1/navigation_go2/go2_ws/install/go2_gazebo/share/go2_gazebo/hook/cmake_prefix_path.sh'
[2.311s] Level 1:colcon.colcon_core.environment:checking '/home/alireza/thesis1/navigation_go2/go2_ws/install/go2_gazebo/lib'
[2.312s] Level 1:colcon.colcon_core.environment:checking '/home/alireza/thesis1/navigation_go2/go2_ws/install/go2_gazebo/bin'
[2.312s] Level 1:colcon.colcon_core.environment:checking '/home/alireza/thesis1/navigation_go2/go2_ws/install/go2_gazebo/lib/pkgconfig/go2_gazebo.pc'
[2.312s] Level 1:colcon.colcon_core.environment:checking '/home/alireza/thesis1/navigation_go2/go2_ws/install/go2_gazebo/lib/python3.8/site-packages'
[2.312s] Level 1:colcon.colcon_core.environment:checking '/home/alireza/thesis1/navigation_go2/go2_ws/install/go2_gazebo/bin'
[2.313s] INFO:colcon.colcon_core.shell:Creating package script '/home/alireza/thesis1/navigation_go2/go2_ws/install/go2_gazebo/share/go2_gazebo/package.ps1'
[2.324s] INFO:colcon.colcon_core.shell:Creating package descriptor '/home/alireza/thesis1/navigation_go2/go2_ws/install/go2_gazebo/share/go2_gazebo/package.dsv'
[2.337s] INFO:colcon.colcon_core.shell:Creating package script '/home/alireza/thesis1/navigation_go2/go2_ws/install/go2_gazebo/share/go2_gazebo/package.sh'
[2.363s] INFO:colcon.colcon_core.shell:Creating package script '/home/alireza/thesis1/navigation_go2/go2_ws/install/go2_gazebo/share/go2_gazebo/package.bash'
[2.391s] INFO:colcon.colcon_core.shell:Creating package script '/home/alireza/thesis1/navigation_go2/go2_ws/install/go2_gazebo/share/go2_gazebo/package.zsh'
[2.433s] Level 1:colcon.colcon_core.environment:create_file_with_runtime_dependencies(/home/alireza/thesis1/navigation_go2/go2_ws/install/go2_gazebo/share/colcon-core/packages/go2_gazebo)
[2.437s] Level 1:colcon.colcon_core.environment:create_environment_scripts_only(go2_gazebo)
[2.439s] Level 1:colcon.colcon_core.environment:checking '/home/alireza/thesis1/navigation_go2/go2_ws/install/go2_gazebo' for CMake module files
[2.449s] Level 1:colcon.colcon_core.environment:checking '/home/alireza/thesis1/navigation_go2/go2_ws/install/go2_gazebo' for CMake config files
[2.459s] Level 1:colcon.colcon_core.shell:create_environment_hook('go2_gazebo', 'cmake_prefix_path')
[2.463s] INFO:colcon.colcon_core.shell:Creating environment hook '/home/alireza/thesis1/navigation_go2/go2_ws/install/go2_gazebo/share/go2_gazebo/hook/cmake_prefix_path.ps1'
[2.468s] INFO:colcon.colcon_core.shell:Creating environment descriptor '/home/alireza/thesis1/navigation_go2/go2_ws/install/go2_gazebo/share/go2_gazebo/hook/cmake_prefix_path.dsv'
[2.470s] INFO:colcon.colcon_core.shell:Creating environment hook '/home/alireza/thesis1/navigation_go2/go2_ws/install/go2_gazebo/share/go2_gazebo/hook/cmake_prefix_path.sh'
[2.479s] Level 1:colcon.colcon_core.environment:checking '/home/alireza/thesis1/navigation_go2/go2_ws/install/go2_gazebo/lib'
[2.479s] Level 1:colcon.colcon_core.environment:checking '/home/alireza/thesis1/navigation_go2/go2_ws/install/go2_gazebo/bin'
[2.480s] Level 1:colcon.colcon_core.environment:checking '/home/alireza/thesis1/navigation_go2/go2_ws/install/go2_gazebo/lib/pkgconfig/go2_gazebo.pc'
[2.481s] Level 1:colcon.colcon_core.environment:checking '/home/alireza/thesis1/navigation_go2/go2_ws/install/go2_gazebo/lib/python3.8/site-packages'
[2.484s] Level 1:colcon.colcon_core.environment:checking '/home/alireza/thesis1/navigation_go2/go2_ws/install/go2_gazebo/bin'
[2.486s] INFO:colcon.colcon_core.shell:Creating package script '/home/alireza/thesis1/navigation_go2/go2_ws/install/go2_gazebo/share/go2_gazebo/package.ps1'
[2.491s] INFO:colcon.colcon_core.shell:Creating package descriptor '/home/alireza/thesis1/navigation_go2/go2_ws/install/go2_gazebo/share/go2_gazebo/package.dsv'
[2.499s] INFO:colcon.colcon_core.shell:Creating package script '/home/alireza/thesis1/navigation_go2/go2_ws/install/go2_gazebo/share/go2_gazebo/package.sh'
[2.503s] INFO:colcon.colcon_core.shell:Creating package script '/home/alireza/thesis1/navigation_go2/go2_ws/install/go2_gazebo/share/go2_gazebo/package.bash'
[2.507s] INFO:colcon.colcon_core.shell:Creating package script '/home/alireza/thesis1/navigation_go2/go2_ws/install/go2_gazebo/share/go2_gazebo/package.zsh'
[2.529s] Level 1:colcon.colcon_core.environment:create_file_with_runtime_dependencies(/home/alireza/thesis1/navigation_go2/go2_ws/install/go2_gazebo/share/colcon-core/packages/go2_gazebo)
[4.278s] DEBUG:colcon.colcon_core.event_handler.log_command:Invoked command in '/home/alireza/thesis1/navigation_go2/go2_ws/build/pointcloud_to_laserscan' returned '0': CMAKE_PREFIX_PATH=${CMAKE_PREFIX_PATH}:/opt/ros/foxy /usr/bin/cmake /home/alireza/thesis1/navigation_go2/go2_ws/src/pointcloud_to_laserscan -DROS_EDITION=ROS2 -DCMAKE_INSTALL_PREFIX=/home/alireza/thesis1/navigation_go2/go2_ws/install/pointcloud_to_laserscan
[4.282s] DEBUG:colcon.colcon_core.event_handler.log_command:Invoking command in '/home/alireza/thesis1/navigation_go2/go2_ws/build/pointcloud_to_laserscan': CMAKE_PREFIX_PATH=${CMAKE_PREFIX_PATH}:/opt/ros/foxy /usr/bin/cmake --build /home/alireza/thesis1/navigation_go2/go2_ws/build/pointcloud_to_laserscan -- -j8 -l8
[4.354s] DEBUG:colcon.colcon_core.event_handler.log_command:Invoked command in '/home/alireza/thesis1/navigation_go2/go2_ws/build/unitree_api' returned '0': CMAKE_PREFIX_PATH=${CMAKE_PREFIX_PATH}:/opt/ros/foxy /usr/bin/cmake /home/alireza/thesis1/navigation_go2/go2_ws/src/unitree_api -DROS_EDITION=ROS2 -DCMAKE_INSTALL_PREFIX=/home/alireza/thesis1/navigation_go2/go2_ws/install/unitree_api
[4.355s] DEBUG:colcon.colcon_core.event_handler.log_command:Invoking command in '/home/alireza/thesis1/navigation_go2/go2_ws/build/unitree_api': CMAKE_PREFIX_PATH=${CMAKE_PREFIX_PATH}:/opt/ros/foxy /usr/bin/cmake --build /home/alireza/thesis1/navigation_go2/go2_ws/build/unitree_api -- -j8 -l8
[4.473s] DEBUG:colcon.colcon_core.event_handler.log_command:Invoked command in '/home/alireza/thesis1/navigation_go2/go2_ws/build/pointcloud_to_laserscan' returned '0': CMAKE_PREFIX_PATH=${CMAKE_PREFIX_PATH}:/opt/ros/foxy /usr/bin/cmake --build /home/alireza/thesis1/navigation_go2/go2_ws/build/pointcloud_to_laserscan -- -j8 -l8
[4.474s] DEBUG:colcon.colcon_core.event_handler.log_command:Invoking command in '/home/alireza/thesis1/navigation_go2/go2_ws/build/pointcloud_to_laserscan': CMAKE_PREFIX_PATH=${CMAKE_PREFIX_PATH}:/opt/ros/foxy /usr/bin/cmake --install /home/alireza/thesis1/navigation_go2/go2_ws/build/pointcloud_to_laserscan
[4.499s] DEBUG:colcon.colcon_core.event_handler.log_command:Invoked command in '/home/alireza/thesis1/navigation_go2/go2_ws/build/unitree_hg' returned '0': CMAKE_PREFIX_PATH=${CMAKE_PREFIX_PATH}:/opt/ros/foxy /usr/bin/cmake /home/alireza/thesis1/navigation_go2/go2_ws/src/unitree_hg -DROS_EDITION=ROS2 -DCMAKE_INSTALL_PREFIX=/home/alireza/thesis1/navigation_go2/go2_ws/install/unitree_hg
[4.500s] DEBUG:colcon.colcon_core.event_handler.log_command:Invoking command in '/home/alireza/thesis1/navigation_go2/go2_ws/build/unitree_hg': CMAKE_PREFIX_PATH=${CMAKE_PREFIX_PATH}:/opt/ros/foxy /usr/bin/cmake --build /home/alireza/thesis1/navigation_go2/go2_ws/build/unitree_hg -- -j8 -l8
[4.521s] Level 1:colcon.colcon_core.environment:create_environment_scripts_only(pointcloud_to_laserscan)
[4.522s] Level 1:colcon.colcon_core.environment:checking '/home/alireza/thesis1/navigation_go2/go2_ws/install/pointcloud_to_laserscan' for CMake module files
[4.524s] Level 1:colcon.colcon_core.environment:checking '/home/alireza/thesis1/navigation_go2/go2_ws/install/pointcloud_to_laserscan' for CMake config files
[4.530s] DEBUG:colcon.colcon_core.event_handler.log_command:Invoked command in '/home/alireza/thesis1/navigation_go2/go2_ws/build/pointcloud_to_laserscan' returned '0': CMAKE_PREFIX_PATH=${CMAKE_PREFIX_PATH}:/opt/ros/foxy /usr/bin/cmake --install /home/alireza/thesis1/navigation_go2/go2_ws/build/pointcloud_to_laserscan
[4.531s] Level 1:colcon.colcon_core.shell:create_environment_hook('pointcloud_to_laserscan', 'cmake_prefix_path')
[4.531s] INFO:colcon.colcon_core.shell:Creating environment hook '/home/alireza/thesis1/navigation_go2/go2_ws/install/pointcloud_to_laserscan/share/pointcloud_to_laserscan/hook/cmake_prefix_path.ps1'
[4.532s] INFO:colcon.colcon_core.shell:Creating environment descriptor '/home/alireza/thesis1/navigation_go2/go2_ws/install/pointcloud_to_laserscan/share/pointcloud_to_laserscan/hook/cmake_prefix_path.dsv'
[4.533s] INFO:colcon.colcon_core.shell:Creating environment hook '/home/alireza/thesis1/navigation_go2/go2_ws/install/pointcloud_to_laserscan/share/pointcloud_to_laserscan/hook/cmake_prefix_path.sh'
[4.534s] Level 1:colcon.colcon_core.environment:checking '/home/alireza/thesis1/navigation_go2/go2_ws/install/pointcloud_to_laserscan/lib'
[4.534s] Level 1:colcon.colcon_core.shell:create_environment_hook('pointcloud_to_laserscan', 'ld_library_path_lib')
[4.535s] INFO:colcon.colcon_core.shell:Creating environment hook '/home/alireza/thesis1/navigation_go2/go2_ws/install/pointcloud_to_laserscan/share/pointcloud_to_laserscan/hook/ld_library_path_lib.ps1'
[4.535s] INFO:colcon.colcon_core.shell:Creating environment descriptor '/home/alireza/thesis1/navigation_go2/go2_ws/install/pointcloud_to_laserscan/share/pointcloud_to_laserscan/hook/ld_library_path_lib.dsv'
[4.536s] INFO:colcon.colcon_core.shell:Creating environment hook '/home/alireza/thesis1/navigation_go2/go2_ws/install/pointcloud_to_laserscan/share/pointcloud_to_laserscan/hook/ld_library_path_lib.sh'
[4.537s] Level 1:colcon.colcon_core.environment:checking '/home/alireza/thesis1/navigation_go2/go2_ws/install/pointcloud_to_laserscan/bin'
[4.537s] Level 1:colcon.colcon_core.environment:checking '/home/alireza/thesis1/navigation_go2/go2_ws/install/pointcloud_to_laserscan/lib/pkgconfig/pointcloud_to_laserscan.pc'
[4.537s] Level 1:colcon.colcon_core.environment:checking '/home/alireza/thesis1/navigation_go2/go2_ws/install/pointcloud_to_laserscan/lib/python3.8/site-packages'
[4.538s] Level 1:colcon.colcon_core.environment:checking '/home/alireza/thesis1/navigation_go2/go2_ws/install/pointcloud_to_laserscan/bin'
[4.539s] INFO:colcon.colcon_core.shell:Creating package script '/home/alireza/thesis1/navigation_go2/go2_ws/install/pointcloud_to_laserscan/share/pointcloud_to_laserscan/package.ps1'
[4.540s] INFO:colcon.colcon_core.shell:Creating package descriptor '/home/alireza/thesis1/navigation_go2/go2_ws/install/pointcloud_to_laserscan/share/pointcloud_to_laserscan/package.dsv'
[4.541s] INFO:colcon.colcon_core.shell:Creating package script '/home/alireza/thesis1/navigation_go2/go2_ws/install/pointcloud_to_laserscan/share/pointcloud_to_laserscan/package.sh'
[4.542s] INFO:colcon.colcon_core.shell:Creating package script '/home/alireza/thesis1/navigation_go2/go2_ws/install/pointcloud_to_laserscan/share/pointcloud_to_laserscan/package.bash'
[4.543s] INFO:colcon.colcon_core.shell:Creating package script '/home/alireza/thesis1/navigation_go2/go2_ws/install/pointcloud_to_laserscan/share/pointcloud_to_laserscan/package.zsh'
[4.544s] Level 1:colcon.colcon_core.environment:create_file_with_runtime_dependencies(/home/alireza/thesis1/navigation_go2/go2_ws/install/pointcloud_to_laserscan/share/colcon-core/packages/pointcloud_to_laserscan)
[4.545s] Level 1:colcon.colcon_core.environment:create_environment_scripts_only(pointcloud_to_laserscan)
[4.545s] Level 1:colcon.colcon_core.environment:checking '/home/alireza/thesis1/navigation_go2/go2_ws/install/pointcloud_to_laserscan' for CMake module files
[4.546s] Level 1:colcon.colcon_core.environment:checking '/home/alireza/thesis1/navigation_go2/go2_ws/install/pointcloud_to_laserscan' for CMake config files
[4.547s] Level 1:colcon.colcon_core.shell:create_environment_hook('pointcloud_to_laserscan', 'cmake_prefix_path')
[4.547s] INFO:colcon.colcon_core.shell:Creating environment hook '/home/alireza/thesis1/navigation_go2/go2_ws/install/pointcloud_to_laserscan/share/pointcloud_to_laserscan/hook/cmake_prefix_path.ps1'
[4.548s] INFO:colcon.colcon_core.shell:Creating environment descriptor '/home/alireza/thesis1/navigation_go2/go2_ws/install/pointcloud_to_laserscan/share/pointcloud_to_laserscan/hook/cmake_prefix_path.dsv'
[4.549s] INFO:colcon.colcon_core.shell:Creating environment hook '/home/alireza/thesis1/navigation_go2/go2_ws/install/pointcloud_to_laserscan/share/pointcloud_to_laserscan/hook/cmake_prefix_path.sh'
[4.550s] Level 1:colcon.colcon_core.environment:checking '/home/alireza/thesis1/navigation_go2/go2_ws/install/pointcloud_to_laserscan/lib'
[4.550s] Level 1:colcon.colcon_core.shell:create_environment_hook('pointcloud_to_laserscan', 'ld_library_path_lib')
[4.551s] INFO:colcon.colcon_core.shell:Creating environment hook '/home/alireza/thesis1/navigation_go2/go2_ws/install/pointcloud_to_laserscan/share/pointcloud_to_laserscan/hook/ld_library_path_lib.ps1'
[4.552s] INFO:colcon.colcon_core.shell:Creating environment descriptor '/home/alireza/thesis1/navigation_go2/go2_ws/install/pointcloud_to_laserscan/share/pointcloud_to_laserscan/hook/ld_library_path_lib.dsv'
[4.553s] INFO:colcon.colcon_core.shell:Creating environment hook '/home/alireza/thesis1/navigation_go2/go2_ws/install/pointcloud_to_laserscan/share/pointcloud_to_laserscan/hook/ld_library_path_lib.sh'
[4.553s] Level 1:colcon.colcon_core.environment:checking '/home/alireza/thesis1/navigation_go2/go2_ws/install/pointcloud_to_laserscan/bin'
[4.553s] Level 1:colcon.colcon_core.environment:checking '/home/alireza/thesis1/navigation_go2/go2_ws/install/pointcloud_to_laserscan/lib/pkgconfig/pointcloud_to_laserscan.pc'
[4.554s] Level 1:colcon.colcon_core.environment:checking '/home/alireza/thesis1/navigation_go2/go2_ws/install/pointcloud_to_laserscan/lib/python3.8/site-packages'
[4.555s] Level 1:colcon.colcon_core.environment:checking '/home/alireza/thesis1/navigation_go2/go2_ws/install/pointcloud_to_laserscan/bin'
[4.555s] INFO:colcon.colcon_core.shell:Creating package script '/home/alireza/thesis1/navigation_go2/go2_ws/install/pointcloud_to_laserscan/share/pointcloud_to_laserscan/package.ps1'
[4.556s] INFO:colcon.colcon_core.shell:Creating package descriptor '/home/alireza/thesis1/navigation_go2/go2_ws/install/pointcloud_to_laserscan/share/pointcloud_to_laserscan/package.dsv'
[4.557s] INFO:colcon.colcon_core.shell:Creating package script '/home/alireza/thesis1/navigation_go2/go2_ws/install/pointcloud_to_laserscan/share/pointcloud_to_laserscan/package.sh'
[4.560s] INFO:colcon.colcon_core.shell:Creating package script '/home/alireza/thesis1/navigation_go2/go2_ws/install/pointcloud_to_laserscan/share/pointcloud_to_laserscan/package.bash'
[4.561s] INFO:colcon.colcon_core.shell:Creating package script '/home/alireza/thesis1/navigation_go2/go2_ws/install/pointcloud_to_laserscan/share/pointcloud_to_laserscan/package.zsh'
[4.563s] Level 1:colcon.colcon_core.environment:create_file_with_runtime_dependencies(/home/alireza/thesis1/navigation_go2/go2_ws/install/pointcloud_to_laserscan/share/colcon-core/packages/pointcloud_to_laserscan)
[4.845s] DEBUG:colcon.colcon_core.event_handler.log_command:Invoked command in '/home/alireza/thesis1/navigation_go2/go2_ws/build/unitree_api' returned '0': CMAKE_PREFIX_PATH=${CMAKE_PREFIX_PATH}:/opt/ros/foxy /usr/bin/cmake --build /home/alireza/thesis1/navigation_go2/go2_ws/build/unitree_api -- -j8 -l8
[4.849s] DEBUG:colcon.colcon_core.event_handler.log_command:Invoking command in '/home/alireza/thesis1/navigation_go2/go2_ws/build/unitree_api': CMAKE_PREFIX_PATH=${CMAKE_PREFIX_PATH}:/opt/ros/foxy /usr/bin/cmake --install /home/alireza/thesis1/navigation_go2/go2_ws/build/unitree_api
[4.909s] DEBUG:colcon.colcon_core.event_handler.log_command:Invoked command in '/home/alireza/thesis1/navigation_go2/go2_ws/build/unitree_go' returned '0': CMAKE_PREFIX_PATH=${CMAKE_PREFIX_PATH}:/opt/ros/foxy /usr/bin/cmake /home/alireza/thesis1/navigation_go2/go2_ws/src/unitree_go -DROS_EDITION=ROS2 -DCMAKE_INSTALL_PREFIX=/home/alireza/thesis1/navigation_go2/go2_ws/install/unitree_go
[4.910s] DEBUG:colcon.colcon_core.event_handler.log_command:Invoking command in '/home/alireza/thesis1/navigation_go2/go2_ws/build/unitree_go': CMAKE_PREFIX_PATH=${CMAKE_PREFIX_PATH}:/opt/ros/foxy /usr/bin/cmake --build /home/alireza/thesis1/navigation_go2/go2_ws/build/unitree_go -- -j8 -l8
[4.951s] Level 1:colcon.colcon_core.environment:create_environment_scripts_only(unitree_api)
[4.951s] Level 1:colcon.colcon_core.environment:checking '/home/alireza/thesis1/navigation_go2/go2_ws/install/unitree_api' for CMake module files
[4.954s] DEBUG:colcon.colcon_core.event_handler.log_command:Invoked command in '/home/alireza/thesis1/navigation_go2/go2_ws/build/unitree_api' returned '0': CMAKE_PREFIX_PATH=${CMAKE_PREFIX_PATH}:/opt/ros/foxy /usr/bin/cmake --install /home/alireza/thesis1/navigation_go2/go2_ws/build/unitree_api
[4.955s] Level 1:colcon.colcon_core.environment:checking '/home/alireza/thesis1/navigation_go2/go2_ws/install/unitree_api' for CMake config files
[4.955s] Level 1:colcon.colcon_core.shell:create_environment_hook('unitree_api', 'cmake_prefix_path')
[4.956s] INFO:colcon.colcon_core.shell:Creating environment hook '/home/alireza/thesis1/navigation_go2/go2_ws/install/unitree_api/share/unitree_api/hook/cmake_prefix_path.ps1'
[4.957s] INFO:colcon.colcon_core.shell:Creating environment descriptor '/home/alireza/thesis1/navigation_go2/go2_ws/install/unitree_api/share/unitree_api/hook/cmake_prefix_path.dsv'
[4.957s] INFO:colcon.colcon_core.shell:Creating environment hook '/home/alireza/thesis1/navigation_go2/go2_ws/install/unitree_api/share/unitree_api/hook/cmake_prefix_path.sh'
[4.958s] Level 1:colcon.colcon_core.environment:checking '/home/alireza/thesis1/navigation_go2/go2_ws/install/unitree_api/lib'
[4.958s] Level 1:colcon.colcon_core.shell:create_environment_hook('unitree_api', 'ld_library_path_lib')
[4.959s] INFO:colcon.colcon_core.shell:Creating environment hook '/home/alireza/thesis1/navigation_go2/go2_ws/install/unitree_api/share/unitree_api/hook/ld_library_path_lib.ps1'
[4.959s] INFO:colcon.colcon_core.shell:Creating environment descriptor '/home/alireza/thesis1/navigation_go2/go2_ws/install/unitree_api/share/unitree_api/hook/ld_library_path_lib.dsv'
[4.963s] INFO:colcon.colcon_core.shell:Creating environment hook '/home/alireza/thesis1/navigation_go2/go2_ws/install/unitree_api/share/unitree_api/hook/ld_library_path_lib.sh'
[4.963s] Level 1:colcon.colcon_core.environment:checking '/home/alireza/thesis1/navigation_go2/go2_ws/install/unitree_api/bin'
[4.964s] Level 1:colcon.colcon_core.environment:checking '/home/alireza/thesis1/navigation_go2/go2_ws/install/unitree_api/lib/pkgconfig/unitree_api.pc'
[4.964s] Level 1:colcon.colcon_core.environment:checking '/home/alireza/thesis1/navigation_go2/go2_ws/install/unitree_api/lib/python3.8/site-packages'
[4.964s] Level 1:colcon.colcon_core.shell:create_environment_hook('unitree_api', 'pythonpath')
[4.964s] INFO:colcon.colcon_core.shell:Creating environment hook '/home/alireza/thesis1/navigation_go2/go2_ws/install/unitree_api/share/unitree_api/hook/pythonpath.ps1'
[4.965s] INFO:colcon.colcon_core.shell:Creating environment descriptor '/home/alireza/thesis1/navigation_go2/go2_ws/install/unitree_api/share/unitree_api/hook/pythonpath.dsv'
[4.965s] INFO:colcon.colcon_core.shell:Creating environment hook '/home/alireza/thesis1/navigation_go2/go2_ws/install/unitree_api/share/unitree_api/hook/pythonpath.sh'
[4.966s] Level 1:colcon.colcon_core.environment:checking '/home/alireza/thesis1/navigation_go2/go2_ws/install/unitree_api/bin'
[4.967s] INFO:colcon.colcon_core.shell:Creating package script '/home/alireza/thesis1/navigation_go2/go2_ws/install/unitree_api/share/unitree_api/package.ps1'
[4.968s] INFO:colcon.colcon_core.shell:Creating package descriptor '/home/alireza/thesis1/navigation_go2/go2_ws/install/unitree_api/share/unitree_api/package.dsv'
[4.969s] INFO:colcon.colcon_core.shell:Creating package script '/home/alireza/thesis1/navigation_go2/go2_ws/install/unitree_api/share/unitree_api/package.sh'
[4.969s] INFO:colcon.colcon_core.shell:Creating package script '/home/alireza/thesis1/navigation_go2/go2_ws/install/unitree_api/share/unitree_api/package.bash'
[4.970s] INFO:colcon.colcon_core.shell:Creating package script '/home/alireza/thesis1/navigation_go2/go2_ws/install/unitree_api/share/unitree_api/package.zsh'
[4.971s] Level 1:colcon.colcon_core.environment:create_file_with_runtime_dependencies(/home/alireza/thesis1/navigation_go2/go2_ws/install/unitree_api/share/colcon-core/packages/unitree_api)
[4.972s] Level 1:colcon.colcon_core.environment:create_environment_scripts_only(unitree_api)
[4.972s] Level 1:colcon.colcon_core.environment:checking '/home/alireza/thesis1/navigation_go2/go2_ws/install/unitree_api' for CMake module files
[4.973s] Level 1:colcon.colcon_core.environment:checking '/home/alireza/thesis1/navigation_go2/go2_ws/install/unitree_api' for CMake config files
[4.974s] Level 1:colcon.colcon_core.shell:create_environment_hook('unitree_api', 'cmake_prefix_path')
[4.974s] INFO:colcon.colcon_core.shell:Creating environment hook '/home/alireza/thesis1/navigation_go2/go2_ws/install/unitree_api/share/unitree_api/hook/cmake_prefix_path.ps1'
[4.975s] INFO:colcon.colcon_core.shell:Creating environment descriptor '/home/alireza/thesis1/navigation_go2/go2_ws/install/unitree_api/share/unitree_api/hook/cmake_prefix_path.dsv'
[4.976s] INFO:colcon.colcon_core.shell:Creating environment hook '/home/alireza/thesis1/navigation_go2/go2_ws/install/unitree_api/share/unitree_api/hook/cmake_prefix_path.sh'
[4.977s] Level 1:colcon.colcon_core.environment:checking '/home/alireza/thesis1/navigation_go2/go2_ws/install/unitree_api/lib'
[4.977s] Level 1:colcon.colcon_core.shell:create_environment_hook('unitree_api', 'ld_library_path_lib')
[4.977s] INFO:colcon.colcon_core.shell:Creating environment hook '/home/alireza/thesis1/navigation_go2/go2_ws/install/unitree_api/share/unitree_api/hook/ld_library_path_lib.ps1'
[4.978s] INFO:colcon.colcon_core.shell:Creating environment descriptor '/home/alireza/thesis1/navigation_go2/go2_ws/install/unitree_api/share/unitree_api/hook/ld_library_path_lib.dsv'
[4.978s] INFO:colcon.colcon_core.shell:Creating environment hook '/home/alireza/thesis1/navigation_go2/go2_ws/install/unitree_api/share/unitree_api/hook/ld_library_path_lib.sh'
[4.979s] Level 1:colcon.colcon_core.environment:checking '/home/alireza/thesis1/navigation_go2/go2_ws/install/unitree_api/bin'
[4.979s] Level 1:colcon.colcon_core.environment:checking '/home/alireza/thesis1/navigation_go2/go2_ws/install/unitree_api/lib/pkgconfig/unitree_api.pc'
[4.980s] Level 1:colcon.colcon_core.environment:checking '/home/alireza/thesis1/navigation_go2/go2_ws/install/unitree_api/lib/python3.8/site-packages'
[4.980s] Level 1:colcon.colcon_core.shell:create_environment_hook('unitree_api', 'pythonpath')
[4.980s] INFO:colcon.colcon_core.shell:Creating environment hook '/home/alireza/thesis1/navigation_go2/go2_ws/install/unitree_api/share/unitree_api/hook/pythonpath.ps1'
[4.980s] INFO:colcon.colcon_core.shell:Creating environment descriptor '/home/alireza/thesis1/navigation_go2/go2_ws/install/unitree_api/share/unitree_api/hook/pythonpath.dsv'
[4.981s] INFO:colcon.colcon_core.shell:Creating environment hook '/home/alireza/thesis1/navigation_go2/go2_ws/install/unitree_api/share/unitree_api/hook/pythonpath.sh'
[4.982s] Level 1:colcon.colcon_core.environment:checking '/home/alireza/thesis1/navigation_go2/go2_ws/install/unitree_api/bin'
[4.982s] INFO:colcon.colcon_core.shell:Creating package script '/home/alireza/thesis1/navigation_go2/go2_ws/install/unitree_api/share/unitree_api/package.ps1'
[4.983s] INFO:colcon.colcon_core.shell:Creating package descriptor '/home/alireza/thesis1/navigation_go2/go2_ws/install/unitree_api/share/unitree_api/package.dsv'
[4.983s] INFO:colcon.colcon_core.shell:Creating package script '/home/alireza/thesis1/navigation_go2/go2_ws/install/unitree_api/share/unitree_api/package.sh'
[4.984s] INFO:colcon.colcon_core.shell:Creating package script '/home/alireza/thesis1/navigation_go2/go2_ws/install/unitree_api/share/unitree_api/package.bash'
[4.984s] INFO:colcon.colcon_core.shell:Creating package script '/home/alireza/thesis1/navigation_go2/go2_ws/install/unitree_api/share/unitree_api/package.zsh'
[4.985s] Level 1:colcon.colcon_core.environment:create_file_with_runtime_dependencies(/home/alireza/thesis1/navigation_go2/go2_ws/install/unitree_api/share/colcon-core/packages/unitree_api)
[4.990s] DEBUG:colcon.colcon_core.event_handler.log_command:Invoked command in '/home/alireza/thesis1/navigation_go2/go2_ws/build/unitree_hg' returned '0': CMAKE_PREFIX_PATH=${CMAKE_PREFIX_PATH}:/opt/ros/foxy /usr/bin/cmake --build /home/alireza/thesis1/navigation_go2/go2_ws/build/unitree_hg -- -j8 -l8
[4.991s] DEBUG:colcon.colcon_core.event_handler.log_command:Invoking command in '/home/alireza/thesis1/navigation_go2/go2_ws/build/unitree_hg': CMAKE_PREFIX_PATH=${CMAKE_PREFIX_PATH}:/opt/ros/foxy /usr/bin/cmake --install /home/alireza/thesis1/navigation_go2/go2_ws/build/unitree_hg
[5.105s] Level 1:colcon.colcon_core.environment:create_environment_scripts_only(unitree_hg)
[5.106s] Level 1:colcon.colcon_core.environment:checking '/home/alireza/thesis1/navigation_go2/go2_ws/install/unitree_hg' for CMake module files
[5.107s] Level 1:colcon.colcon_core.environment:checking '/home/alireza/thesis1/navigation_go2/go2_ws/install/unitree_hg' for CMake config files
[5.109s] Level 1:colcon.colcon_core.shell:create_environment_hook('unitree_hg', 'cmake_prefix_path')
[5.110s] INFO:colcon.colcon_core.shell:Creating environment hook '/home/alireza/thesis1/navigation_go2/go2_ws/install/unitree_hg/share/unitree_hg/hook/cmake_prefix_path.ps1'
[5.111s] INFO:colcon.colcon_core.shell:Creating environment descriptor '/home/alireza/thesis1/navigation_go2/go2_ws/install/unitree_hg/share/unitree_hg/hook/cmake_prefix_path.dsv'
[5.112s] DEBUG:colcon.colcon_core.event_handler.log_command:Invoked command in '/home/alireza/thesis1/navigation_go2/go2_ws/build/unitree_hg' returned '0': CMAKE_PREFIX_PATH=${CMAKE_PREFIX_PATH}:/opt/ros/foxy /usr/bin/cmake --install /home/alireza/thesis1/navigation_go2/go2_ws/build/unitree_hg
[5.112s] INFO:colcon.colcon_core.shell:Creating environment hook '/home/alireza/thesis1/navigation_go2/go2_ws/install/unitree_hg/share/unitree_hg/hook/cmake_prefix_path.sh'
[5.113s] Level 1:colcon.colcon_core.environment:checking '/home/alireza/thesis1/navigation_go2/go2_ws/install/unitree_hg/lib'
[5.113s] Level 1:colcon.colcon_core.shell:create_environment_hook('unitree_hg', 'ld_library_path_lib')
[5.114s] INFO:colcon.colcon_core.shell:Creating environment hook '/home/alireza/thesis1/navigation_go2/go2_ws/install/unitree_hg/share/unitree_hg/hook/ld_library_path_lib.ps1'
[5.114s] INFO:colcon.colcon_core.shell:Creating environment descriptor '/home/alireza/thesis1/navigation_go2/go2_ws/install/unitree_hg/share/unitree_hg/hook/ld_library_path_lib.dsv'
[5.115s] INFO:colcon.colcon_core.shell:Creating environment hook '/home/alireza/thesis1/navigation_go2/go2_ws/install/unitree_hg/share/unitree_hg/hook/ld_library_path_lib.sh'
[5.115s] Level 1:colcon.colcon_core.environment:checking '/home/alireza/thesis1/navigation_go2/go2_ws/install/unitree_hg/bin'
[5.116s] Level 1:colcon.colcon_core.environment:checking '/home/alireza/thesis1/navigation_go2/go2_ws/install/unitree_hg/lib/pkgconfig/unitree_hg.pc'
[5.116s] Level 1:colcon.colcon_core.environment:checking '/home/alireza/thesis1/navigation_go2/go2_ws/install/unitree_hg/lib/python3.8/site-packages'
[5.116s] Level 1:colcon.colcon_core.shell:create_environment_hook('unitree_hg', 'pythonpath')
[5.116s] INFO:colcon.colcon_core.shell:Creating environment hook '/home/alireza/thesis1/navigation_go2/go2_ws/install/unitree_hg/share/unitree_hg/hook/pythonpath.ps1'
[5.117s] INFO:colcon.colcon_core.shell:Creating environment descriptor '/home/alireza/thesis1/navigation_go2/go2_ws/install/unitree_hg/share/unitree_hg/hook/pythonpath.dsv'
[5.117s] INFO:colcon.colcon_core.shell:Creating environment hook '/home/alireza/thesis1/navigation_go2/go2_ws/install/unitree_hg/share/unitree_hg/hook/pythonpath.sh'
[5.118s] Level 1:colcon.colcon_core.environment:checking '/home/alireza/thesis1/navigation_go2/go2_ws/install/unitree_hg/bin'
[5.119s] INFO:colcon.colcon_core.shell:Creating package script '/home/alireza/thesis1/navigation_go2/go2_ws/install/unitree_hg/share/unitree_hg/package.ps1'
[5.120s] INFO:colcon.colcon_core.shell:Creating package descriptor '/home/alireza/thesis1/navigation_go2/go2_ws/install/unitree_hg/share/unitree_hg/package.dsv'
[5.121s] INFO:colcon.colcon_core.shell:Creating package script '/home/alireza/thesis1/navigation_go2/go2_ws/install/unitree_hg/share/unitree_hg/package.sh'
[5.122s] INFO:colcon.colcon_core.shell:Creating package script '/home/alireza/thesis1/navigation_go2/go2_ws/install/unitree_hg/share/unitree_hg/package.bash'
[5.122s] INFO:colcon.colcon_core.shell:Creating package script '/home/alireza/thesis1/navigation_go2/go2_ws/install/unitree_hg/share/unitree_hg/package.zsh'
[5.123s] Level 1:colcon.colcon_core.environment:create_file_with_runtime_dependencies(/home/alireza/thesis1/navigation_go2/go2_ws/install/unitree_hg/share/colcon-core/packages/unitree_hg)
[5.127s] Level 1:colcon.colcon_core.environment:create_environment_scripts_only(unitree_hg)
[5.128s] Level 1:colcon.colcon_core.environment:checking '/home/alireza/thesis1/navigation_go2/go2_ws/install/unitree_hg' for CMake module files
[5.128s] Level 1:colcon.colcon_core.environment:checking '/home/alireza/thesis1/navigation_go2/go2_ws/install/unitree_hg' for CMake config files
[5.129s] Level 1:colcon.colcon_core.shell:create_environment_hook('unitree_hg', 'cmake_prefix_path')
[5.129s] INFO:colcon.colcon_core.shell:Creating environment hook '/home/alireza/thesis1/navigation_go2/go2_ws/install/unitree_hg/share/unitree_hg/hook/cmake_prefix_path.ps1'
[5.130s] INFO:colcon.colcon_core.shell:Creating environment descriptor '/home/alireza/thesis1/navigation_go2/go2_ws/install/unitree_hg/share/unitree_hg/hook/cmake_prefix_path.dsv'
[5.131s] INFO:colcon.colcon_core.shell:Creating environment hook '/home/alireza/thesis1/navigation_go2/go2_ws/install/unitree_hg/share/unitree_hg/hook/cmake_prefix_path.sh'
[5.132s] Level 1:colcon.colcon_core.environment:checking '/home/alireza/thesis1/navigation_go2/go2_ws/install/unitree_hg/lib'
[5.132s] Level 1:colcon.colcon_core.shell:create_environment_hook('unitree_hg', 'ld_library_path_lib')
[5.132s] INFO:colcon.colcon_core.shell:Creating environment hook '/home/alireza/thesis1/navigation_go2/go2_ws/install/unitree_hg/share/unitree_hg/hook/ld_library_path_lib.ps1'
[5.133s] INFO:colcon.colcon_core.shell:Creating environment descriptor '/home/alireza/thesis1/navigation_go2/go2_ws/install/unitree_hg/share/unitree_hg/hook/ld_library_path_lib.dsv'
[5.133s] INFO:colcon.colcon_core.shell:Creating environment hook '/home/alireza/thesis1/navigation_go2/go2_ws/install/unitree_hg/share/unitree_hg/hook/ld_library_path_lib.sh'
[5.134s] Level 1:colcon.colcon_core.environment:checking '/home/alireza/thesis1/navigation_go2/go2_ws/install/unitree_hg/bin'
[5.134s] Level 1:colcon.colcon_core.environment:checking '/home/alireza/thesis1/navigation_go2/go2_ws/install/unitree_hg/lib/pkgconfig/unitree_hg.pc'
[5.134s] Level 1:colcon.colcon_core.environment:checking '/home/alireza/thesis1/navigation_go2/go2_ws/install/unitree_hg/lib/python3.8/site-packages'
[5.134s] Level 1:colcon.colcon_core.shell:create_environment_hook('unitree_hg', 'pythonpath')
[5.135s] INFO:colcon.colcon_core.shell:Creating environment hook '/home/alireza/thesis1/navigation_go2/go2_ws/install/unitree_hg/share/unitree_hg/hook/pythonpath.ps1'
[5.135s] INFO:colcon.colcon_core.shell:Creating environment descriptor '/home/alireza/thesis1/navigation_go2/go2_ws/install/unitree_hg/share/unitree_hg/hook/pythonpath.dsv'
[5.136s] INFO:colcon.colcon_core.shell:Creating environment hook '/home/alireza/thesis1/navigation_go2/go2_ws/install/unitree_hg/share/unitree_hg/hook/pythonpath.sh'
[5.137s] Level 1:colcon.colcon_core.environment:checking '/home/alireza/thesis1/navigation_go2/go2_ws/install/unitree_hg/bin'
[5.138s] INFO:colcon.colcon_core.shell:Creating package script '/home/alireza/thesis1/navigation_go2/go2_ws/install/unitree_hg/share/unitree_hg/package.ps1'
[5.140s] INFO:colcon.colcon_core.shell:Creating package descriptor '/home/alireza/thesis1/navigation_go2/go2_ws/install/unitree_hg/share/unitree_hg/package.dsv'
[5.141s] INFO:colcon.colcon_core.shell:Creating package script '/home/alireza/thesis1/navigation_go2/go2_ws/install/unitree_hg/share/unitree_hg/package.sh'
[5.142s] INFO:colcon.colcon_core.shell:Creating package script '/home/alireza/thesis1/navigation_go2/go2_ws/install/unitree_hg/share/unitree_hg/package.bash'
[5.143s] INFO:colcon.colcon_core.shell:Creating package script '/home/alireza/thesis1/navigation_go2/go2_ws/install/unitree_hg/share/unitree_hg/package.zsh'
[5.144s] Level 1:colcon.colcon_core.environment:create_file_with_runtime_dependencies(/home/alireza/thesis1/navigation_go2/go2_ws/install/unitree_hg/share/colcon-core/packages/unitree_hg)
[5.279s] DEBUG:colcon.colcon_core.event_handler.log_command:Invoked command in '/home/alireza/thesis1/navigation_go2/go2_ws/build/unitree_go' returned '0': CMAKE_PREFIX_PATH=${CMAKE_PREFIX_PATH}:/opt/ros/foxy /usr/bin/cmake --build /home/alireza/thesis1/navigation_go2/go2_ws/build/unitree_go -- -j8 -l8
[5.282s] DEBUG:colcon.colcon_core.event_handler.log_command:Invoking command in '/home/alireza/thesis1/navigation_go2/go2_ws/build/unitree_go': CMAKE_PREFIX_PATH=${CMAKE_PREFIX_PATH}:/opt/ros/foxy /usr/bin/cmake --install /home/alireza/thesis1/navigation_go2/go2_ws/build/unitree_go
[5.366s] Level 1:colcon.colcon_core.environment:create_environment_scripts_only(unitree_go)
[5.367s] Level 1:colcon.colcon_core.environment:checking '/home/alireza/thesis1/navigation_go2/go2_ws/install/unitree_go' for CMake module files
[5.369s] DEBUG:colcon.colcon_core.event_handler.log_command:Invoked command in '/home/alireza/thesis1/navigation_go2/go2_ws/build/unitree_go' returned '0': CMAKE_PREFIX_PATH=${CMAKE_PREFIX_PATH}:/opt/ros/foxy /usr/bin/cmake --install /home/alireza/thesis1/navigation_go2/go2_ws/build/unitree_go
[5.369s] Level 1:colcon.colcon_core.environment:checking '/home/alireza/thesis1/navigation_go2/go2_ws/install/unitree_go' for CMake config files
[5.369s] Level 1:colcon.colcon_core.shell:create_environment_hook('unitree_go', 'cmake_prefix_path')
[5.369s] INFO:colcon.colcon_core.shell:Creating environment hook '/home/alireza/thesis1/navigation_go2/go2_ws/install/unitree_go/share/unitree_go/hook/cmake_prefix_path.ps1'
[5.370s] INFO:colcon.colcon_core.shell:Creating environment descriptor '/home/alireza/thesis1/navigation_go2/go2_ws/install/unitree_go/share/unitree_go/hook/cmake_prefix_path.dsv'
[5.371s] INFO:colcon.colcon_core.shell:Creating environment hook '/home/alireza/thesis1/navigation_go2/go2_ws/install/unitree_go/share/unitree_go/hook/cmake_prefix_path.sh'
[5.372s] Level 1:colcon.colcon_core.environment:checking '/home/alireza/thesis1/navigation_go2/go2_ws/install/unitree_go/lib'
[5.372s] Level 1:colcon.colcon_core.shell:create_environment_hook('unitree_go', 'ld_library_path_lib')
[5.372s] INFO:colcon.colcon_core.shell:Creating environment hook '/home/alireza/thesis1/navigation_go2/go2_ws/install/unitree_go/share/unitree_go/hook/ld_library_path_lib.ps1'
[5.372s] INFO:colcon.colcon_core.shell:Creating environment descriptor '/home/alireza/thesis1/navigation_go2/go2_ws/install/unitree_go/share/unitree_go/hook/ld_library_path_lib.dsv'
[5.373s] INFO:colcon.colcon_core.shell:Creating environment hook '/home/alireza/thesis1/navigation_go2/go2_ws/install/unitree_go/share/unitree_go/hook/ld_library_path_lib.sh'
[5.373s] Level 1:colcon.colcon_core.environment:checking '/home/alireza/thesis1/navigation_go2/go2_ws/install/unitree_go/bin'
[5.373s] Level 1:colcon.colcon_core.environment:checking '/home/alireza/thesis1/navigation_go2/go2_ws/install/unitree_go/lib/pkgconfig/unitree_go.pc'
[5.374s] Level 1:colcon.colcon_core.environment:checking '/home/alireza/thesis1/navigation_go2/go2_ws/install/unitree_go/lib/python3.8/site-packages'
[5.374s] Level 1:colcon.colcon_core.shell:create_environment_hook('unitree_go', 'pythonpath')
[5.374s] INFO:colcon.colcon_core.shell:Creating environment hook '/home/alireza/thesis1/navigation_go2/go2_ws/install/unitree_go/share/unitree_go/hook/pythonpath.ps1'
[5.374s] INFO:colcon.colcon_core.shell:Creating environment descriptor '/home/alireza/thesis1/navigation_go2/go2_ws/install/unitree_go/share/unitree_go/hook/pythonpath.dsv'
[5.375s] INFO:colcon.colcon_core.shell:Creating environment hook '/home/alireza/thesis1/navigation_go2/go2_ws/install/unitree_go/share/unitree_go/hook/pythonpath.sh'
[5.376s] Level 1:colcon.colcon_core.environment:checking '/home/alireza/thesis1/navigation_go2/go2_ws/install/unitree_go/bin'
[5.376s] INFO:colcon.colcon_core.shell:Creating package script '/home/alireza/thesis1/navigation_go2/go2_ws/install/unitree_go/share/unitree_go/package.ps1'
[5.377s] INFO:colcon.colcon_core.shell:Creating package descriptor '/home/alireza/thesis1/navigation_go2/go2_ws/install/unitree_go/share/unitree_go/package.dsv'
[5.377s] INFO:colcon.colcon_core.shell:Creating package script '/home/alireza/thesis1/navigation_go2/go2_ws/install/unitree_go/share/unitree_go/package.sh'
[5.378s] INFO:colcon.colcon_core.shell:Creating package script '/home/alireza/thesis1/navigation_go2/go2_ws/install/unitree_go/share/unitree_go/package.bash'
[5.378s] INFO:colcon.colcon_core.shell:Creating package script '/home/alireza/thesis1/navigation_go2/go2_ws/install/unitree_go/share/unitree_go/package.zsh'
[5.379s] Level 1:colcon.colcon_core.environment:create_file_with_runtime_dependencies(/home/alireza/thesis1/navigation_go2/go2_ws/install/unitree_go/share/colcon-core/packages/unitree_go)
[5.380s] Level 1:colcon.colcon_core.environment:create_environment_scripts_only(unitree_go)
[5.380s] Level 1:colcon.colcon_core.environment:checking '/home/alireza/thesis1/navigation_go2/go2_ws/install/unitree_go' for CMake module files
[5.380s] Level 1:colcon.colcon_core.environment:checking '/home/alireza/thesis1/navigation_go2/go2_ws/install/unitree_go' for CMake config files
[5.381s] Level 1:colcon.colcon_core.shell:create_environment_hook('unitree_go', 'cmake_prefix_path')
[5.381s] INFO:colcon.colcon_core.shell:Creating environment hook '/home/alireza/thesis1/navigation_go2/go2_ws/install/unitree_go/share/unitree_go/hook/cmake_prefix_path.ps1'
[5.381s] INFO:colcon.colcon_core.shell:Creating environment descriptor '/home/alireza/thesis1/navigation_go2/go2_ws/install/unitree_go/share/unitree_go/hook/cmake_prefix_path.dsv'
[5.382s] INFO:colcon.colcon_core.shell:Creating environment hook '/home/alireza/thesis1/navigation_go2/go2_ws/install/unitree_go/share/unitree_go/hook/cmake_prefix_path.sh'
[5.382s] Level 1:colcon.colcon_core.environment:checking '/home/alireza/thesis1/navigation_go2/go2_ws/install/unitree_go/lib'
[5.382s] Level 1:colcon.colcon_core.shell:create_environment_hook('unitree_go', 'ld_library_path_lib')
[5.383s] INFO:colcon.colcon_core.shell:Creating environment hook '/home/alireza/thesis1/navigation_go2/go2_ws/install/unitree_go/share/unitree_go/hook/ld_library_path_lib.ps1'
[5.383s] INFO:colcon.colcon_core.shell:Creating environment descriptor '/home/alireza/thesis1/navigation_go2/go2_ws/install/unitree_go/share/unitree_go/hook/ld_library_path_lib.dsv'
[5.383s] INFO:colcon.colcon_core.shell:Creating environment hook '/home/alireza/thesis1/navigation_go2/go2_ws/install/unitree_go/share/unitree_go/hook/ld_library_path_lib.sh'
[5.384s] Level 1:colcon.colcon_core.environment:checking '/home/alireza/thesis1/navigation_go2/go2_ws/install/unitree_go/bin'
[5.384s] Level 1:colcon.colcon_core.environment:checking '/home/alireza/thesis1/navigation_go2/go2_ws/install/unitree_go/lib/pkgconfig/unitree_go.pc'
[5.384s] Level 1:colcon.colcon_core.environment:checking '/home/alireza/thesis1/navigation_go2/go2_ws/install/unitree_go/lib/python3.8/site-packages'
[5.384s] Level 1:colcon.colcon_core.shell:create_environment_hook('unitree_go', 'pythonpath')
[5.384s] INFO:colcon.colcon_core.shell:Creating environment hook '/home/alireza/thesis1/navigation_go2/go2_ws/install/unitree_go/share/unitree_go/hook/pythonpath.ps1'
[5.385s] INFO:colcon.colcon_core.shell:Creating environment descriptor '/home/alireza/thesis1/navigation_go2/go2_ws/install/unitree_go/share/unitree_go/hook/pythonpath.dsv'
[5.386s] INFO:colcon.colcon_core.shell:Creating environment hook '/home/alireza/thesis1/navigation_go2/go2_ws/install/unitree_go/share/unitree_go/hook/pythonpath.sh'
[5.386s] Level 1:colcon.colcon_core.environment:checking '/home/alireza/thesis1/navigation_go2/go2_ws/install/unitree_go/bin'
[5.387s] INFO:colcon.colcon_core.shell:Creating package script '/home/alireza/thesis1/navigation_go2/go2_ws/install/unitree_go/share/unitree_go/package.ps1'
[5.387s] INFO:colcon.colcon_core.shell:Creating package descriptor '/home/alireza/thesis1/navigation_go2/go2_ws/install/unitree_go/share/unitree_go/package.dsv'
[5.388s] INFO:colcon.colcon_core.shell:Creating package script '/home/alireza/thesis1/navigation_go2/go2_ws/install/unitree_go/share/unitree_go/package.sh'
[5.389s] INFO:colcon.colcon_core.shell:Creating package script '/home/alireza/thesis1/navigation_go2/go2_ws/install/unitree_go/share/unitree_go/package.bash'
[5.389s] INFO:colcon.colcon_core.shell:Creating package script '/home/alireza/thesis1/navigation_go2/go2_ws/install/unitree_go/share/unitree_go/package.zsh'
[5.389s] Level 1:colcon.colcon_core.environment:create_file_with_runtime_dependencies(/home/alireza/thesis1/navigation_go2/go2_ws/install/unitree_go/share/colcon-core/packages/unitree_go)
[5.390s] INFO:colcon.colcon_ros.task.ament_cmake.build:Building ROS package in '/home/alireza/thesis1/navigation_go2/go2_ws/src/unitree_ros2/example/src' with build type 'ament_cmake'
[5.391s] INFO:colcon.colcon_cmake.task.cmake.build:Building CMake package in '/home/alireza/thesis1/navigation_go2/go2_ws/src/unitree_ros2/example/src'
[5.391s] INFO:colcon.colcon_core.shell:Skip shell extension 'powershell' for command environment: Not usable outside of PowerShell
[5.391s] DEBUG:colcon.colcon_core.shell:Skip shell extension 'dsv' for command environment
[5.401s] INFO:colcon.colcon_ros.task.ament_cmake.build:Building ROS package in '/home/alireza/thesis1/navigation_go2/go2_ws/src/go2_real' with build type 'ament_cmake'
[5.402s] INFO:colcon.colcon_cmake.task.cmake.build:Building CMake package in '/home/alireza/thesis1/navigation_go2/go2_ws/src/go2_real'
[5.403s] INFO:colcon.colcon_core.shell:Skip shell extension 'powershell' for command environment: Not usable outside of PowerShell
[5.403s] DEBUG:colcon.colcon_core.shell:Skip shell extension 'dsv' for command environment
[5.418s] DEBUG:colcon.colcon_core.event_handler.log_command:Invoking command in '/home/alireza/thesis1/navigation_go2/go2_ws/build/unitree_ros2_example': CMAKE_PREFIX_PATH=${CMAKE_PREFIX_PATH}:/opt/ros/foxy LD_LIBRARY_PATH=/home/alireza/thesis1/navigation_go2/go2_ws/install/unitree_hg/lib:/home/alireza/thesis1/navigation_go2/go2_ws/install/unitree_go/lib:/home/alireza/thesis1/navigation_go2/go2_ws/install/unitree_api/lib:/home/alireza/livox-sdk2/lib:/home/alireza/thesis1/navigation_go2/go2_ws/install/pointcloud_to_laserscan/lib:/home/alireza/thesis1/navigation_go2/go2_ws/install/livox_ros_driver2/lib:/usr/lib/x86_64-linux-gnu/gazebo-11/plugins:/opt/ros/foxy/opt/yaml_cpp_vendor/lib:/opt/ros/foxy/opt/rviz_ogre_vendor/lib:/opt/ros/foxy/lib/x86_64-linux-gnu:/opt/ros/foxy/lib /usr/bin/cmake /home/alireza/thesis1/navigation_go2/go2_ws/src/unitree_ros2/example/src -DROS_EDITION=ROS2 -DCMAKE_INSTALL_PREFIX=/home/alireza/thesis1/navigation_go2/go2_ws/install/unitree_ros2_example
[5.428s] DEBUG:colcon.colcon_core.event_handler.log_command:Invoking command in '/home/alireza/thesis1/navigation_go2/go2_ws/build/go2_real': CMAKE_PREFIX_PATH=/home/alireza/thesis1/navigation_go2/go2_ws/install/go2_gazebo:/home/alireza/thesis1/navigation_go2/go2_ws/install/unitree_go:/home/alireza/thesis1/navigation_go2/go2_ws/install/unitree_api:/home/alireza/thesis1/navigation_go2/go2_ws/install/pointcloud_to_laserscan:/home/alireza/thesis1/navigation_go2/go2_ws/install/livox_ros_driver2:/home/alireza/thesis1/navigation_go2/go2_ws/install/go2_description:/home/alireza/thesis1/navigation_go2/go2_ws/install/unitree_hg:/home/alireza/thesis1/navigation_go2/go2_ws/install/go2_real:/opt/ros/foxy LD_LIBRARY_PATH=/home/alireza/thesis1/navigation_go2/go2_ws/install/unitree_go/lib:/home/alireza/thesis1/navigation_go2/go2_ws/install/unitree_api/lib:/home/alireza/thesis1/navigation_go2/go2_ws/install/pointcloud_to_laserscan/lib:/home/alireza/thesis1/navigation_go2/go2_ws/install/livox_ros_driver2/lib:/home/alireza/livox-sdk2/lib:/home/alireza/thesis1/navigation_go2/go2_ws/install/unitree_hg/lib:/usr/lib/x86_64-linux-gnu/gazebo-11/plugins:/opt/ros/foxy/opt/yaml_cpp_vendor/lib:/opt/ros/foxy/opt/rviz_ogre_vendor/lib:/opt/ros/foxy/lib/x86_64-linux-gnu:/opt/ros/foxy/lib PYTHONPATH=/home/alireza/thesis1/navigation_go2/go2_ws/install/unitree_go/lib/python3.8/site-packages:/home/alireza/thesis1/navigation_go2/go2_ws/install/unitree_api/lib/python3.8/site-packages:/home/alireza/thesis1/navigation_go2/go2_ws/install/livox_ros_driver2/lib/python3.8/site-packages:/home/alireza/thesis1/navigation_go2/go2_ws/install/unitree_hg/lib/python3.8/site-packages:/opt/ros/foxy/lib/python3.8/site-packages /usr/bin/cmake /home/alireza/thesis1/navigation_go2/go2_ws/src/go2_real -DROS_EDITION=ROS2 -DCMAKE_INSTALL_PREFIX=/home/alireza/thesis1/navigation_go2/go2_ws/install/go2_real
[6.797s] DEBUG:colcon.colcon_core.event_handler.log_command:Invoked command in '/home/alireza/thesis1/navigation_go2/go2_ws/build/go2_real' returned '0': CMAKE_PREFIX_PATH=/home/alireza/thesis1/navigation_go2/go2_ws/install/go2_gazebo:/home/alireza/thesis1/navigation_go2/go2_ws/install/unitree_go:/home/alireza/thesis1/navigation_go2/go2_ws/install/unitree_api:/home/alireza/thesis1/navigation_go2/go2_ws/install/pointcloud_to_laserscan:/home/alireza/thesis1/navigation_go2/go2_ws/install/livox_ros_driver2:/home/alireza/thesis1/navigation_go2/go2_ws/install/go2_description:/home/alireza/thesis1/navigation_go2/go2_ws/install/unitree_hg:/home/alireza/thesis1/navigation_go2/go2_ws/install/go2_real:/opt/ros/foxy LD_LIBRARY_PATH=/home/alireza/thesis1/navigation_go2/go2_ws/install/unitree_go/lib:/home/alireza/thesis1/navigation_go2/go2_ws/install/unitree_api/lib:/home/alireza/thesis1/navigation_go2/go2_ws/install/pointcloud_to_laserscan/lib:/home/alireza/thesis1/navigation_go2/go2_ws/install/livox_ros_driver2/lib:/home/alireza/livox-sdk2/lib:/home/alireza/thesis1/navigation_go2/go2_ws/install/unitree_hg/lib:/usr/lib/x86_64-linux-gnu/gazebo-11/plugins:/opt/ros/foxy/opt/yaml_cpp_vendor/lib:/opt/ros/foxy/opt/rviz_ogre_vendor/lib:/opt/ros/foxy/lib/x86_64-linux-gnu:/opt/ros/foxy/lib PYTHONPATH=/home/alireza/thesis1/navigation_go2/go2_ws/install/unitree_go/lib/python3.8/site-packages:/home/alireza/thesis1/navigation_go2/go2_ws/install/unitree_api/lib/python3.8/site-packages:/home/alireza/thesis1/navigation_go2/go2_ws/install/livox_ros_driver2/lib/python3.8/site-packages:/home/alireza/thesis1/navigation_go2/go2_ws/install/unitree_hg/lib/python3.8/site-packages:/opt/ros/foxy/lib/python3.8/site-packages /usr/bin/cmake /home/alireza/thesis1/navigation_go2/go2_ws/src/go2_real -DROS_EDITION=ROS2 -DCMAKE_INSTALL_PREFIX=/home/alireza/thesis1/navigation_go2/go2_ws/install/go2_real
[6.810s] DEBUG:colcon.colcon_core.event_handler.log_command:Invoking command in '/home/alireza/thesis1/navigation_go2/go2_ws/build/go2_real': CMAKE_PREFIX_PATH=/home/alireza/thesis1/navigation_go2/go2_ws/install/go2_gazebo:/home/alireza/thesis1/navigation_go2/go2_ws/install/unitree_go:/home/alireza/thesis1/navigation_go2/go2_ws/install/unitree_api:/home/alireza/thesis1/navigation_go2/go2_ws/install/pointcloud_to_laserscan:/home/alireza/thesis1/navigation_go2/go2_ws/install/livox_ros_driver2:/home/alireza/thesis1/navigation_go2/go2_ws/install/go2_description:/home/alireza/thesis1/navigation_go2/go2_ws/install/unitree_hg:/home/alireza/thesis1/navigation_go2/go2_ws/install/go2_real:/opt/ros/foxy LD_LIBRARY_PATH=/home/alireza/thesis1/navigation_go2/go2_ws/install/unitree_go/lib:/home/alireza/thesis1/navigation_go2/go2_ws/install/unitree_api/lib:/home/alireza/thesis1/navigation_go2/go2_ws/install/pointcloud_to_laserscan/lib:/home/alireza/thesis1/navigation_go2/go2_ws/install/livox_ros_driver2/lib:/home/alireza/livox-sdk2/lib:/home/alireza/thesis1/navigation_go2/go2_ws/install/unitree_hg/lib:/usr/lib/x86_64-linux-gnu/gazebo-11/plugins:/opt/ros/foxy/opt/yaml_cpp_vendor/lib:/opt/ros/foxy/opt/rviz_ogre_vendor/lib:/opt/ros/foxy/lib/x86_64-linux-gnu:/opt/ros/foxy/lib PYTHONPATH=/home/alireza/thesis1/navigation_go2/go2_ws/install/unitree_go/lib/python3.8/site-packages:/home/alireza/thesis1/navigation_go2/go2_ws/install/unitree_api/lib/python3.8/site-packages:/home/alireza/thesis1/navigation_go2/go2_ws/install/livox_ros_driver2/lib/python3.8/site-packages:/home/alireza/thesis1/navigation_go2/go2_ws/install/unitree_hg/lib/python3.8/site-packages:/opt/ros/foxy/lib/python3.8/site-packages /usr/bin/cmake --build /home/alireza/thesis1/navigation_go2/go2_ws/build/go2_real -- -j8 -l8
[7.017s] DEBUG:colcon.colcon_core.event_handler.log_command:Invoked command in '/home/alireza/thesis1/navigation_go2/go2_ws/build/go2_real' returned '0': CMAKE_PREFIX_PATH=/home/alireza/thesis1/navigation_go2/go2_ws/install/go2_gazebo:/home/alireza/thesis1/navigation_go2/go2_ws/install/unitree_go:/home/alireza/thesis1/navigation_go2/go2_ws/install/unitree_api:/home/alireza/thesis1/navigation_go2/go2_ws/install/pointcloud_to_laserscan:/home/alireza/thesis1/navigation_go2/go2_ws/install/livox_ros_driver2:/home/alireza/thesis1/navigation_go2/go2_ws/install/go2_description:/home/alireza/thesis1/navigation_go2/go2_ws/install/unitree_hg:/home/alireza/thesis1/navigation_go2/go2_ws/install/go2_real:/opt/ros/foxy LD_LIBRARY_PATH=/home/alireza/thesis1/navigation_go2/go2_ws/install/unitree_go/lib:/home/alireza/thesis1/navigation_go2/go2_ws/install/unitree_api/lib:/home/alireza/thesis1/navigation_go2/go2_ws/install/pointcloud_to_laserscan/lib:/home/alireza/thesis1/navigation_go2/go2_ws/install/livox_ros_driver2/lib:/home/alireza/livox-sdk2/lib:/home/alireza/thesis1/navigation_go2/go2_ws/install/unitree_hg/lib:/usr/lib/x86_64-linux-gnu/gazebo-11/plugins:/opt/ros/foxy/opt/yaml_cpp_vendor/lib:/opt/ros/foxy/opt/rviz_ogre_vendor/lib:/opt/ros/foxy/lib/x86_64-linux-gnu:/opt/ros/foxy/lib PYTHONPATH=/home/alireza/thesis1/navigation_go2/go2_ws/install/unitree_go/lib/python3.8/site-packages:/home/alireza/thesis1/navigation_go2/go2_ws/install/unitree_api/lib/python3.8/site-packages:/home/alireza/thesis1/navigation_go2/go2_ws/install/livox_ros_driver2/lib/python3.8/site-packages:/home/alireza/thesis1/navigation_go2/go2_ws/install/unitree_hg/lib/python3.8/site-packages:/opt/ros/foxy/lib/python3.8/site-packages /usr/bin/cmake --build /home/alireza/thesis1/navigation_go2/go2_ws/build/go2_real -- -j8 -l8
[7.030s] DEBUG:colcon.colcon_core.event_handler.log_command:Invoking command in '/home/alireza/thesis1/navigation_go2/go2_ws/build/go2_real': CMAKE_PREFIX_PATH=/home/alireza/thesis1/navigation_go2/go2_ws/install/go2_gazebo:/home/alireza/thesis1/navigation_go2/go2_ws/install/unitree_go:/home/alireza/thesis1/navigation_go2/go2_ws/install/unitree_api:/home/alireza/thesis1/navigation_go2/go2_ws/install/pointcloud_to_laserscan:/home/alireza/thesis1/navigation_go2/go2_ws/install/livox_ros_driver2:/home/alireza/thesis1/navigation_go2/go2_ws/install/go2_description:/home/alireza/thesis1/navigation_go2/go2_ws/install/unitree_hg:/home/alireza/thesis1/navigation_go2/go2_ws/install/go2_real:/opt/ros/foxy LD_LIBRARY_PATH=/home/alireza/thesis1/navigation_go2/go2_ws/install/unitree_go/lib:/home/alireza/thesis1/navigation_go2/go2_ws/install/unitree_api/lib:/home/alireza/thesis1/navigation_go2/go2_ws/install/pointcloud_to_laserscan/lib:/home/alireza/thesis1/navigation_go2/go2_ws/install/livox_ros_driver2/lib:/home/alireza/livox-sdk2/lib:/home/alireza/thesis1/navigation_go2/go2_ws/install/unitree_hg/lib:/usr/lib/x86_64-linux-gnu/gazebo-11/plugins:/opt/ros/foxy/opt/yaml_cpp_vendor/lib:/opt/ros/foxy/opt/rviz_ogre_vendor/lib:/opt/ros/foxy/lib/x86_64-linux-gnu:/opt/ros/foxy/lib PYTHONPATH=/home/alireza/thesis1/navigation_go2/go2_ws/install/unitree_go/lib/python3.8/site-packages:/home/alireza/thesis1/navigation_go2/go2_ws/install/unitree_api/lib/python3.8/site-packages:/home/alireza/thesis1/navigation_go2/go2_ws/install/livox_ros_driver2/lib/python3.8/site-packages:/home/alireza/thesis1/navigation_go2/go2_ws/install/unitree_hg/lib/python3.8/site-packages:/opt/ros/foxy/lib/python3.8/site-packages /usr/bin/cmake --install /home/alireza/thesis1/navigation_go2/go2_ws/build/go2_real
[7.076s] Level 1:colcon.colcon_core.environment:create_environment_scripts_only(go2_real)
[7.077s] Level 1:colcon.colcon_core.environment:checking '/home/alireza/thesis1/navigation_go2/go2_ws/install/go2_real' for CMake module files
[7.078s] DEBUG:colcon.colcon_core.event_handler.log_command:Invoked command in '/home/alireza/thesis1/navigation_go2/go2_ws/build/go2_real' returned '0': CMAKE_PREFIX_PATH=/home/alireza/thesis1/navigation_go2/go2_ws/install/go2_gazebo:/home/alireza/thesis1/navigation_go2/go2_ws/install/unitree_go:/home/alireza/thesis1/navigation_go2/go2_ws/install/unitree_api:/home/alireza/thesis1/navigation_go2/go2_ws/install/pointcloud_to_laserscan:/home/alireza/thesis1/navigation_go2/go2_ws/install/livox_ros_driver2:/home/alireza/thesis1/navigation_go2/go2_ws/install/go2_description:/home/alireza/thesis1/navigation_go2/go2_ws/install/unitree_hg:/home/alireza/thesis1/navigation_go2/go2_ws/install/go2_real:/opt/ros/foxy LD_LIBRARY_PATH=/home/alireza/thesis1/navigation_go2/go2_ws/install/unitree_go/lib:/home/alireza/thesis1/navigation_go2/go2_ws/install/unitree_api/lib:/home/alireza/thesis1/navigation_go2/go2_ws/install/pointcloud_to_laserscan/lib:/home/alireza/thesis1/navigation_go2/go2_ws/install/livox_ros_driver2/lib:/home/alireza/livox-sdk2/lib:/home/alireza/thesis1/navigation_go2/go2_ws/install/unitree_hg/lib:/usr/lib/x86_64-linux-gnu/gazebo-11/plugins:/opt/ros/foxy/opt/yaml_cpp_vendor/lib:/opt/ros/foxy/opt/rviz_ogre_vendor/lib:/opt/ros/foxy/lib/x86_64-linux-gnu:/opt/ros/foxy/lib PYTHONPATH=/home/alireza/thesis1/navigation_go2/go2_ws/install/unitree_go/lib/python3.8/site-packages:/home/alireza/thesis1/navigation_go2/go2_ws/install/unitree_api/lib/python3.8/site-packages:/home/alireza/thesis1/navigation_go2/go2_ws/install/livox_ros_driver2/lib/python3.8/site-packages:/home/alireza/thesis1/navigation_go2/go2_ws/install/unitree_hg/lib/python3.8/site-packages:/opt/ros/foxy/lib/python3.8/site-packages /usr/bin/cmake --install /home/alireza/thesis1/navigation_go2/go2_ws/build/go2_real
[7.079s] Level 1:colcon.colcon_core.environment:checking '/home/alireza/thesis1/navigation_go2/go2_ws/install/go2_real' for CMake config files
[7.079s] Level 1:colcon.colcon_core.shell:create_environment_hook('go2_real', 'cmake_prefix_path')
[7.080s] INFO:colcon.colcon_core.shell:Creating environment hook '/home/alireza/thesis1/navigation_go2/go2_ws/install/go2_real/share/go2_real/hook/cmake_prefix_path.ps1'
[7.081s] INFO:colcon.colcon_core.shell:Creating environment descriptor '/home/alireza/thesis1/navigation_go2/go2_ws/install/go2_real/share/go2_real/hook/cmake_prefix_path.dsv'
[7.081s] INFO:colcon.colcon_core.shell:Creating environment hook '/home/alireza/thesis1/navigation_go2/go2_ws/install/go2_real/share/go2_real/hook/cmake_prefix_path.sh'
[7.082s] Level 1:colcon.colcon_core.environment:checking '/home/alireza/thesis1/navigation_go2/go2_ws/install/go2_real/lib'
[7.082s] Level 1:colcon.colcon_core.environment:checking '/home/alireza/thesis1/navigation_go2/go2_ws/install/go2_real/bin'
[7.082s] Level 1:colcon.colcon_core.environment:checking '/home/alireza/thesis1/navigation_go2/go2_ws/install/go2_real/lib/pkgconfig/go2_real.pc'
[7.083s] Level 1:colcon.colcon_core.environment:checking '/home/alireza/thesis1/navigation_go2/go2_ws/install/go2_real/lib/python3.8/site-packages'
[7.083s] Level 1:colcon.colcon_core.environment:checking '/home/alireza/thesis1/navigation_go2/go2_ws/install/go2_real/bin'
[7.084s] INFO:colcon.colcon_core.shell:Creating package script '/home/alireza/thesis1/navigation_go2/go2_ws/install/go2_real/share/go2_real/package.ps1'
[7.085s] INFO:colcon.colcon_core.shell:Creating package descriptor '/home/alireza/thesis1/navigation_go2/go2_ws/install/go2_real/share/go2_real/package.dsv'
[7.086s] INFO:colcon.colcon_core.shell:Creating package script '/home/alireza/thesis1/navigation_go2/go2_ws/install/go2_real/share/go2_real/package.sh'
[7.086s] INFO:colcon.colcon_core.shell:Creating package script '/home/alireza/thesis1/navigation_go2/go2_ws/install/go2_real/share/go2_real/package.bash'
[7.087s] INFO:colcon.colcon_core.shell:Creating package script '/home/alireza/thesis1/navigation_go2/go2_ws/install/go2_real/share/go2_real/package.zsh'
[7.088s] Level 1:colcon.colcon_core.environment:create_file_with_runtime_dependencies(/home/alireza/thesis1/navigation_go2/go2_ws/install/go2_real/share/colcon-core/packages/go2_real)
[7.089s] Level 1:colcon.colcon_core.environment:create_environment_scripts_only(go2_real)
[7.089s] Level 1:colcon.colcon_core.environment:checking '/home/alireza/thesis1/navigation_go2/go2_ws/install/go2_real' for CMake module files
[7.090s] Level 1:colcon.colcon_core.environment:checking '/home/alireza/thesis1/navigation_go2/go2_ws/install/go2_real' for CMake config files
[7.091s] Level 1:colcon.colcon_core.shell:create_environment_hook('go2_real', 'cmake_prefix_path')
[7.091s] INFO:colcon.colcon_core.shell:Creating environment hook '/home/alireza/thesis1/navigation_go2/go2_ws/install/go2_real/share/go2_real/hook/cmake_prefix_path.ps1'
[7.092s] INFO:colcon.colcon_core.shell:Creating environment descriptor '/home/alireza/thesis1/navigation_go2/go2_ws/install/go2_real/share/go2_real/hook/cmake_prefix_path.dsv'
[7.092s] INFO:colcon.colcon_core.shell:Creating environment hook '/home/alireza/thesis1/navigation_go2/go2_ws/install/go2_real/share/go2_real/hook/cmake_prefix_path.sh'
[7.093s] Level 1:colcon.colcon_core.environment:checking '/home/alireza/thesis1/navigation_go2/go2_ws/install/go2_real/lib'
[7.093s] Level 1:colcon.colcon_core.environment:checking '/home/alireza/thesis1/navigation_go2/go2_ws/install/go2_real/bin'
[7.093s] Level 1:colcon.colcon_core.environment:checking '/home/alireza/thesis1/navigation_go2/go2_ws/install/go2_real/lib/pkgconfig/go2_real.pc'
[7.094s] Level 1:colcon.colcon_core.environment:checking '/home/alireza/thesis1/navigation_go2/go2_ws/install/go2_real/lib/python3.8/site-packages'
[7.094s] Level 1:colcon.colcon_core.environment:checking '/home/alireza/thesis1/navigation_go2/go2_ws/install/go2_real/bin'
[7.095s] INFO:colcon.colcon_core.shell:Creating package script '/home/alireza/thesis1/navigation_go2/go2_ws/install/go2_real/share/go2_real/package.ps1'
[7.096s] INFO:colcon.colcon_core.shell:Creating package descriptor '/home/alireza/thesis1/navigation_go2/go2_ws/install/go2_real/share/go2_real/package.dsv'
[7.097s] INFO:colcon.colcon_core.shell:Creating package script '/home/alireza/thesis1/navigation_go2/go2_ws/install/go2_real/share/go2_real/package.sh'
[7.097s] INFO:colcon.colcon_core.shell:Creating package script '/home/alireza/thesis1/navigation_go2/go2_ws/install/go2_real/share/go2_real/package.bash'
[7.098s] INFO:colcon.colcon_core.shell:Creating package script '/home/alireza/thesis1/navigation_go2/go2_ws/install/go2_real/share/go2_real/package.zsh'
[7.099s] Level 1:colcon.colcon_core.environment:create_file_with_runtime_dependencies(/home/alireza/thesis1/navigation_go2/go2_ws/install/go2_real/share/colcon-core/packages/go2_real)
[9.155s] DEBUG:colcon.colcon_core.event_handler.log_command:Invoked command in '/home/alireza/thesis1/navigation_go2/go2_ws/build/unitree_ros2_example' returned '0': CMAKE_PREFIX_PATH=${CMAKE_PREFIX_PATH}:/opt/ros/foxy LD_LIBRARY_PATH=/home/alireza/thesis1/navigation_go2/go2_ws/install/unitree_hg/lib:/home/alireza/thesis1/navigation_go2/go2_ws/install/unitree_go/lib:/home/alireza/thesis1/navigation_go2/go2_ws/install/unitree_api/lib:/home/alireza/livox-sdk2/lib:/home/alireza/thesis1/navigation_go2/go2_ws/install/pointcloud_to_laserscan/lib:/home/alireza/thesis1/navigation_go2/go2_ws/install/livox_ros_driver2/lib:/usr/lib/x86_64-linux-gnu/gazebo-11/plugins:/opt/ros/foxy/opt/yaml_cpp_vendor/lib:/opt/ros/foxy/opt/rviz_ogre_vendor/lib:/opt/ros/foxy/lib/x86_64-linux-gnu:/opt/ros/foxy/lib /usr/bin/cmake /home/alireza/thesis1/navigation_go2/go2_ws/src/unitree_ros2/example/src -DROS_EDITION=ROS2 -DCMAKE_INSTALL_PREFIX=/home/alireza/thesis1/navigation_go2/go2_ws/install/unitree_ros2_example
[9.157s] DEBUG:colcon.colcon_core.event_handler.log_command:Invoking command in '/home/alireza/thesis1/navigation_go2/go2_ws/build/unitree_ros2_example': CMAKE_PREFIX_PATH=${CMAKE_PREFIX_PATH}:/opt/ros/foxy LD_LIBRARY_PATH=/home/alireza/thesis1/navigation_go2/go2_ws/install/unitree_hg/lib:/home/alireza/thesis1/navigation_go2/go2_ws/install/unitree_go/lib:/home/alireza/thesis1/navigation_go2/go2_ws/install/unitree_api/lib:/home/alireza/livox-sdk2/lib:/home/alireza/thesis1/navigation_go2/go2_ws/install/pointcloud_to_laserscan/lib:/home/alireza/thesis1/navigation_go2/go2_ws/install/livox_ros_driver2/lib:/usr/lib/x86_64-linux-gnu/gazebo-11/plugins:/opt/ros/foxy/opt/yaml_cpp_vendor/lib:/opt/ros/foxy/opt/rviz_ogre_vendor/lib:/opt/ros/foxy/lib/x86_64-linux-gnu:/opt/ros/foxy/lib /usr/bin/cmake --build /home/alireza/thesis1/navigation_go2/go2_ws/build/unitree_ros2_example -- -j8 -l8
[100.181s] DEBUG:colcon.colcon_core.event_handler.log_command:Invoked command in '/home/alireza/thesis1/navigation_go2/go2_ws/build/unitree_ros2_example' returned '0': CMAKE_PREFIX_PATH=${CMAKE_PREFIX_PATH}:/opt/ros/foxy LD_LIBRARY_PATH=/home/alireza/thesis1/navigation_go2/go2_ws/install/unitree_hg/lib:/home/alireza/thesis1/navigation_go2/go2_ws/install/unitree_go/lib:/home/alireza/thesis1/navigation_go2/go2_ws/install/unitree_api/lib:/home/alireza/livox-sdk2/lib:/home/alireza/thesis1/navigation_go2/go2_ws/install/pointcloud_to_laserscan/lib:/home/alireza/thesis1/navigation_go2/go2_ws/install/livox_ros_driver2/lib:/usr/lib/x86_64-linux-gnu/gazebo-11/plugins:/opt/ros/foxy/opt/yaml_cpp_vendor/lib:/opt/ros/foxy/opt/rviz_ogre_vendor/lib:/opt/ros/foxy/lib/x86_64-linux-gnu:/opt/ros/foxy/lib /usr/bin/cmake --build /home/alireza/thesis1/navigation_go2/go2_ws/build/unitree_ros2_example -- -j8 -l8
[100.184s] DEBUG:colcon.colcon_core.event_handler.log_command:Invoking command in '/home/alireza/thesis1/navigation_go2/go2_ws/build/unitree_ros2_example': CMAKE_PREFIX_PATH=${CMAKE_PREFIX_PATH}:/opt/ros/foxy LD_LIBRARY_PATH=/home/alireza/thesis1/navigation_go2/go2_ws/install/unitree_hg/lib:/home/alireza/thesis1/navigation_go2/go2_ws/install/unitree_go/lib:/home/alireza/thesis1/navigation_go2/go2_ws/install/unitree_api/lib:/home/alireza/livox-sdk2/lib:/home/alireza/thesis1/navigation_go2/go2_ws/install/pointcloud_to_laserscan/lib:/home/alireza/thesis1/navigation_go2/go2_ws/install/livox_ros_driver2/lib:/usr/lib/x86_64-linux-gnu/gazebo-11/plugins:/opt/ros/foxy/opt/yaml_cpp_vendor/lib:/opt/ros/foxy/opt/rviz_ogre_vendor/lib:/opt/ros/foxy/lib/x86_64-linux-gnu:/opt/ros/foxy/lib /usr/bin/cmake --install /home/alireza/thesis1/navigation_go2/go2_ws/build/unitree_ros2_example
[100.247s] Level 1:colcon.colcon_core.environment:create_environment_scripts_only(unitree_ros2_example)
[100.248s] Level 1:colcon.colcon_core.environment:checking '/home/alireza/thesis1/navigation_go2/go2_ws/install/unitree_ros2_example' for CMake module files
[100.248s] DEBUG:colcon.colcon_core.event_handler.log_command:Invoked command in '/home/alireza/thesis1/navigation_go2/go2_ws/build/unitree_ros2_example' returned '0': CMAKE_PREFIX_PATH=${CMAKE_PREFIX_PATH}:/opt/ros/foxy LD_LIBRARY_PATH=/home/alireza/thesis1/navigation_go2/go2_ws/install/unitree_hg/lib:/home/alireza/thesis1/navigation_go2/go2_ws/install/unitree_go/lib:/home/alireza/thesis1/navigation_go2/go2_ws/install/unitree_api/lib:/home/alireza/livox-sdk2/lib:/home/alireza/thesis1/navigation_go2/go2_ws/install/pointcloud_to_laserscan/lib:/home/alireza/thesis1/navigation_go2/go2_ws/install/livox_ros_driver2/lib:/usr/lib/x86_64-linux-gnu/gazebo-11/plugins:/opt/ros/foxy/opt/yaml_cpp_vendor/lib:/opt/ros/foxy/opt/rviz_ogre_vendor/lib:/opt/ros/foxy/lib/x86_64-linux-gnu:/opt/ros/foxy/lib /usr/bin/cmake --install /home/alireza/thesis1/navigation_go2/go2_ws/build/unitree_ros2_example
[100.249s] Level 1:colcon.colcon_core.environment:checking '/home/alireza/thesis1/navigation_go2/go2_ws/install/unitree_ros2_example' for CMake config files
[100.249s] Level 1:colcon.colcon_core.shell:create_environment_hook('unitree_ros2_example', 'cmake_prefix_path')
[100.250s] INFO:colcon.colcon_core.shell:Creating environment hook '/home/alireza/thesis1/navigation_go2/go2_ws/install/unitree_ros2_example/share/unitree_ros2_example/hook/cmake_prefix_path.ps1'
[100.250s] INFO:colcon.colcon_core.shell:Creating environment descriptor '/home/alireza/thesis1/navigation_go2/go2_ws/install/unitree_ros2_example/share/unitree_ros2_example/hook/cmake_prefix_path.dsv'
[100.251s] INFO:colcon.colcon_core.shell:Creating environment hook '/home/alireza/thesis1/navigation_go2/go2_ws/install/unitree_ros2_example/share/unitree_ros2_example/hook/cmake_prefix_path.sh'
[100.252s] Level 1:colcon.colcon_core.environment:checking '/home/alireza/thesis1/navigation_go2/go2_ws/install/unitree_ros2_example/bin'
[100.252s] Level 1:colcon.colcon_core.shell:create_environment_hook('unitree_ros2_example', 'path')
[100.252s] INFO:colcon.colcon_core.shell:Creating environment hook '/home/alireza/thesis1/navigation_go2/go2_ws/install/unitree_ros2_example/share/unitree_ros2_example/hook/path.ps1'
[100.253s] INFO:colcon.colcon_core.shell:Creating environment descriptor '/home/alireza/thesis1/navigation_go2/go2_ws/install/unitree_ros2_example/share/unitree_ros2_example/hook/path.dsv'
[100.253s] INFO:colcon.colcon_core.shell:Creating environment hook '/home/alireza/thesis1/navigation_go2/go2_ws/install/unitree_ros2_example/share/unitree_ros2_example/hook/path.sh'
[100.254s] Level 1:colcon.colcon_core.environment:checking '/home/alireza/thesis1/navigation_go2/go2_ws/install/unitree_ros2_example/lib/pkgconfig/unitree_ros2_example.pc'
[100.254s] Level 1:colcon.colcon_core.environment:checking '/home/alireza/thesis1/navigation_go2/go2_ws/install/unitree_ros2_example/lib/python3.8/site-packages'
[100.255s] Level 1:colcon.colcon_core.environment:checking '/home/alireza/thesis1/navigation_go2/go2_ws/install/unitree_ros2_example/bin'
[100.255s] Level 1:colcon.colcon_core.shell:create_environment_hook('unitree_ros2_example', 'pythonscriptspath')
[100.255s] INFO:colcon.colcon_core.shell:Creating environment hook '/home/alireza/thesis1/navigation_go2/go2_ws/install/unitree_ros2_example/share/unitree_ros2_example/hook/pythonscriptspath.ps1'
[100.256s] INFO:colcon.colcon_core.shell:Creating environment descriptor '/home/alireza/thesis1/navigation_go2/go2_ws/install/unitree_ros2_example/share/unitree_ros2_example/hook/pythonscriptspath.dsv'
[100.256s] INFO:colcon.colcon_core.shell:Creating environment hook '/home/alireza/thesis1/navigation_go2/go2_ws/install/unitree_ros2_example/share/unitree_ros2_example/hook/pythonscriptspath.sh'
[100.258s] INFO:colcon.colcon_core.shell:Creating package script '/home/alireza/thesis1/navigation_go2/go2_ws/install/unitree_ros2_example/share/unitree_ros2_example/package.ps1'
[100.259s] INFO:colcon.colcon_core.shell:Creating package descriptor '/home/alireza/thesis1/navigation_go2/go2_ws/install/unitree_ros2_example/share/unitree_ros2_example/package.dsv'
[100.260s] INFO:colcon.colcon_core.shell:Creating package script '/home/alireza/thesis1/navigation_go2/go2_ws/install/unitree_ros2_example/share/unitree_ros2_example/package.sh'
[100.260s] INFO:colcon.colcon_core.shell:Creating package script '/home/alireza/thesis1/navigation_go2/go2_ws/install/unitree_ros2_example/share/unitree_ros2_example/package.bash'
[100.261s] INFO:colcon.colcon_core.shell:Creating package script '/home/alireza/thesis1/navigation_go2/go2_ws/install/unitree_ros2_example/share/unitree_ros2_example/package.zsh'
[100.261s] Level 1:colcon.colcon_core.environment:create_file_with_runtime_dependencies(/home/alireza/thesis1/navigation_go2/go2_ws/install/unitree_ros2_example/share/colcon-core/packages/unitree_ros2_example)
[100.262s] Level 1:colcon.colcon_core.environment:create_environment_scripts_only(unitree_ros2_example)
[100.263s] Level 1:colcon.colcon_core.environment:checking '/home/alireza/thesis1/navigation_go2/go2_ws/install/unitree_ros2_example' for CMake module files
[100.264s] Level 1:colcon.colcon_core.environment:checking '/home/alireza/thesis1/navigation_go2/go2_ws/install/unitree_ros2_example' for CMake config files
[100.264s] Level 1:colcon.colcon_core.shell:create_environment_hook('unitree_ros2_example', 'cmake_prefix_path')
[100.264s] INFO:colcon.colcon_core.shell:Creating environment hook '/home/alireza/thesis1/navigation_go2/go2_ws/install/unitree_ros2_example/share/unitree_ros2_example/hook/cmake_prefix_path.ps1'
[100.265s] INFO:colcon.colcon_core.shell:Creating environment descriptor '/home/alireza/thesis1/navigation_go2/go2_ws/install/unitree_ros2_example/share/unitree_ros2_example/hook/cmake_prefix_path.dsv'
[100.265s] INFO:colcon.colcon_core.shell:Creating environment hook '/home/alireza/thesis1/navigation_go2/go2_ws/install/unitree_ros2_example/share/unitree_ros2_example/hook/cmake_prefix_path.sh'
[100.266s] Level 1:colcon.colcon_core.environment:checking '/home/alireza/thesis1/navigation_go2/go2_ws/install/unitree_ros2_example/bin'
[100.266s] Level 1:colcon.colcon_core.shell:create_environment_hook('unitree_ros2_example', 'path')
[100.267s] INFO:colcon.colcon_core.shell:Creating environment hook '/home/alireza/thesis1/navigation_go2/go2_ws/install/unitree_ros2_example/share/unitree_ros2_example/hook/path.ps1'
[100.267s] INFO:colcon.colcon_core.shell:Creating environment descriptor '/home/alireza/thesis1/navigation_go2/go2_ws/install/unitree_ros2_example/share/unitree_ros2_example/hook/path.dsv'
[100.268s] INFO:colcon.colcon_core.shell:Creating environment hook '/home/alireza/thesis1/navigation_go2/go2_ws/install/unitree_ros2_example/share/unitree_ros2_example/hook/path.sh'
[100.269s] Level 1:colcon.colcon_core.environment:checking '/home/alireza/thesis1/navigation_go2/go2_ws/install/unitree_ros2_example/lib/pkgconfig/unitree_ros2_example.pc'
[100.269s] Level 1:colcon.colcon_core.environment:checking '/home/alireza/thesis1/navigation_go2/go2_ws/install/unitree_ros2_example/lib/python3.8/site-packages'
[100.269s] Level 1:colcon.colcon_core.environment:checking '/home/alireza/thesis1/navigation_go2/go2_ws/install/unitree_ros2_example/bin'
[100.270s] Level 1:colcon.colcon_core.shell:create_environment_hook('unitree_ros2_example', 'pythonscriptspath')
[100.270s] INFO:colcon.colcon_core.shell:Creating environment hook '/home/alireza/thesis1/navigation_go2/go2_ws/install/unitree_ros2_example/share/unitree_ros2_example/hook/pythonscriptspath.ps1'
[100.270s] INFO:colcon.colcon_core.shell:Creating environment descriptor '/home/alireza/thesis1/navigation_go2/go2_ws/install/unitree_ros2_example/share/unitree_ros2_example/hook/pythonscriptspath.dsv'
[100.271s] INFO:colcon.colcon_core.shell:Creating environment hook '/home/alireza/thesis1/navigation_go2/go2_ws/install/unitree_ros2_example/share/unitree_ros2_example/hook/pythonscriptspath.sh'
[100.272s] INFO:colcon.colcon_core.shell:Creating package script '/home/alireza/thesis1/navigation_go2/go2_ws/install/unitree_ros2_example/share/unitree_ros2_example/package.ps1'
[100.273s] INFO:colcon.colcon_core.shell:Creating package descriptor '/home/alireza/thesis1/navigation_go2/go2_ws/install/unitree_ros2_example/share/unitree_ros2_example/package.dsv'
[100.274s] INFO:colcon.colcon_core.shell:Creating package script '/home/alireza/thesis1/navigation_go2/go2_ws/install/unitree_ros2_example/share/unitree_ros2_example/package.sh'
[100.275s] INFO:colcon.colcon_core.shell:Creating package script '/home/alireza/thesis1/navigation_go2/go2_ws/install/unitree_ros2_example/share/unitree_ros2_example/package.bash'
[100.276s] INFO:colcon.colcon_core.shell:Creating package script '/home/alireza/thesis1/navigation_go2/go2_ws/install/unitree_ros2_example/share/unitree_ros2_example/package.zsh'
[100.276s] Level 1:colcon.colcon_core.environment:create_file_with_runtime_dependencies(/home/alireza/thesis1/navigation_go2/go2_ws/install/unitree_ros2_example/share/colcon-core/packages/unitree_ros2_example)
[100.277s] DEBUG:colcon.colcon_parallel_executor.executor.parallel:closing loop
[100.277s] DEBUG:colcon.colcon_parallel_executor.executor.parallel:loop closed
[100.278s] DEBUG:colcon.colcon_parallel_executor.executor.parallel:run_until_complete finished with '0'
[100.278s] DEBUG:colcon.colcon_core.event_reactor:joining thread
[100.283s] INFO:colcon.colcon_core.plugin_system:Skipping extension 'colcon_notification.desktop_notification.terminal_notifier': Not used on non-Darwin systems
[100.283s] INFO:colcon.colcon_core.plugin_system:Skipping extension 'colcon_notification.desktop_notification.win32': Not used on non-Windows systems
[100.283s] INFO:colcon.colcon_notification.desktop_notification:Sending desktop notification using 'notify2'
[100.300s] DEBUG:colcon.colcon_core.event_reactor:joined thread
[100.300s] INFO:colcon.colcon_core.shell:Creating prefix script '/home/alireza/thesis1/navigation_go2/go2_ws/install/local_setup.ps1'
[100.301s] INFO:colcon.colcon_core.shell:Creating prefix util module '/home/alireza/thesis1/navigation_go2/go2_ws/install/_local_setup_util_ps1.py'
[100.303s] INFO:colcon.colcon_core.shell:Creating prefix chain script '/home/alireza/thesis1/navigation_go2/go2_ws/install/setup.ps1'
[100.304s] INFO:colcon.colcon_core.shell:Creating prefix script '/home/alireza/thesis1/navigation_go2/go2_ws/install/local_setup.sh'
[100.305s] INFO:colcon.colcon_core.shell:Creating prefix util module '/home/alireza/thesis1/navigation_go2/go2_ws/install/_local_setup_util_sh.py'
[100.306s] INFO:colcon.colcon_core.shell:Creating prefix chain script '/home/alireza/thesis1/navigation_go2/go2_ws/install/setup.sh'
[100.307s] INFO:colcon.colcon_core.shell:Creating prefix script '/home/alireza/thesis1/navigation_go2/go2_ws/install/local_setup.bash'
[100.308s] INFO:colcon.colcon_core.shell:Creating prefix chain script '/home/alireza/thesis1/navigation_go2/go2_ws/install/setup.bash'
[100.309s] INFO:colcon.colcon_core.shell:Creating prefix script '/home/alireza/thesis1/navigation_go2/go2_ws/install/local_setup.zsh'
[100.312s] INFO:colcon.colcon_core.shell:Creating prefix chain script '/home/alireza/thesis1/navigation_go2/go2_ws/install/setup.zsh'
